crop,year,season,state,area,production,fertilizer,pesticide,yield
maize,1997,Kharif     ,Assam,19216.0,14721,1828786.72,5956.96,0.615652174
potato,1997,Whole Year ,Assam,75259.0,671871,7162399.03,23330.29,7.561304348
rice,1997,Autumn     ,Assam,607358.0,398311,57802260.86,188280.98,0.780869565
rice,1997,Summer     ,Assam,174974.0,209623,16652275.58,54241.94,1.060434783
rice,1997,Winter     ,Assam,1743321.0,1647296,165911859.6,540429.51,0.941304348
potato,1997,Whole Year ,Assam,9380.0,32618,892694.6,2907.8,3.440434783
maize,1997,Kharif     ,Karnataka,502797.0,1391132,47851190.49,155867.07,2.687777778
maize,1997,Rabi       ,Karnataka,48844.0,98932,4648483.48,15141.64,1.98
maize,1997,Summer     ,Karnataka,9730.0,20893,926004.1,3016.3,2.165714286
rice,1997,Kharif     ,Karnataka,1031530.0,2340493,98170710.1,319774.3,2.2335
rice,1997,Rabi       ,Karnataka,53889.0,109350,5128616.13,16705.59,2.073846154
rice,1997,Summer     ,Karnataka,268044.0,762759,25509747.48,83093.64,2.829444444
maize,1997,Kharif     ,Meghalaya,17175.0,24878,1634544.75,5324.25,1.444285714
potato,1997,Whole Year ,Meghalaya,20764.0,200509,1976109.88,6436.84,8.641428571
rice,1997,Kharif     ,Meghalaya,105170.0,150101,10009028.9,32602.7,1.378571429
potato,1997,Whole Year ,Meghalaya,5212.0,16978,496026.04,1615.72,3.221428571
maize,1997,Whole Year ,West Bengal,35469.0,130390,3375584.73,10995.39,2.658461538
potato,1997,Whole Year ,West Bengal,284015.0,5581553,27029707.55,88044.65,18.23722222
rice,1997,Autumn     ,West Bengal,423121.0,751970,40268425.57,131167.51,1.837222222
rice,1997,Summer     ,West Bengal,1206829.0,3569520,114853915.9,374116.99,2.843888889
rice,1997,Winter     ,West Bengal,4270328.0,8915100,406407115.8,1323801.68,1.985555556
rice,1998,Kharif     ,Puducherry,4945.0,11518,488566.0,1434.05,2.46
rice,1998,Rabi       ,Puducherry,13961.0,30220,1379346.8,4048.69,2.555
rice,1998,Summer     ,Puducherry,5716.0,14863,564740.8,1657.64,2.55
maize,1998,Kharif     ,Assam,19810.0,13965,1957228.0,5744.9,0.608695652
potato,1998,Whole Year ,Assam,76958.0,611077,7603450.4,22317.82,7.230434783
rice,1998,Autumn     ,Assam,594979.0,520605,58783925.2,172543.91,1.055652174
rice,1998,Summer     ,Assam,223913.0,446114,22122604.4,64934.77,1.685217391
rice,1998,Winter     ,Assam,1635230.0,2288114,161560724.0,474216.7,1.395652174
potato,1998,Whole Year ,Assam,9433.0,32437,931980.4,2735.57,3.435652174
rice,1998,Kharif     ,Goa,41000.0,104249,4050800.0,11890.0,2.54
rice,1998,Rabi       ,Goa,15439.0,46925,1525373.2,4477.31,3.04
maize,1998,Kharif     ,Karnataka,450472.0,1542607,44506633.6,130636.88,3.366
maize,1998,Rabi       ,Karnataka,49922.0,101605,4932293.6,14477.38,1.97952381
maize,1998,Summer     ,Karnataka,11974.0,27080,1183031.2,3472.46,2.241904762
potato,1998,Kharif     ,Karnataka,28755.0,317052,2840994.0,8338.95,12.37333333
potato,1998,Rabi       ,Karnataka,4173.0,82124,412292.4,1210.17,18.90714286
potato,1998,Summer     ,Karnataka,1137.0,19387,112335.6,329.73,17.6
potato,1998,Whole Year ,Karnataka,268.0,3910,26478.4,77.72,14.59
rice,1998,Kharif     ,Karnataka,1079193.0,2599170,106624268.4,312965.97,2.310740741
rice,1998,Rabi       ,Karnataka,51782.0,106072,5116061.6,15016.78,2.054285714
rice,1998,Summer     ,Karnataka,295830.0,951569,29228004.0,85790.7,2.99375
rice,1998,Autumn     ,Kerala,120217.0,235849,11877439.6,34862.93,1.856923077
rice,1998,Summer     ,Kerala,57700.0,144872,5700760.0,16733.0,2.116153846
rice,1998,Winter     ,Kerala,174714.0,346022,17261743.2,50667.06,1.937142857
potato,1998,Whole Year ,Kerala,1099.0,11924,108581.2,318.71,11.718
maize,1998,Kharif     ,Meghalaya,17219.0,25272,1701237.2,4993.51,1.457142857
potato,1998,Whole Year ,Meghalaya,20753.0,201059,2050396.4,6018.37,7.738571429
rice,1998,Kharif     ,Meghalaya,105402.0,149742,10413717.6,30566.58,1.51
potato,1998,Whole Year ,Meghalaya,5181.0,17291,511882.8,1502.49,3.302857143
maize,1998,Kharif     ,West Bengal,38519.0,121161,3805677.2,11170.51,2.634
potato,1998,Whole Year ,West Bengal,318199.0,6689636,31438061.2,92277.71,18.95944444
rice,1998,Autumn     ,West Bengal,425002.0,740688,41990197.6,123250.58,1.751111111
rice,1998,Summer     ,West Bengal,1450473.0,4921984,143306732.4,420637.17,3.22
rice,1998,Winter     ,West Bengal,4028620.0,7653780,398027656.0,1168299.8,1.781666667
maize,1999,Kharif     ,Assam,19708.0,14056,2091610.04,5321.16,0.613913043
potato,1999,Whole Year ,Assam,76748.0,699744,8145265.24,20721.96,8.062608696
rice,1999,Autumn     ,Assam,557220.0,514156,59137758.6,150449.4,1.094782609
rice,1999,Summer     ,Assam,294654.0,653783,31271629.02,79556.58,1.990434783
rice,1999,Winter     ,Assam,1793994.0,2692709,190396583.2,484378.38,1.501304348
potato,1999,Whole Year ,Assam,8955.0,30979,950394.15,2417.85,3.409130435
rice,1999,Kharif     ,Goa,40500.0,96281,4298265.0,10935.0,2.38
rice,1999,Rabi       ,Goa,16213.0,43642,1720685.69,4377.51,2.69
rice,1999,Autumn     ,Kerala,121525.0,252876,12897448.25,32811.75,2.081538462
rice,1999,Summer     ,Kerala,58021.0,144551,6157768.73,15665.67,2.292857143
rice,1999,Winter     ,Kerala,170228.0,373259,18066297.64,45961.56,2.097142857
potato,1999,Whole Year ,Kerala,989.0,10698,104962.57,267.03,11.79636364
maize,1999,Kharif     ,Meghalaya,16637.0,24051,1765684.81,4491.99,1.448571429
potato,1999,Whole Year ,Meghalaya,18339.0,143287,1946318.07,4951.53,6.858571429
rice,1999,Kharif     ,Meghalaya,102482.0,156887,10876414.66,27670.14,1.605714286
rice,1999,Rabi       ,Meghalaya,3929.0,13846,416984.77,1060.83,1.755714286
potato,1999,Whole Year ,Meghalaya,5220.0,17591,553998.6,1409.4,3.415714286
rice,1999,Kharif     ,Puducherry,25444.0,59433,2700371.72,6869.88,2.61
maize,1999,Kharif     ,West Bengal,35129.0,69682,3728240.77,9484.83,1.941538462
potato,1999,Summer     ,West Bengal,2478.0,33214,262990.14,669.06,13.4
potato,1999,Winter     ,West Bengal,313373.0,7449103,33258276.49,84610.71,20.56777778
rice,1999,Autumn     ,West Bengal,427155.0,827970,45333960.15,115331.85,1.868888889
rice,1999,Summer     ,West Bengal,1474338.0,4468400,156471491.9,398071.26,2.897222222
rice,1999,Winter     ,West Bengal,4248946.0,8463310,450940639.0,1147215.42,1.906666667
maize,2000,Kharif     ,Andhra Pradesh,430544.0,1107165,42266504.48,111941.44,2.564545455
maize,2000,Rabi       ,Andhra Pradesh,97123.0,473602,9534564.91,25251.98,5.019545455
potato,2000,Whole Year ,Andhra Pradesh,2489.0,14618,244345.13,647.14,6.14375
rice,2000,Kharif     ,Andhra Pradesh,3003673.0,8233806,294870578.4,780954.98,2.7
rice,2000,Rabi       ,Andhra Pradesh,1239053.0,4224208,121637833.0,322153.78,2.939090909
potato,2000,Whole Year ,Andhra Pradesh,1938.0,25467,190253.46,503.88,13.93277778
maize,2000,Kharif     ,Assam,20241.0,14616,1987058.97,5262.66,0.605652174
potato,2000,Whole Year ,Assam,80504.0,668457,7903077.68,20931.04,7.459565217
rice,2000,Autumn     ,Assam,539665.0,557764,52978913.05,140312.9,1.197826087
rice,2000,Summer     ,Assam,329255.0,681027,32322963.35,85606.3,1.825217391
rice,2000,Winter     ,Assam,1777257.0,2759652,174473319.7,462086.82,1.581304348
potato,2000,Whole Year ,Assam,8757.0,30351,859674.69,2276.82,3.435217391
rice,2000,Kharif     ,Goa,41000.0,96568,4024970.0,10660.0,2.36
rice,2000,Rabi       ,Goa,16207.0,45555,1591041.19,4213.82,2.81
maize,2000,Kharif     ,Karnataka,599893.0,1961879,58891495.81,155972.18,3.1712
maize,2000,Rabi       ,Karnataka,57797.0,142674,5673931.49,15027.22,2.397368421
maize,2000,Summer     ,Karnataka,11165.0,31091,1096068.05,2902.9,2.774761905
potato,2000,Whole Year ,Karnataka,38298.0,452462,3759714.66,9957.48,11.70933333
rice,2000,Kharif     ,Karnataka,1120549.0,2792657,110004295.3,291342.74,2.357407407
rice,2000,Rabi       ,Karnataka,52005.0,106335,5105330.85,13521.3,2.064615385
rice,2000,Summer     ,Karnataka,310892.0,947744,30520267.64,80831.92,2.751304348
potato,2000,Whole Year ,Karnataka,3501.0,25771,343693.17,910.26,6.222142857
rice,2000,Autumn     ,Kerala,129752.0,260306,12737753.84,33735.52,1.938461538
rice,2000,Summer     ,Kerala,55258.0,154606,5424677.86,14367.08,2.23
rice,2000,Winter     ,Kerala,162445.0,336416,15947225.65,42235.7,2.042857143
potato,2000,Whole Year ,Kerala,816.0,8963,80106.72,212.16,11.46615385
maize,2000,Kharif     ,Meghalaya,16906.0,24250,1659662.02,4395.56,1.437142857
potato,2000,Whole Year ,Meghalaya,18318.0,144292,1798278.06,4762.68,6.954285714
rice,2000,Kharif     ,Meghalaya,102657.0,165907,10077837.69,26690.82,1.681428571
rice,2000,Rabi       ,Meghalaya,4003.0,13135,392974.51,1040.78,1.744285714
potato,2000,Whole Year ,Meghalaya,5143.0,17363,504888.31,1337.18,3.431428571
rice,2000,Kharif     ,Puducherry,42779.0,103606,4199614.43,11122.54,2.605
maize,2000,Kharif     ,West Bengal,35267.0,88264,3462161.39,9169.42,2.568571429
potato,2000,Whole Year ,West Bengal,299664.0,7673130,29418014.88,77912.64,22.39388889
rice,2000,Autumn     ,West Bengal,393944.0,683950,38673482.48,102425.44,1.648333333
rice,2000,Summer     ,West Bengal,1401841.0,4541328,137618731.0,364478.66,3.021111111
rice,2000,Winter     ,West Bengal,3639538.0,7202760,357293445.5,946279.88,1.876111111
maize,2001,Kharif     ,Andhra Pradesh,337533.0,986011,34472245.29,87758.58,2.801818182
maize,2001,Rabi       ,Andhra Pradesh,90752.0,470744,9268501.76,23595.52,5.592857143
potato,2001,Whole Year ,Andhra Pradesh,2348.0,14653,239801.24,610.48,5.85
rice,2001,Kharif     ,Andhra Pradesh,2426073.0,6500545,247774835.5,630778.98,2.627272727
rice,2001,Rabi       ,Andhra Pradesh,1398674.0,4889246,142846575.6,363655.24,3.025909091
potato,2001,Whole Year ,Andhra Pradesh,1945.0,25810,198642.85,505.7,14.05764706
maize,2001,Kharif     ,Assam,19600.0,13940,2001748.0,5096.0,0.608695652
potato,2001,Whole Year ,Assam,80056.0,620571,8176119.28,20814.56,7.350869565
rice,2001,Autumn     ,Assam,495698.0,487719,50625636.74,128881.48,1.120434783
rice,2001,Summer     ,Assam,325987.0,653036,33293052.31,84756.62,1.806521739
rice,2001,Winter     ,Assam,1714736.0,2713493,175125987.7,445831.36,1.600434783
potato,2001,Whole Year ,Assam,8343.0,28665,852070.59,2169.18,3.326956522
rice,2001,Kharif     ,Goa,32746.0,79071,3344348.98,8513.96,2.41
rice,2001,Rabi       ,Goa,16637.0,47452,1699136.81,4325.62,2.85
maize,2001,Kharif     ,Karnataka,505574.0,1274858,51634272.62,131449.24,2.663333333
maize,2001,Rabi       ,Karnataka,65189.0,152769,6657752.57,16949.14,2.279
maize,2001,Summer     ,Karnataka,9272.0,23960,946949.36,2410.72,2.6265
potato,2001,Whole Year ,Karnataka,39156.0,473407,3999002.28,10180.56,12.815
rice,2001,Kharif     ,Karnataka,1087967.0,2393946,111114069.7,282871.42,2.154814815
rice,2001,Rabi       ,Karnataka,53480.0,99699,5461912.4,13904.8,1.840714286
rice,2001,Summer     ,Karnataka,276277.0,740400,28216170.01,71832.02,2.4368
rice,2001,Autumn     ,Kerala,116540.0,235838,11902230.2,30300.4,1.886923077
rice,2001,Summer     ,Kerala,43850.0,105032,4478400.5,11401.0,2.151428571
rice,2001,Winter     ,Kerala,161978.0,362634,16542813.14,42114.28,2.153571429
potato,2001,Whole Year ,Kerala,747.0,8672,76291.11,194.22,11.49153846
maize,2001,Kharif     ,Meghalaya,16866.0,25247,1722524.58,4385.16,1.471428571
potato,2001,Whole Year ,Meghalaya,18151.0,159032,1853761.63,4719.26,7.288571429
rice,2001,Kharif     ,Meghalaya,107761.0,188971,11005630.93,28017.86,1.751428571
potato,2001,Whole Year ,Meghalaya,4942.0,16627,504726.46,1284.92,3.447142857
rice,2001,Kharif     ,Puducherry,26263.0,66868,2682240.19,6828.38,2.415
maize,2001,Kharif     ,West Bengal,33288.0,86409,3399703.44,8654.88,2.314285714
potato,2001,Whole Year ,West Bengal,299821.0,7822363,30620718.73,77953.46,21.95444444
rice,2001,Autumn     ,West Bengal,353048.0,731778,36056792.24,91792.48,2.094705882
rice,2001,Summer     ,West Bengal,1366273.0,4166145,139537461.5,355230.98,2.788823529
rice,2001,Winter     ,West Bengal,3783766.0,8917625,386436021.6,983779.16,2.235294118
maize,2002,Kharif     ,Andhra Pradesh,413659.0,912047,39161097.53,103414.75,1.491363636
maize,2002,Rabi       ,Andhra Pradesh,111990.0,573695,10602093.3,27997.5,5.602272727
potato,2002,Whole Year ,Andhra Pradesh,2672.0,18677,252958.24,668.0,6.946666667
rice,2002,Kharif     ,Andhra Pradesh,2109301.0,5054013,199687525.7,527325.25,2.202727273
rice,2002,Rabi       ,Andhra Pradesh,712766.0,2272773,67477557.22,178191.5,2.533636364
potato,2002,Whole Year ,Andhra Pradesh,1286.0,13380,121745.62,321.5,11.29588235
maize,2002,Kharif     ,Assam,19812.0,14194,1875602.04,4953.0,0.606086957
potato,2002,Whole Year ,Assam,75486.0,589916,7146259.62,18871.5,7.566956522
rice,2002,Autumn     ,Assam,464497.0,444884,43973930.99,116124.25,1.076521739
rice,2002,Summer     ,Assam,327468.0,622358,31001395.56,81867.0,1.794347826
rice,2002,Winter     ,Assam,1748715.0,2670560,165550849.1,437178.75,1.545652174
potato,2002,Whole Year ,Assam,8243.0,28460,780364.81,2060.75,3.405652174
rice,2002,Kharif     ,Goa,33728.0,90072,3193029.76,8432.0,2.67
rice,2002,Rabi       ,Goa,16441.0,44695,1556469.47,4110.25,2.72
rice,2002,Autumn     ,Kerala,112438.0,233217,10644505.46,28109.5,2.130769231
rice,2002,Summer     ,Kerala,41079.0,111850,3888948.93,10269.75,2.212142857
rice,2002,Winter     ,Kerala,157004.0,343792,14863568.68,39251.0,2.123571429
potato,2002,Whole Year ,Kerala,850.0,10463,80469.5,212.5,11.46928571
maize,2002,Kharif     ,Tamil Nadu,121057.0,191646,11460466.19,30264.25,1.806956522
potato,2002,Whole Year ,Tamil Nadu,4537.0,73362,429517.79,1134.25,18.3475
rice,2002,Kharif     ,Tamil Nadu,1516537.0,3577108,143570557.8,379134.25,2.884642857
potato,2002,Whole Year ,Tamil Nadu,814.0,11121,77061.38,203.5,13.8292
maize,2002,Kharif     ,West Bengal,27724.0,55300,2624631.08,6931.0,1.895384615
potato,2002,Summer     ,West Bengal,2395.0,30807,226734.65,598.75,12.86
potato,2002,Winter     ,West Bengal,346906.0,6871659,32841591.02,86726.5,20.73388889
rice,2002,Autumn     ,West Bengal,384965.0,796652,36444636.55,96241.25,2.092777778
rice,2002,Summer     ,West Bengal,1406078.0,4198595,133113404.3,351519.5,2.747777778
rice,2002,Winter     ,West Bengal,4051084.0,9393991,383516122.3,1012771.0,2.221666667
maize,2003,Kharif     ,Andhra Pradesh,557812.0,1671502,55212231.76,133874.88,2.420909091
maize,2003,Rabi       ,Andhra Pradesh,162802.0,805284,16114141.96,39072.48,5.081818182
potato,2003,Whole Year ,Andhra Pradesh,2648.0,24049,262099.04,635.52,9.045
rice,2003,Kharif     ,Andhra Pradesh,2108904.0,5841539,208739317.9,506136.96,2.670909091
rice,2003,Rabi       ,Andhra Pradesh,865734.0,3111263,85690351.32,207776.16,2.729090909
potato,2003,Whole Year ,Andhra Pradesh,1263.0,9130,125011.74,303.12,7.32
maize,2003,Kharif     ,Assam,19569.0,14051,1936939.62,4696.56,0.607391304
potato,2003,Whole Year ,Assam,77894.0,543070,7709948.12,18694.56,6.471304348
rice,2003,Autumn     ,Assam,441143.0,430374,43664334.14,105874.32,1.118695652
rice,2003,Summer     ,Assam,319480.0,573189,31622130.4,76675.2,1.493913043
rice,2003,Winter     ,Assam,1769203.0,2877371,175115712.9,424608.72,1.618695652
potato,2003,Whole Year ,Assam,8194.0,28384,811042.12,1966.56,3.412173913
rice,2003,Kharif     ,Goa,35471.0,115996,3510919.58,8513.04,3.27
rice,2003,Rabi       ,Goa,17330.0,54665,1715323.4,4159.2,3.15
maize,2003,Kharif     ,Karnataka,545546.0,1066107,53998143.08,130931.04,2.3356
maize,2003,Rabi       ,Karnataka,64199.0,123529,6354417.02,15407.76,1.943478261
maize,2003,Summer     ,Karnataka,8428.0,20264,834203.44,2022.72,2.470909091
potato,2003,Whole Year ,Karnataka,53076.0,342752,5253462.48,12738.24,9.008666667
rice,2003,Kharif     ,Karnataka,944272.0,2100123,93464042.56,226625.28,2.133333333
rice,2003,Rabi       ,Karnataka,54629.0,158046,5407178.42,13110.96,2.892
rice,2003,Summer     ,Karnataka,74998.0,292230,7423302.04,17999.52,3.8768
potato,2003,Whole Year ,Karnataka,3580.0,28718,354348.4,859.2,6.229333333
rice,2003,Autumn     ,Kerala,102770.0,220132,10172174.6,24664.8,2.140769231
rice,2003,Summer     ,Kerala,37186.0,83239,3680670.28,8924.64,1.845
rice,2003,Winter     ,Kerala,147384.0,266674,14588068.32,35372.16,1.960714286
potato,2003,Whole Year ,Kerala,1002.0,11981,99177.96,240.48,11.52307692
maize,2003,Kharif     ,Meghalaya,16900.0,25929,1672762.0,4056.0,1.528571429
potato,2003,Whole Year ,Meghalaya,18035.0,149428,1785104.3,4328.4,7.241428571
rice,2003,Kharif     ,Meghalaya,109721.0,200703,10860184.58,26333.04,1.798571429
potato,2003,Whole Year ,Meghalaya,4853.0,16016,480349.94,1164.72,3.395714286
rice,2003,Kharif     ,Puducherry,25065.0,67003,2480933.7,6015.6,2.993333333
maize,2003,Kharif     ,Tamil Nadu,160159.0,250992,15852537.82,38438.16,1.7856
potato,2003,Whole Year ,Tamil Nadu,4341.0,70103,429672.18,1041.84,17.054
rice,2003,Kharif     ,Tamil Nadu,1396651.0,3222776,138240516.0,335196.24,2.728214286
potato,2003,Whole Year ,Tamil Nadu,1039.0,15049,102840.22,249.36,14.55
maize,2003,Kharif     ,West Bengal,55530.0,126059,5496359.4,13327.2,2.133333333
potato,2003,Whole Year ,West Bengal,308425.0,7621635,30527906.5,74022.0,21.86777778
rice,2003,Autumn     ,West Bengal,339753.0,719205,33628751.94,81540.72,2.131666667
rice,2003,Summer     ,West Bengal,1390148.0,4289454,137596849.0,333635.52,2.879444444
rice,2003,Winter     ,West Bengal,4126706.0,9653580,408461359.9,990409.44,2.283333333
maize,2004,Kharif     ,Karnataka,783835.0,2310082,84920683.9,164605.35,3.0068
maize,2004,Rabi       ,Karnataka,57478.0,171589,6227166.52,12070.38,2.84826087
maize,2004,Summer     ,Karnataka,9056.0,27678,981127.04,1901.76,3.007826087
potato,2004,Whole Year ,Karnataka,51937.0,360759,5626854.58,10906.77,10.17875
rice,2004,Kharif     ,Karnataka,1055061.0,2627561,114305308.7,221562.81,2.37
rice,2004,Rabi       ,Karnataka,43861.0,144235,4751900.74,9210.81,3.388666667
rice,2004,Summer     ,Karnataka,209257.0,935326,22670903.38,43943.97,4.251666667
potato,2004,Whole Year ,Karnataka,3583.0,29199,388182.22,752.43,6.102142857
rice,2004,Autumn     ,Kerala,105349.0,241824,11413510.66,22123.29,2.271538462
rice,2004,Summer     ,Kerala,35732.0,89752,3871204.88,7503.72,2.256923077
rice,2004,Winter     ,Kerala,148893.0,335529,16131067.62,31267.53,2.175714286
potato,2004,Whole Year ,Kerala,836.0,10013,90572.24,175.56,11.52769231
maize,2004,Kharif     ,Meghalaya,16875.0,24000,1828237.5,3543.75,1.465714286
potato,2004,Whole Year ,Meghalaya,17287.0,141622,1872873.58,3630.27,7.178571429
rice,2004,Autumn     ,Meghalaya,32667.0,37766,3539142.78,6860.07,1.492857143
rice,2004,Summer     ,Meghalaya,9224.0,37439,999328.16,1937.04,2.078333333
rice,2004,Winter     ,Meghalaya,69659.0,118514,7546856.06,14628.39,1.792857143
potato,2004,Kharif     ,Meghalaya,4974.0,16172,538883.16,1044.54,3.352857143
potato,2004,Whole Year ,Meghalaya,4974.0,16172,538883.16,1044.54,3.352857143
maize,2004,Kharif     ,Tamil Nadu,189893.0,294717,20573007.62,39877.53,1.758846154
potato,2004,Whole Year ,Tamil Nadu,5034.0,79060,545383.56,1057.14,16.0325
rice,2004,Kharif     ,Tamil Nadu,1872822.0,5061622,202901535.5,393292.62,3.015172414
potato,2004,Whole Year ,Tamil Nadu,1397.0,21118,151350.98,293.37,14.9992
maize,2005,Kharif     ,Andhra Pradesh,593135.0,2098190,71128749.2,124558.35,3.803636364
maize,2005,Rabi       ,Andhra Pradesh,164827.0,988711,19766053.84,34613.67,6.032272727
potato,2005,Whole Year ,Andhra Pradesh,3275.0,29564,392738.0,687.75,8.895
rice,2005,Kharif     ,Andhra Pradesh,2526108.0,6376990,302930871.4,530482.68,2.549090909
rice,2005,Rabi       ,Andhra Pradesh,1455643.0,5326634,174560708.6,305685.03,3.132272727
potato,2005,Whole Year ,Andhra Pradesh,1085.0,8726,130113.2,227.85,8.547777778
maize,2005,Kharif     ,Assam,18969.0,13745,2274762.48,3983.49,0.635925926
potato,2005,Whole Year ,Assam,69638.0,353696,8350988.96,14623.98,5.326296296
rice,2005,Autumn     ,Assam,398316.0,398077,47766054.72,83646.36,1.132222222
rice,2005,Summer     ,Assam,314671.0,559969,37735346.32,66080.91,1.637692308
rice,2005,Winter     ,Assam,1707340.0,2594392,204744212.8,358541.4,1.502592593
potato,2005,Whole Year ,Assam,7269.0,25858,871698.48,1526.49,3.405555556
maize,2005,Kharif     ,Karnataka,842243.0,2486900,101001780.6,176871.03,3.1212
maize,2005,Rabi       ,Karnataka,81621.0,282618,9787990.32,17140.41,3.341304348
maize,2005,Summer     ,Karnataka,11990.0,37005,1437840.8,2517.9,3.096666667
potato,2005,Kharif     ,Karnataka,67623.0,226399,8109350.16,14200.83,3.381333333
potato,2005,Rabi       ,Karnataka,5416.0,97924,649486.72,1137.36,17.84
potato,2005,Summer     ,Karnataka,317.0,5078,38014.64,66.57,15.45
rice,2005,Kharif     ,Karnataka,1075993.0,2770413,129033080.6,225958.53,2.50962963
rice,2005,Rabi       ,Karnataka,44944.0,97483,5389684.48,9438.24,2.2675
rice,2005,Summer     ,Karnataka,364244.0,1131350,43680140.48,76491.24,3.0144
potato,2005,Whole Year ,Karnataka,3356.0,27360,402451.52,704.76,6.076153846
rice,2005,Autumn     ,Kerala,98256.0,212520,11782859.52,20633.76,2.096923077
rice,2005,Summer     ,Kerala,21857.0,59733,2621091.44,4589.97,2.345714286
rice,2005,Winter     ,Kerala,155629.0,357734,18663029.68,32682.09,2.189285714
potato,2005,Whole Year ,Kerala,711.0,9013,85263.12,149.31,11.48692308
maize,2005,Kharif     ,Meghalaya,16898.0,24424,2026408.16,3548.58,1.481428571
potato,2005,Whole Year ,Meghalaya,17986.0,167030,2156881.12,3777.06,7.768571429
rice,2005,Autumn     ,Meghalaya,32678.0,43762,3918745.76,6862.38,1.597142857
rice,2005,Summer     ,Meghalaya,9791.0,39910,1174136.72,2056.11,2.245
rice,2005,Winter     ,Meghalaya,63602.0,124605,7627151.84,13356.42,1.971428571
potato,2005,Whole Year ,Meghalaya,4975.0,16270,596602.0,1044.75,3.391428571
maize,2005,Kharif     ,Tamil Nadu,202830.0,0,24323373.6,42594.3,0.0
potato,2005,Whole Year ,Tamil Nadu,5005.0,74593,600199.6,1051.05,15.32
rice,2005,Kharif     ,Tamil Nadu,2050455.0,5209433,245890563.6,430595.55,2.895517241
potato,2005,Whole Year ,Tamil Nadu,1417.0,29555,169926.64,297.57,20.8868
maize,2005,Kharif     ,West Bengal,71753.0,207252,8604619.76,15068.13,2.601764706
potato,2005,Whole Year ,West Bengal,354455.0,7462464,42506243.6,74435.55,19.345
rice,2005,Autumn     ,West Bengal,288129.0,605612,34552429.68,60507.09,2.116111111
rice,2005,Summer     ,West Bengal,1381957.0,4047038,165724283.4,290210.97,2.767222222
rice,2005,Winter     ,West Bengal,4112863.0,9858092,493214531.0,863701.23,2.317222222
rice,2006,Kharif     ,Puducherry,5010.0,13285,639827.1,1102.2,2.64
rice,2006,Rabi       ,Puducherry,12061.0,33581,1540310.31,2653.42,4.05
rice,2006,Summer     ,Puducherry,4574.0,13942,584145.54,1006.28,3.05
maize,2006,Kharif     ,Meghalaya,17039.0,25334,2176050.69,3748.58,1.541428571
potato,2006,Rabi       ,Meghalaya,18173.0,188202,2320873.83,3998.06,8.212857143
rice,2006,Autumn     ,Meghalaya,32679.0,44736,4173435.09,7189.38,1.641428571
rice,2006,Rabi       ,Meghalaya,9854.0,39940,1258454.34,2167.88,2.077142857
rice,2006,Winter     ,Meghalaya,61752.0,115533,7886347.92,13585.44,1.852857143
potato,2006,Rabi       ,Meghalaya,4947.0,16406,631781.37,1088.34,3.238571429
maize,2006,Kharif     ,Andhra Pradesh,535709.0,1284991,68415396.39,117855.98,2.942727273
maize,2006,Rabi       ,Andhra Pradesh,190172.0,1177003,24286866.12,41837.84,6.363181818
potato,2006,Whole Year ,Andhra Pradesh,3645.0,44728,465502.95,801.9,12.436
rice,2006,Kharif     ,Andhra Pradesh,2640870.0,6949186,337265507.7,580991.4,2.689090909
rice,2006,Rabi       ,Andhra Pradesh,1337020.0,4922944,170750824.2,294144.4,3.036818182
potato,2006,Whole Year ,Andhra Pradesh,997.0,8608,127326.87,219.34,8.821764706
maize,2006,Kharif     ,Assam,18657.0,13557,2382685.47,4104.54,0.6252
potato,2006,Whole Year ,Assam,77712.0,504557,9924599.52,17096.64,6.657407407
rice,2006,Autumn     ,Assam,379441.0,335708,48458410.11,83477.02,1.028148148
rice,2006,Summer     ,Assam,312471.0,630162,39905671.41,68743.62,1.837037037
rice,2006,Winter     ,Assam,1504647.0,1950144,192158468.4,331022.34,1.269259259
potato,2006,Whole Year ,Assam,8112.0,28443,1035983.52,1784.64,3.406666667
maize,2006,Kharif     ,Karnataka,865850.0,2354023,110577703.5,190487.0,2.7448
maize,2006,Rabi       ,Karnataka,78902.0,237039,10076574.42,17358.44,2.7208
maize,2006,Summer     ,Karnataka,15780.0,50467,2015263.8,3471.6,3.203333333
potato,2006,Whole Year ,Karnataka,63374.0,561001,8093493.54,13942.28,12.976875
rice,2006,Kharif     ,Karnataka,1066981.0,2723038,136264143.5,234735.82,2.428148148
rice,2006,Rabi       ,Karnataka,44063.0,99796,5627285.73,9693.86,2.335333333
rice,2006,Summer     ,Karnataka,284632.0,822692,36350352.72,62619.04,2.6825
potato,2006,Whole Year ,Karnataka,3014.0,25028,384917.94,663.08,6.240714286
rice,2006,Autumn     ,Kerala,83859.0,191241,10709632.89,18448.98,2.270769231
rice,2006,Summer     ,Kerala,35946.0,103571,4590663.66,7908.12,2.497857143
rice,2006,Winter     ,Kerala,143724.0,346763,18354992.04,31619.28,2.286428571
potato,2006,Whole Year ,Kerala,505.0,6405,64493.55,111.1,11.50071429
maize,2006,Whole Year ,Tamil Nadu,197782.0,759112,25258739.22,43512.04,4.483076923
potato,2006,Whole Year ,Tamil Nadu,5190.0,77443,662814.9,1141.8,15.11333333
rice,2006,Kharif     ,Tamil Nadu,1931397.0,6610607,246658710.9,424907.34,3.584827586
potato,2006,Whole Year ,Tamil Nadu,1127.0,18933,143929.17,247.94,17.74740741
maize,2006,Kharif     ,West Bengal,85446.0,253505,10912308.66,18798.12,2.723125
potato,2006,Whole Year ,West Bengal,407941.0,5051962,52098145.11,89747.02,13.35111111
rice,2006,Autumn     ,West Bengal,283859.0,575294,36251632.89,62448.98,2.001111111
rice,2006,Summer     ,West Bengal,1401233.0,4520656,178951466.4,308271.26,3.028888889
rice,2006,Winter     ,West Bengal,4001936.0,9649942,511087246.6,880425.92,2.291666667
rice,2007,Kharif     ,Puducherry,4379.0,12878,584158.6,700.64,2.986666667
rice,2007,Rabi       ,Puducherry,11411.0,28051,1522227.4,1825.76,3.02
rice,2007,Summer     ,Puducherry,4647.0,12395,619909.8,743.52,2.21
potato,2007,Rabi       ,Puducherry,1.0,1,133.4,0.16,1.0
maize,2007,Kharif     ,Assam,18362.0,13317,2449490.8,2937.92,0.60962963
potato,2007,Whole Year ,Assam,75197.0,520831,10031279.8,12031.52,6.564444444
rice,2007,Autumn     ,Assam,354115.0,347992,47238941.0,56658.4,1.082592593
rice,2007,Summer     ,Assam,322889.0,731851,43073392.6,51662.24,2.085925926
rice,2007,Winter     ,Assam,1646992.0,2238765,219708732.8,263518.72,1.36962963
potato,2007,Whole Year ,Assam,6918.0,24301,922861.2,1106.88,3.395925926
maize,2007,Kharif     ,Karnataka,1015117.0,2950506,135416607.8,162418.72,3.112962963
maize,2007,Rabi       ,Karnataka,77654.0,260972,10359043.6,12424.64,3.109230769
maize,2007,Summer     ,Karnataka,20026.0,64553,2671468.4,3204.16,3.179259259
potato,2007,Kharif     ,Karnataka,54981.0,181310,7334465.4,8796.96,5.07
potato,2007,Rabi       ,Karnataka,2957.0,36386,394463.8,473.12,12.32909091
potato,2007,Summer     ,Karnataka,2156.0,34500,287610.4,344.96,15.924
rice,2007,Kharif     ,Karnataka,1051466.0,2791181,140265564.4,168234.56,2.567586207
rice,2007,Rabi       ,Karnataka,40325.0,86756,5379355.0,6452.0,2.255333333
rice,2007,Summer     ,Karnataka,324525.0,990578,43291635.0,51924.0,2.846923077
potato,2007,Whole Year ,Karnataka,2887.0,24141,385125.8,461.92,6.37625
rice,2007,Autumn     ,Kerala,77533.0,168108,10342902.2,12405.28,2.07
rice,2007,Summer     ,Kerala,45447.0,109277,6062629.8,7271.52,2.335714286
rice,2007,Winter     ,Kerala,105958.0,251103,14134797.2,16953.28,2.252857143
potato,2007,Whole Year ,Kerala,499.0,6343,66566.6,79.84,11.49785714
maize,2007,Whole Year ,Tamil Nadu,223428.0,810057,29805295.2,35748.48,4.077307692
potato,2007,Whole Year ,Tamil Nadu,4066.0,68169,542404.4,650.56,17.018
rice,2007,Kharif     ,Tamil Nadu,1789170.0,5039954,238675278.0,286267.2,3.213793103
potato,2007,Whole Year ,Tamil Nadu,1088.0,14780,145139.2,174.08,13.7055
maize,2007,Kharif     ,West Bengal,34570.0,72463,4611638.0,5531.2,1.775454545
maize,2007,Rabi       ,West Bengal,17363.0,81620,2316224.2,2778.08,3.295
maize,2007,Summer     ,West Bengal,25240.0,90290,3367016.0,4038.4,2.845294118
potato,2007,Whole Year ,West Bengal,400786.0,9900846,53464852.4,64125.76,22.28666667
rice,2007,Autumn     ,West Bengal,281618.0,565825,37567841.2,45058.88,1.956111111
rice,2007,Summer     ,West Bengal,1511593.0,4926105,201646506.2,241854.88,3.048888889
rice,2007,Winter     ,West Bengal,3926544.0,9227590,523800969.6,628247.04,2.261666667
rice,2008,Kharif     ,Puducherry,4493.0,12290,642678.72,404.37,3.0
rice,2008,Rabi       ,Puducherry,11306.0,24163,1617210.24,1017.54,2.82
rice,2008,Summer     ,Puducherry,4981.0,14263,712482.24,448.29,2.125
potato,2008,Rabi       ,Puducherry,1.0,1,143.04,0.09,1.0
maize,2008,Kharif     ,Andhra Pradesh,497803.0,1566921,71205741.12,44802.27,3.601818182
maize,2008,Rabi       ,Andhra Pradesh,354157.0,2584881,50658617.28,31874.13,6.952727273
potato,2008,Whole Year ,Andhra Pradesh,5227.0,50118,747670.08,470.43,9.332
rice,2008,Kharif     ,Andhra Pradesh,2803076.0,8379635,400951991.0,252276.84,2.913636364
rice,2008,Rabi       ,Andhra Pradesh,1584140.0,5861498,226595385.6,142572.6,3.236818182
potato,2008,Whole Year ,Andhra Pradesh,903.0,9863,129165.12,81.27,8.952142857
maize,2008,Kharif     ,Assam,17382.0,12619,2486321.28,1564.38,0.595555556
potato,2008,Whole Year ,Assam,78317.0,515740,11202463.68,7048.53,6.5
rice,2008,Autumn     ,Assam,350649.0,374010,50156832.96,31558.41,1.117777778
rice,2008,Summer     ,Assam,360266.0,768582,51532448.64,32423.94,1.951153846
rice,2008,Winter     ,Assam,1773211.0,2865843,253640101.4,159588.99,1.607407407
potato,2008,Whole Year ,Assam,6338.0,22341,906587.52,570.42,3.421481481
maize,2008,Kharif     ,Karnataka,932901.0,2549564,133442159.0,83961.09,2.895555556
maize,2008,Rabi       ,Karnataka,107533.0,319095,15381520.32,9677.97,2.845
maize,2008,Summer     ,Karnataka,27868.0,87643,3986238.72,2508.12,3.073928571
potato,2008,Kharif     ,Karnataka,67728.0,128436,9687813.12,6095.52,2.449411765
potato,2008,Rabi       ,Karnataka,6060.0,87080,866822.4,545.4,15.515
potato,2008,Summer     ,Karnataka,1907.0,30684,272777.28,171.63,15.96333333
rice,2008,Kharif     ,Karnataka,1129883.0,2906761,161618464.3,101689.47,2.513448276
rice,2008,Rabi       ,Karnataka,40982.0,89072,5862065.28,3688.38,2.514166667
rice,2008,Summer     ,Karnataka,343122.0,1035706,49080170.88,30880.98,2.786923077
potato,2008,Whole Year ,Karnataka,2592.0,26230,370759.68,233.28,10.14066667
rice,2008,Autumn     ,Kerala,79381.0,192770,11354658.24,7144.29,2.295384615
rice,2008,Summer     ,Kerala,49762.0,148370,7117956.48,4478.58,2.446428571
rice,2008,Winter     ,Kerala,105122.0,249101,15036650.88,9460.98,2.260714286
potato,2008,Whole Year ,Kerala,386.0,4827,55213.44,34.74,11.5
maize,2008,Kharif     ,Meghalaya,17117.0,25716,2448415.68,1540.53,1.545714286
potato,2008,Whole Year ,Meghalaya,17690.0,161138,2530377.6,1592.1,7.417142857
rice,2008,Autumn     ,Meghalaya,32570.0,41908,4658812.8,2931.3,1.53
rice,2008,Summer     ,Meghalaya,12752.0,46600,1824046.08,1147.68,2.154285714
rice,2008,Winter     ,Meghalaya,62723.0,115354,8971897.92,5645.07,1.802857143
potato,2008,Whole Year ,Meghalaya,4895.0,15909,700180.8,440.55,3.648571429
maize,2008,Whole Year ,Tamil Nadu,286639.0,1257882,41000842.56,25797.51,5.226296296
potato,2008,Whole Year ,Tamil Nadu,4367.0,80538,624655.68,393.03,19.39
rice,2008,Kharif     ,Tamil Nadu,1931603.0,5183385,276296493.1,173844.27,3.562580645
potato,2008,Whole Year ,Tamil Nadu,658.0,8743,94120.32,59.22,13.52565217
maize,2008,Autumn     ,West Bengal,36843.0,97825,5270022.72,3315.87,2.369090909
maize,2008,Rabi       ,West Bengal,17955.0,91856,2568283.2,1615.95,3.217272727
maize,2008,Summer     ,West Bengal,35976.0,153753,5146007.04,3237.84,2.743529412
potato,2008,Whole Year ,West Bengal,385981.0,4121189,55210722.24,34738.29,13.99944444
rice,2008,Autumn     ,West Bengal,292444.0,604968,41831189.76,26319.96,2.04
rice,2008,Summer     ,West Bengal,1556662.0,4358011,222664932.5,140099.58,2.646666667
rice,2008,Winter     ,West Bengal,4086590.0,10074261,584545833.6,367793.1,2.393888889
rice,2009,Kharif     ,Puducherry,4650.0,13501,724563.0,790.5,2.893333333
rice,2009,Rabi       ,Puducherry,11178.0,25378,1741755.96,1900.26,2.903333333
rice,2009,Summer     ,Puducherry,5098.0,13451,794370.36,866.66,1.965
potato,2009,Kharif     ,Puducherry,1.0,0,155.82,0.17,0.0
maize,2009,Kharif     ,Andhra Pradesh,501624.0,996315,78163051.68,85276.08,3.095
maize,2009,Rabi       ,Andhra Pradesh,281008.0,1764883,43786666.56,47771.36,6.097272727
potato,2009,Whole Year ,Andhra Pradesh,5040.0,57159,785332.8,856.8,10.294
rice,2009,Kharif     ,Andhra Pradesh,2062870.0,5956396,321436403.4,350687.9,2.790909091
rice,2009,Rabi       ,Andhra Pradesh,1377866.0,4881871,214699080.1,234237.22,3.098636364
potato,2009,Whole Year ,Andhra Pradesh,886.0,6781,138056.52,150.62,7.28625
maize,2009,Kharif     ,Assam,19481.0,13981,3035529.42,3311.77,0.617407407
potato,2009,Whole Year ,Assam,82629.0,600153,12875250.78,14046.93,7.163703704
rice,2009,Autumn     ,Assam,340830.0,334655,53108130.6,57941.1,1.070740741
rice,2009,Summer     ,Assam,394442.0,859790,61461952.44,67055.14,1.903703704
rice,2009,Winter     ,Assam,1762324.0,3213979,274605325.7,299595.08,1.780740741
potato,2009,Whole Year ,Assam,6806.0,23969,1060510.92,1157.02,3.410740741
maize,2009,Kharif     ,Karnataka,1108434.0,2585194,172716185.9,188433.78,2.418148148
maize,2009,Rabi       ,Karnataka,103702.0,262272,16158845.64,17629.34,2.43962963
maize,2009,Summer     ,Karnataka,28341.0,77530,4416094.62,4817.97,2.839642857
potato,2009,Kharif     ,Karnataka,28305.0,175087,4410485.1,4811.85,6.492666667
potato,2009,Rabi       ,Karnataka,5890.0,86967,917779.8,1001.3,15.23416667
potato,2009,Summer     ,Karnataka,2913.0,46821,453903.66,495.21,15.96166667
rice,2009,Kharif     ,Karnataka,1102221.0,2734838,171748076.2,187377.57,2.397931034
rice,2009,Rabi       ,Karnataka,37747.0,84636,5881737.54,6416.99,2.416666667
rice,2009,Summer     ,Karnataka,346510.0,1057933,53993188.2,58906.7,2.806923077
potato,2009,Whole Year ,Karnataka,2397.0,15751,373500.54,407.49,6.936666667
rice,2009,Autumn     ,Kerala,77249.0,192050,12036939.18,13132.33,2.303076923
rice,2009,Summer     ,Kerala,49279.0,134005,7678653.78,8377.43,2.385
rice,2009,Winter     ,Kerala,107485.0,272284,16748312.7,18272.45,2.286428571
potato,2009,Whole Year ,Kerala,399.0,4575,62172.18,67.83,11.49857143
maize,2009,Kharif     ,Meghalaya,17209.0,26167,2681506.38,2925.53,1.574285714
potato,2009,Whole Year ,Meghalaya,17712.0,162445,2759883.84,3011.04,7.318571429
rice,2009,Autumn     ,Meghalaya,32560.0,41798,5073499.2,5535.2,1.542857143
rice,2009,Summer     ,Meghalaya,12777.0,46943,1990912.14,2172.09,2.171428571
rice,2009,Winter     ,Meghalaya,62825.0,115388,9789391.5,10680.25,1.802857143
potato,2009,Kharif     ,Meghalaya,4398.0,14053,685296.36,747.66,3.611428571
maize,2009,Whole Year ,Tamil Nadu,244159.0,1138126,38044855.38,41507.03,4.798888889
potato,2009,Whole Year ,Tamil Nadu,4611.0,84683,718486.02,783.87,19.2475
rice,2009,Kharif     ,Tamil Nadu,1845553.0,5665258,287574068.5,313744.01,3.539677419
potato,2009,Whole Year ,Tamil Nadu,778.0,11381,121227.96,132.26,14.6992
rice,2010,Kharif     ,Puducherry,4384.0,12602,728226.24,1052.16,2.673333333
rice,2010,Rabi       ,Puducherry,10920.0,26585,1813921.2,2620.8,3.446666667
rice,2010,Summer     ,Puducherry,4710.0,12773,782378.1,1130.4,2.7
potato,2010,Kharif     ,Puducherry,1.0,8,166.11,0.24,8.0
maize,2010,Kharif     ,Assam,19772.0,14110,3284326.92,4745.28,0.61
potato,2010,Whole Year ,Assam,85023.0,657627,14123170.53,20405.52,7.705185185
rice,2010,Autumn     ,Assam,307988.0,355825,51159886.68,73917.12,1.272592593
rice,2010,Summer     ,Assam,398785.0,1027575,66242176.35,95708.4,2.342222222
rice,2010,Winter     ,Assam,1830682.0,3649129,304094587.0,439363.68,1.958888889
potato,2010,Whole Year ,Assam,6186.0,21378,1027556.46,1484.64,3.412592593
maize,2010,Kharif     ,Andhra Pradesh,439530.0,1639069,73010328.3,105487.2,3.821818182
maize,2010,Rabi       ,Andhra Pradesh,303916.0,2313946,50483486.76,72939.84,7.073636364
potato,2010,Whole Year ,Andhra Pradesh,5953.0,66316,988852.83,1428.72,10.99875
rice,2010,Kharif     ,Andhra Pradesh,2921793.0,7509866,485339035.2,701230.32,2.666818182
rice,2010,Rabi       ,Andhra Pradesh,1829516.0,6909447,303900902.8,439083.84,3.325909091
potato,2010,Whole Year ,Andhra Pradesh,850.0,10887,141193.5,204.0,12.70642857
maize,2010,Kharif     ,Karnataka,1139899.0,3908386,189348622.9,273575.76,3.354285714
maize,2010,Rabi       ,Karnataka,115803.0,321962,19236036.33,27792.72,2.8475
maize,2010,Summer     ,Karnataka,30734.0,104275,5105224.74,7376.16,3.294137931
potato,2010,Kharif     ,Karnataka,32843.0,249472,5455550.73,7882.32,8.056875
potato,2010,Rabi       ,Karnataka,5944.0,69194,987357.84,1426.56,12.75454545
potato,2010,Summer     ,Karnataka,1437.0,22093,238700.07,344.88,15.26142857
rice,2010,Kharif     ,Karnataka,1129304.0,3192746,187588687.4,271032.96,2.654
rice,2010,Rabi       ,Karnataka,49700.0,117501,8255667.0,11928.0,2.668333333
rice,2010,Summer     ,Karnataka,360062.0,1163725,59809898.82,86414.88,2.935714286
potato,2010,Whole Year ,Karnataka,2060.0,16977,342186.6,494.4,8.400666667
rice,2010,Autumn     ,Kerala,70498.28,170262,11710469.29,16919.5872,2.236923077
rice,2010,Summer     ,Kerala,51132.63,137465,8493641.169,12271.8312,2.48
rice,2010,Winter     ,Kerala,91555.59,215011,15208299.05,21973.3416,2.202142857
maize,2010,Kharif     ,Meghalaya,17276.0,26500,2869716.36,4146.24,1.561428571
potato,2010,Whole Year ,Meghalaya,17685.0,164647,2937655.35,4244.4,7.374285714
rice,2010,Autumn     ,Meghalaya,32596.0,42492,5414521.56,7823.04,1.53
rice,2010,Rabi       ,Meghalaya,12797.0,47413,2125709.67,3071.28,2.077142857
rice,2010,Winter     ,Meghalaya,62892.0,117116,10446990.12,15094.08,1.828571429
potato,2010,Kharif     ,Meghalaya,4133.0,13241,686532.63,991.92,3.584285714
rice,2011,Kharif     ,Puducherry,4237.0,12794,709782.24,1398.21,3.046666667
rice,2011,Rabi       ,Puducherry,10324.0,23489,1729476.48,3406.92,2.856666667
rice,2011,Summer     ,Puducherry,2015.0,5831,337552.8,664.95,2.49
maize,2011,Kharif     ,Assam,21297.0,17075,3567673.44,7028.01,0.693333333
potato,2011,Whole Year ,Assam,97816.0,682597,16386136.32,32279.28,7.035925926
rice,2011,Autumn     ,Assam,276486.0,338015,46316934.72,91240.38,1.268518519
rice,2011,Summer     ,Assam,393619.0,1080072,65939054.88,129894.27,2.489615385
rice,2011,Winter     ,Assam,1875601.0,3297591,314200679.5,618948.33,1.797037037
potato,2011,Whole Year ,Assam,6558.0,25769,1098596.16,2164.14,4.177777778
maize,2011,Kharif     ,Andhra Pradesh,530919.0,1492303,88939550.88,175203.27,3.427727273
maize,2011,Rabi       ,Andhra Pradesh,332805.0,2163376,55751493.6,109825.65,6.432272727
potato,2011,Whole Year ,Andhra Pradesh,6057.0,60802,1014668.64,1998.81,10.52428571
rice,2011,Kharif     ,Andhra Pradesh,2873949.0,8563334,481443936.5,948403.17,2.909090909
rice,2011,Rabi       ,Andhra Pradesh,1221899.0,4328458,204692520.5,403226.67,3.031818182
potato,2011,Whole Year ,Andhra Pradesh,980.0,12599,164169.6,323.4,12.91733333
maize,2011,Kharif     ,Karnataka,1206528.0,3433881,202117570.6,398154.24,2.855357143
maize,2011,Rabi       ,Karnataka,111362.0,347253,18655362.24,36749.46,3.0375
maize,2011,Summer     ,Karnataka,31494.0,106783,5275874.88,10393.02,3.159655172
potato,2011,Kharif     ,Karnataka,30868.0,255098,5171007.36,10186.44,8.90875
potato,2011,Rabi       ,Karnataka,6763.0,82152,1132937.76,2231.79,12.50666667
potato,2011,Summer     ,Karnataka,737.0,10633,123462.24,243.21,14.4325
rice,2011,Kharif     ,Karnataka,1117720.0,3218289,187240454.4,368847.6,2.702666667
rice,2011,Rabi       ,Karnataka,43192.0,94196,7235523.84,14253.36,2.378181818
rice,2011,Summer     ,Karnataka,255223.0,869134,42754956.96,84223.59,2.931428571
potato,2011,Whole Year ,Karnataka,1836.0,26754,307566.72,605.88,14.10642857
potato,2011,Whole Year ,Kerala,386.0,4827,64662.72,127.38,11.5
rice,2011,Autumn     ,Kerala,68134.83,171662,11413946.72,22484.4939,2.301538462
rice,2011,Summer     ,Kerala,47290.01,149217,7922022.475,15605.7033,2.7
rice,2011,Winter     ,Kerala,92734.9,248114,15534950.45,30602.517,2.426428571
maize,2011,Kharif     ,Meghalaya,17303.0,26939,2898598.56,5709.99,1.58
potato,2011,Whole Year ,Meghalaya,17717.0,165670,2967951.84,5846.61,7.448571429
rice,2011,Autumn     ,Meghalaya,32605.0,43401,5461989.6,10759.65,1.511428571
rice,2011,Rabi       ,Meghalaya,12836.0,54206,2150286.72,4235.88,2.07
rice,2011,Winter     ,Meghalaya,63434.0,125124,10626463.68,20933.22,1.91
potato,2011,Kharif     ,Meghalaya,4164.0,13701,697553.28,1374.12,3.63
maize,2011,Kharif     ,Tamil Nadu,176287.0,1001667,29531598.24,58174.71,5.832307692
maize,2011,Rabi       ,Tamil Nadu,104342.0,693800,17479371.84,34432.86,6.611481481
potato,2011,Whole Year ,Tamil Nadu,4673.0,92207,782820.96,1542.09,19.59125
rice,2011,Kharif     ,Tamil Nadu,1903772.0,7458657,318919885.4,628244.76,4.226451613
potato,2011,Whole Year ,Tamil Nadu,390.0,7991,65332.8,128.7,20.57238095
maize,2012,Kharif     ,Andhra Pradesh,565000.0,2341000,85202000.0,175150.0,4.040952381
maize,2012,Rabi       ,Andhra Pradesh,407000.0,2513000,61375600.0,126170.0,6.119545455
potato,2012,Kharif     ,Andhra Pradesh,267.0,4093,40263.6,82.77,16.335
potato,2012,Rabi       ,Andhra Pradesh,934.0,14306,140847.2,289.54,17.176
rice,2012,Kharif     ,Andhra Pradesh,2487000.0,7167000,375039600.0,770970.0,2.969545455
rice,2012,Rabi       ,Andhra Pradesh,1141000.0,4344000,172062800.0,353710.0,3.243636364
potato,2012,Kharif     ,Andhra Pradesh,131.0,1341,19754.8,40.61,10.002
potato,2012,Rabi       ,Andhra Pradesh,650.0,6257,98020.0,201.5,9.615454545
maize,2012,Kharif     ,Assam,23695.0,21258,3573206.0,7345.45,0.771481481
potato,2012,Whole Year ,Assam,95436.0,708632,14391748.8,29585.16,7.105555556
rice,2012,Autumn     ,Assam,238178.0,308745,35917242.4,73835.18,1.291481481
rice,2012,Summer     ,Assam,389140.0,1155877,58682312.0,120633.4,2.7724
rice,2012,Winter     ,Assam,1857410.0,3655430,280097428.0,575797.1,1.968888889
potato,2012,Whole Year ,Assam,6277.0,25955,946571.6,1945.87,4.54037037
maize,2012,Kharif     ,Karnataka,1161644.0,2978477,175175915.2,360109.64,2.741071429
maize,2012,Rabi       ,Karnataka,127577.0,386114,19238611.6,39548.87,3.155185185
maize,2012,Summer     ,Karnataka,32413.0,111382,4887880.4,10048.03,3.439666667
potato,2012,Kharif     ,Karnataka,27314.0,174423,4118951.2,8467.34,7.302
potato,2012,Rabi       ,Karnataka,6843.0,116214,1031924.4,2121.33,16.72363636
potato,2012,Summer     ,Karnataka,729.0,15896,109933.2,225.99,21.82333333
rice,2012,Kharif     ,Karnataka,1048427.0,2667359,158102791.6,325012.37,2.418333333
rice,2012,Rabi       ,Karnataka,45326.0,109309,6835160.8,14051.06,2.394615385
rice,2012,Summer     ,Karnataka,185162.0,587711,27922429.6,57400.22,2.747777778
potato,2012,Whole Year ,Karnataka,3450.0,53516,520260.0,1069.5,14.994375
maize,2012,Whole Year ,Kerala,180.0,15,27144.0,55.8,0.535
potato,2012,Whole Year ,Kerala,975.0,19050,147030.0,302.25,18.905
rice,2012,Autumn     ,Kerala,63232.0,161083,9535385.6,19601.92,2.41
rice,2012,Summer     ,Kerala,47294.0,134609,7131935.2,14661.14,2.482142857
rice,2012,Winter     ,Kerala,86751.0,212607,13082050.8,26892.81,2.355
potato,2012,Whole Year ,Kerala,282.0,4780,42525.6,87.42,13.72230769
maize,2012,Whole Year ,Meghalaya,18015.0,38732,2716662.0,5584.65,2.2
potato,2012,Whole Year ,Meghalaya,18139.0,172955,2735361.2,5623.09,7.585714286
rice,2012,Autumn     ,Meghalaya,33000.0,66000,4976400.0,10230.0,2.232857143
rice,2012,Rabi       ,Meghalaya,13267.0,56786,2000663.6,4112.77,2.13
rice,2012,Winter     ,Meghalaya,63484.0,142867,9573387.2,19680.04,2.118571429
potato,2012,Kharif     ,Meghalaya,4438.0,15063,669250.4,1375.78,3.745714286
maize,2013,Kharif     ,Andhra Pradesh,109846.0,407657,15871648.54,29658.42,3.460769231
maize,2013,Rabi       ,Andhra Pradesh,242269.0,1805828,35005447.81,65412.63,7.458461538
potato,2013,Kharif     ,Andhra Pradesh,385.0,6710,55628.65,103.95,16.03
potato,2013,Rabi       ,Andhra Pradesh,1073.0,18530,155037.77,289.71,15.024
rice,2013,Kharif     ,Andhra Pradesh,1705555.0,4356822,246435642.0,460499.85,2.715384615
rice,2013,Rabi       ,Andhra Pradesh,877885.0,3636603,126845603.7,237028.95,3.408461538
potato,2013,Kharif     ,Andhra Pradesh,170.0,1660,24563.3,45.9,9.261666667
potato,2013,Rabi       ,Andhra Pradesh,616.0,6049,89005.84,166.32,9.127777778
maize,2013,Kharif     ,Assam,24068.0,76998,3477585.32,6498.36,3.53037037
potato,2013,Whole Year ,Assam,97956.0,700144,14153662.44,26448.12,7.258148148
rice,2013,Autumn     ,Assam,223332.0,294440,32269240.68,60299.64,1.386296296
rice,2013,Summer     ,Assam,399132.0,1189858,57670582.68,107765.64,2.655925926
rice,2013,Winter     ,Assam,1880737.0,3709081,271747689.1,507798.99,1.982592593
potato,2013,Whole Year ,Assam,6046.0,30513,873586.54,1632.42,5.091481481
rice,2013,Kharif     ,Goa,28330.0,80114,4093401.7,7649.1,2.82
rice,2013,Rabi       ,Goa,14490.0,46397,2093660.1,3912.3,3.205
maize,2013,Kharif     ,Karnataka,1246109.0,3950152,180050289.4,336449.43,3.165
maize,2013,Rabi       ,Karnataka,103879.0,318029,15009476.71,28047.33,2.988888889
maize,2013,Summer     ,Karnataka,27180.0,88183,3927238.2,7338.6,3.111724138
potato,2013,Kharif     ,Karnataka,29813.0,196133,4307680.37,8049.51,7.544117647
potato,2013,Rabi       ,Karnataka,7354.0,111892,1062579.46,1985.58,15.11727273
potato,2013,Summer     ,Karnataka,582.0,8176,84093.18,157.14,14.03416667
rice,2013,Kharif     ,Karnataka,1035111.0,3057894,149563188.4,279479.97,2.792666667
rice,2013,Rabi       ,Karnataka,40896.0,102639,5909063.04,11041.92,2.545833333
rice,2013,Summer     ,Karnataka,264028.0,892066,38149405.72,71287.56,3.022962963
potato,2013,Whole Year ,Karnataka,3125.0,45861,451531.25,843.75,13.866
maize,2013,Whole Year ,Kerala,51.0,71,7368.99,13.77,1.445
potato,2013,Whole Year ,Kerala,759.0,14846,109667.91,204.93,19.56
rice,2013,Autumn     ,Kerala,51922.0,141234,7502209.78,14018.94,2.416923077
rice,2013,Summer     ,Kerala,46865.0,137477,6771523.85,12653.55,2.673571429
rice,2013,Winter     ,Kerala,100824.0,285614,14568059.76,27222.48,2.506428571
potato,2013,Whole Year ,Kerala,330.0,5451,47681.7,89.1,14.14285714
maize,2013,Whole Year ,Meghalaya,18025.0,39655,2604432.25,4866.75,2.16
potato,2013,Whole Year ,Meghalaya,18449.0,181813,2665696.01,4981.23,7.969090909
rice,2013,Autumn     ,Meghalaya,22569.0,48727,3260994.81,6093.63,2.448571429
rice,2013,Rabi       ,Meghalaya,13444.0,58685,1942523.56,3629.88,2.396363636
rice,2013,Winter     ,Meghalaya,46424.0,111289,6707803.76,12534.48,2.238571429
potato,2013,Kharif     ,Meghalaya,4480.0,15644,647315.2,1209.6,3.626363636
maize,2013,Kharif     ,Tamil Nadu,223113.0,1458297,32237597.37,60240.51,6.161111111
maize,2013,Rabi       ,Tamil Nadu,157316.0,786919,22730588.84,42475.32,5.431724138
potato,2013,Kharif     ,Tamil Nadu,3875.0,70206,559898.75,1046.25,18.37333333
potato,2013,Rabi       ,Tamil Nadu,2044.0,52531,295337.56,551.88,24.145
rice,2013,Kharif     ,Tamil Nadu,1725730.0,7115195,249350727.7,465947.1,4.491935484
potato,2013,Whole Year ,Tamil Nadu,592.0,12496,85538.08,159.84,22.102
maize,2014,Kharif     ,Andhra Pradesh,99863.0,328758,15075318.48,32954.79,3.446923077
maize,2014,Rabi       ,Andhra Pradesh,203463.0,1609315,30714774.48,67142.79,7.481538462
potato,2014,Kharif     ,Andhra Pradesh,351.0,6055,52986.96,115.83,17.6225
potato,2014,Rabi       ,Andhra Pradesh,1034.0,17881,156092.64,341.22,17.564
rice,2014,Kharif     ,Andhra Pradesh,1634921.0,5097447,246807674.2,539523.93,3.184615385
rice,2014,Rabi       ,Andhra Pradesh,759034.0,3358137,114583772.6,250481.22,3.541538462
potato,2014,Kharif     ,Andhra Pradesh,103.0,1146,15548.88,33.99,10.885
potato,2014,Rabi       ,Andhra Pradesh,674.0,7428,101747.04,222.42,10.783
maize,2014,Kharif     ,Assam,27953.0,93179,4219784.88,9224.49,2.96962963
potato,2014,Whole Year ,Assam,104521.0,783768,15778490.16,34491.93,7.653703704
rice,2014,Autumn     ,Assam,196188.0,280693,29616540.48,64742.04,1.531481481
rice,2014,Summer     ,Assam,416353.0,1224046,62852648.88,137396.49,2.613076923
rice,2014,Winter     ,Assam,1882756.0,3717906,284220845.8,621309.48,1.977777778
potato,2014,Whole Year ,Assam,6213.0,32858,937914.48,2050.29,5.173333333
rice,2014,Kharif     ,Goa,27840.0,81269,4202726.4,9187.2,2.925
rice,2014,Rabi       ,Goa,14130.0,39236,2133064.8,4662.9,2.775
maize,2014,Kharif     ,Karnataka,1210336.0,3788289,182712322.6,399410.88,3.134642857
maize,2014,Rabi       ,Karnataka,102820.0,347250,15521707.2,33930.6,3.191785714
maize,2014,Summer     ,Karnataka,23928.0,78040,3612170.88,7896.24,3.19
potato,2014,Kharif     ,Karnataka,33572.0,206657,5068029.12,11078.76,6.655555556
potato,2014,Rabi       ,Karnataka,7334.0,112971,1107140.64,2420.22,15.352
potato,2014,Summer     ,Karnataka,562.0,7705,84839.52,185.46,13.72166667
rice,2014,Kharif     ,Karnataka,1000025.0,3057611,150963774.0,330008.25,2.812333333
rice,2014,Rabi       ,Karnataka,48096.0,118479,7260572.16,15871.68,2.493846154
rice,2014,Summer     ,Karnataka,278414.0,851657,42029377.44,91876.62,2.852
potato,2014,Whole Year ,Karnataka,3385.0,57413,510999.6,1117.05,16.24142857
maize,2014,Whole Year ,Kerala,67.0,69,10114.32,22.11,1.166666667
potato,2014,Whole Year ,Kerala,852.0,15811,128617.92,281.16,18.56
rice,2014,Autumn     ,Kerala,63981.0,161477,9658571.76,21113.73,2.215384615
rice,2014,Summer     ,Kerala,45188.0,146165,6821580.48,14912.04,2.801428571
rice,2014,Winter     ,Kerala,88990.0,254450,13433930.4,29366.7,2.500714286
potato,2014,Whole Year ,Kerala,361.0,5123,54496.56,119.13,13.18642857
maize,2014,Whole Year ,Meghalaya,18037.0,40764,2722865.52,5952.21,2.214545455
potato,2014,Summer     ,Meghalaya,12435.0,139328,1877187.6,4103.55,8.149090909
potato,2014,Winter     ,Meghalaya,6038.0,42957,911496.48,1992.54,6.598181818
rice,2014,Autumn     ,Meghalaya,33102.0,76631,4997077.92,10923.66,2.507272727
rice,2014,Rabi       ,Meghalaya,13620.0,62687,2056075.2,4494.6,2.505454545
rice,2014,Winter     ,Meghalaya,63601.0,158920,9601206.96,20988.33,2.319090909
potato,2014,Kharif     ,Meghalaya,4526.0,16133,683244.96,1493.58,3.670909091
maize,2014,Kharif     ,Tamil Nadu,191481.0,1663616,28905971.76,63188.73,8.406538462
maize,2014,Rabi       ,Tamil Nadu,130471.0,984135,19695902.16,43055.43,7.637586207
potato,2014,Kharif     ,Tamil Nadu,3018.0,68463,455597.28,995.94,21.70833333
potato,2014,Rabi       ,Tamil Nadu,1719.0,43468,259500.24,567.27,22.54
rice,2014,Kharif     ,Tamil Nadu,1794991.0,7949437,270971841.4,592347.03,4.730322581
potato,2014,Whole Year ,Tamil Nadu,631.0,11094,95255.76,208.23,17.51894737
maize,2015,Kharif     ,Andhra Pradesh,75017.0,276205,11845934.47,24755.61,3.876923077
maize,2015,Rabi       ,Andhra Pradesh,157628.0,1135482,24891037.48,52017.24,5.915384615
potato,2015,Kharif     ,Andhra Pradesh,574.0,7851,90640.34,189.42,7.96
potato,2015,Rabi       ,Andhra Pradesh,1472.0,17105,232443.52,485.76,8.875
rice,2015,Kharif     ,Andhra Pradesh,1398884.0,4115558,220897772.4,461631.72,3.091538462
rice,2015,Rabi       ,Andhra Pradesh,761911.0,3402713,120313366.0,251430.63,3.671538462
potato,2015,Kharif     ,Andhra Pradesh,135.0,1310,21317.85,44.55,11.0375
potato,2015,Rabi       ,Andhra Pradesh,457.0,5575,72164.87,150.81,11.82090909
rice,2015,Kharif     ,Puducherry,3817.0,12250,602742.47,1259.61,2.273333333
rice,2015,Rabi       ,Puducherry,8505.0,19587,1343024.55,2806.65,2.47
rice,2015,Summer     ,Puducherry,3941.0,12049,622323.31,1300.53,2.225
potato,2015,Kharif     ,Puducherry,5.0,73,789.55,1.65,14.6
potato,2015,Rabi       ,Puducherry,3.0,34,473.73,0.99,11.33
maize,2015,Kharif     ,Assam,28420.0,87175,4487802.2,9378.6,2.514074074
potato,2015,Whole Year ,Assam,103812.0,694002,16392952.92,34257.96,6.482962963
rice,2015,Autumn     ,Assam,191322.0,256729,30211657.02,63136.26,1.398888889
rice,2015,Summer     ,Assam,404982.0,1141336,63950707.62,133644.06,2.488076923
rice,2015,Winter     ,Assam,1888683.0,3727039,298241932.5,623265.39,1.965925926
potato,2015,Whole Year ,Assam,5436.0,29339,858398.76,1793.88,5.399259259
maize,2015,Kharif     ,Meghalaya,18056.0,41242,2851222.96,5958.48,2.24
potato,2015,Summer     ,Meghalaya,12498.0,140311,1973559.18,4124.34,8.179090909
potato,2015,Winter     ,Meghalaya,6063.0,43505,957408.33,2000.79,6.711818182
rice,2015,Autumn     ,Meghalaya,33136.0,77453,5232505.76,10934.88,2.551818182
rice,2015,Rabi       ,Meghalaya,13649.0,62901,2155313.59,4504.17,2.557272727
rice,2015,Winter     ,Meghalaya,63670.0,160722,10054129.7,21011.1,2.347272727
potato,2015,Kharif     ,Meghalaya,4549.0,16421,718332.59,1501.17,3.741818182
rice,2015,Kharif     ,Goa,27730.0,78489,4378844.3,9150.9,2.83
rice,2015,Rabi       ,Goa,13614.0,36579,2149786.74,4492.62,2.76
maize,2015,Kharif     ,Karnataka,1091587.0,2982667,172372503.2,360223.71,2.7225
maize,2015,Rabi       ,Karnataka,103950.0,258320,16414744.5,34303.5,2.544285714
maize,2015,Summer     ,Karnataka,24754.0,69486,3908904.14,8168.82,2.877407407
potato,2015,Kharif     ,Karnataka,31633.0,126990,4995167.03,10438.89,4.458333333
potato,2015,Rabi       ,Karnataka,6029.0,90778,952039.39,1989.57,14.405
potato,2015,Summer     ,Karnataka,464.0,7517,73270.24,153.12,15.74090909
rice,2015,Kharif     ,Karnataka,977005.0,2641669,154278859.5,322411.65,2.525666667
rice,2015,Rabi       ,Karnataka,29329.0,71420,4631342.39,9678.57,2.456428571
rice,2015,Summer     ,Karnataka,103711.0,307524,16377004.01,34224.63,2.785769231
potato,2015,Whole Year ,Karnataka,3207.0,50994,506417.37,1058.31,14.82866667
maize,2015,Whole Year ,Kerala,59.0,74,9316.69,19.47,1.73
potato,2015,Whole Year ,Kerala,491.0,6581,77533.81,162.03,7.215
rice,2015,Autumn     ,Kerala,60418.0,160894,9540606.38,19937.94,2.327692308
rice,2015,Summer     ,Kerala,47334.0,144706,7474511.94,15620.22,2.67
rice,2015,Winter     ,Kerala,89118.0,243675,14072623.38,29408.94,2.370714286
potato,2015,Whole Year ,Kerala,279.0,3922,44056.89,92.07,13.18642857
maize,2015,Kharif     ,Tamil Nadu,201750.0,1483163,31858342.5,66577.5,7.782
maize,2015,Rabi       ,Tamil Nadu,153314.0,1049167,24209813.74,50593.62,6.849655172
potato,2015,Kharif     ,Tamil Nadu,3235.0,65799,510838.85,1067.55,20.9825
potato,2015,Rabi       ,Tamil Nadu,1071.0,24164,169121.61,353.43,22.4075
rice,2015,Kharif     ,Tamil Nadu,2000212.0,7374681,315853476.9,660069.96,4.061290323
potato,2015,Whole Year ,Tamil Nadu,586.0,9536,92535.26,193.38,17.21473684
maize,2016,Kharif     ,Andhra Pradesh,85501.0,354764,13103028.25,29925.35,3.907692308
maize,2016,Rabi       ,Andhra Pradesh,164778.0,1298137,25252228.5,57672.3,6.493846154
potato,2016,Kharif     ,Andhra Pradesh,527.0,4751,80762.75,184.45,9.09
potato,2016,Rabi       ,Andhra Pradesh,1164.0,10675,178383.0,407.4,9.715
rice,2016,Kharif     ,Andhra Pradesh,1519656.0,5233690,232887282.0,531879.6,3.361538462
rice,2016,Rabi       ,Andhra Pradesh,585363.0,2768647,89706879.75,204877.05,3.727692308
potato,2016,Kharif     ,Andhra Pradesh,149.0,2262,22834.25,52.15,14.88166667
potato,2016,Rabi       ,Andhra Pradesh,484.0,7431,74173.0,169.4,15.741
rice,2016,Kharif     ,Puducherry,3693.0,13151,565952.25,1292.55,3.24
rice,2016,Rabi       ,Puducherry,8412.0,23024,1289139.0,2944.2,3.436666667
rice,2016,Summer     ,Puducherry,4100.0,15989,628325.0,1435.0,2.535
potato,2016,Kharif     ,Puducherry,6.0,60,919.5,2.1,10.0
maize,2016,Kharif     ,Assam,31333.0,91219,4801782.25,10966.55,2.545925926
potato,2016,Whole Year ,Assam,106437.0,777829,16311470.25,37252.95,7.258518519
rice,2016,Autumn     ,Assam,168044.0,228206,25752743.0,58815.4,1.405185185
rice,2016,Summer     ,Assam,408132.0,1131872,62546229.0,142846.2,2.412692308
rice,2016,Winter     ,Assam,1890960.0,3767357,289789620.0,661836.0,1.996666667
potato,2016,Whole Year ,Assam,5254.0,28584,805175.5,1838.9,5.516296296
maize,2016,Kharif     ,Meghalaya,18128.0,41543,2778116.0,6344.8,2.245454545
potato,2016,Summer     ,Meghalaya,12554.0,142859,1923900.5,4393.9,8.252727273
potato,2016,Winter     ,Meghalaya,6341.0,44026,971758.25,2219.35,6.522727273
rice,2016,Autumn     ,Meghalaya,33646.0,78965,5156249.5,11776.1,2.552727273
rice,2016,Rabi       ,Meghalaya,13670.0,63373,2094927.5,4784.5,2.573636364
rice,2016,Winter     ,Meghalaya,63862.0,162180,9786851.5,22351.7,2.359090909
potato,2016,Kharif     ,Meghalaya,4667.0,15534,715217.75,1633.45,3.69
rice,2016,Kharif     ,Goa,27630.0,77109,4234297.5,9670.5,2.795
rice,2016,Rabi       ,Goa,13193.0,36118,2021827.25,4617.55,2.745
potato,2016,Whole Year ,Goa,52.0,164,7969.0,18.2,3.2
maize,2016,Kharif     ,Karnataka,1262641.0,2988982,193499733.3,441924.35,2.6025
maize,2016,Rabi       ,Karnataka,87280.0,262415,13375660.0,30548.0,2.6956
maize,2016,Summer     ,Karnataka,20282.0,62889,3108216.5,7098.7,3.482222222
potato,2016,Kharif     ,Karnataka,19963.0,196136,3059329.75,6987.05,10.48722222
potato,2016,Rabi       ,Karnataka,5929.0,82004,908619.25,2075.15,13.475
potato,2016,Summer     ,Karnataka,244.0,3796,37393.0,85.4,15.46571429
rice,2016,Kharif     ,Karnataka,942025.0,2611754,144365331.3,329708.75,2.529666667
rice,2016,Rabi       ,Karnataka,18686.0,49615,2863629.5,6540.1,2.525333333
rice,2016,Summer     ,Karnataka,73832.0,212837,11314754.0,25841.2,2.852692308
potato,2016,Whole Year ,Karnataka,3079.0,36908,471856.75,1077.65,11.27153846
maize,2016,Whole Year ,Kerala,65.0,68,9961.25,22.75,1.775
potato,2016,Whole Year ,Kerala,556.0,8823,85207.0,194.6,15.87
rice,2016,Autumn     ,Kerala,56601.0,167181,8674103.25,19810.35,2.524615385
rice,2016,Summer     ,Kerala,42544.0,127905,6519868.0,14890.4,2.534285714
rice,2016,Winter     ,Kerala,72253.0,141397,11072772.25,25288.55,2.102142857
potato,2016,Whole Year ,Kerala,220.0,3086,33715.0,77.0,13.35923077
maize,2016,Kharif     ,Tamil Nadu,169144.0,770221,25921318.0,59200.4,4.682222222
maize,2016,Rabi       ,Tamil Nadu,145886.0,183156,22357029.5,51060.1,1.654827586
potato,2016,Kharif     ,Tamil Nadu,3194.0,77476,489480.5,1117.9,24.5825
potato,2016,Rabi       ,Tamil Nadu,1653.0,31493,253322.25,578.55,21.248
rice,2016,Kharif     ,Tamil Nadu,1442841.0,3554113,221115383.3,504994.35,3.068387097
potato,2016,Whole Year ,Tamil Nadu,283.0,2623,43369.75,99.05,9.951052632
maize,2017,Kharif     ,Andhra Pradesh,107276.0,501801,16889533.44,40764.88,4.422307692
maize,2017,Rabi       ,Andhra Pradesh,229264.0,1824103,36095324.16,87120.32,7.576153846
potato,2017,Kharif     ,Andhra Pradesh,457.0,4758,71950.08,173.66,7.15
potato,2017,Rabi       ,Andhra Pradesh,994.0,10912,156495.36,377.72,8.49
rice,2017,Kharif     ,Andhra Pradesh,1476928.0,4941933,232527544.3,561232.64,3.25
rice,2017,Rabi       ,Andhra Pradesh,741258.0,3519409,116703659.5,281678.04,3.887692308
potato,2017,Kharif     ,Andhra Pradesh,188.0,2360,29598.72,71.44,12.68571429
potato,2017,Rabi       ,Andhra Pradesh,513.0,6015,80766.72,194.94,11.86
rice,2017,Kharif     ,Puducherry,4325.0,15281,680928.0,1643.5,3.256666667
rice,2017,Rabi       ,Puducherry,8749.0,25188,1377442.56,3324.62,3.27
rice,2017,Summer     ,Puducherry,4297.0,15518,676519.68,1632.86,2.85
potato,2017,Kharif     ,Puducherry,7.0,35,1102.08,2.66,5.0
potato,2017,Rabi       ,Puducherry,1.0,8,157.44,0.38,8.0
maize,2017,Kharif     ,Assam,31537.0,98783,4965185.28,11984.06,2.989259259
potato,2017,Whole Year ,Assam,102868.0,720968,16195537.92,39089.84,7.139259259
rice,2017,Autumn     ,Assam,154511.0,209349,24326211.84,58714.18,1.418148148
rice,2017,Summer     ,Assam,400402.0,1191244,63039290.88,152152.76,2.704615385
rice,2017,Winter     ,Assam,1878798.0,3883120,295797957.1,713943.24,2.063703704
potato,2017,Whole Year ,Assam,5303.0,29199,834904.32,2015.14,5.514814815
maize,2017,Kharif     ,Meghalaya,18152.0,41624,2857850.88,6897.76,2.246363636
potato,2017,Summer     ,Meghalaya,12559.0,142923,1977288.96,4772.42,8.254545455
potato,2017,Winter     ,Meghalaya,6354.0,44124,1000373.76,2414.52,6.526363636
rice,2017,Autumn     ,Meghalaya,33575.0,78848,5286048.0,12758.5,2.551818182
rice,2017,Rabi       ,Meghalaya,13683.0,63428,2154251.52,5199.54,2.576363636
rice,2017,Winter     ,Meghalaya,63883.0,162272,10057739.52,24275.54,2.36
potato,2017,Kharif     ,Meghalaya,4712.0,15751,741857.28,1790.56,3.694545455
rice,2017,Kharif     ,Goa,27219.0,71279,4285359.36,10343.22,2.635
rice,2017,Rabi       ,Goa,11301.0,31718,1779229.44,4294.38,2.855
potato,2017,Whole Year ,Goa,55.0,116,8659.2,20.9,2.41
maize,2017,Kharif     ,Karnataka,1183334.0,5150460,186304105.0,449666.92,4.282857143
maize,2017,Rabi       ,Karnataka,100156.0,371937,15768560.64,38059.28,3.7392
maize,2017,Summer     ,Karnataka,23518.0,88268,3702673.92,8936.84,3.739230769
potato,2017,Kharif     ,Karnataka,23219.0,223849,3655599.36,8823.22,9.301176471
potato,2017,Rabi       ,Karnataka,5557.0,103976,874894.08,2111.66,18.17769231
potato,2017,Summer     ,Karnataka,1705.0,23510,268435.2,647.9,14.78714286
rice,2017,Kharif     ,Karnataka,737547.0,2123100,116119399.7,280267.86,2.9
rice,2017,Rabi       ,Karnataka,30634.0,81726,4823016.96,11640.92,2.773076923
rice,2017,Summer     ,Karnataka,224744.0,702645,35383695.36,85402.72,3.063703704
potato,2017,Whole Year ,Karnataka,2766.0,35891,435479.04,1051.08,12.25
maize,2017,Whole Year ,Kerala,70.66,160,11124.7104,26.8508,1.1775
potato,2017,Whole Year ,Kerala,516.0,7303,81239.04,196.08,14.15
rice,2017,Autumn     ,Kerala,58278.0,148913,9175288.32,22145.64,2.217692308
rice,2017,Summer     ,Kerala,49693.0,153463,7823665.92,18883.34,2.733571429
rice,2017,Winter     ,Kerala,81115.0,218934,12770745.6,30823.7,2.483571429
potato,2017,Whole Year ,Kerala,295.0,4277,46444.8,112.1,13.17785714
maize,2017,Kharif     ,Tamil Nadu,166195.0,1532106,26165740.8,63154.1,8.962
maize,2017,Rabi       ,Tamil Nadu,158323.0,1059526,24926373.12,60162.74,6.956785714
potato,2017,Kharif     ,Tamil Nadu,2358.0,40817,371243.52,896.04,16.698
potato,2017,Rabi       ,Tamil Nadu,1224.0,27698,192706.56,465.12,23.12
rice,2017,Autumn     ,Tamil Nadu,235255.0,906616,37038547.2,89396.9,3.967857143
rice,2017,Summer     ,Tamil Nadu,276272.0,1234550,43496263.68,104983.36,4.451428571
rice,2017,Winter     ,Tamil Nadu,1317338.0,4497284,207401694.7,500588.44,4.139
potato,2017,Whole Year ,Tamil Nadu,302.0,7946,47546.88,114.76,26.33944444
maize,2018,Kharif     ,Andhra Pradesh,104370.0,431440,16928814.0,36529.5,3.716923077
maize,2018,Rabi       ,Andhra Pradesh,161853.0,1131719,26252556.6,56648.55,5.788461538
potato,2018,Kharif     ,Andhra Pradesh,486.0,2992,78829.2,170.1,7.44
potato,2018,Rabi       ,Andhra Pradesh,970.0,6026,157334.0,339.5,8.096666667
rice,2018,Kharif     ,Andhra Pradesh,1563887.0,5243250,253662471.4,547360.45,3.263846154
rice,2018,Rabi       ,Andhra Pradesh,644417.0,2991289,104524437.4,225545.95,3.699230769
potato,2018,Kharif     ,Andhra Pradesh,91.0,1476,14760.2,31.85,17.15
potato,2018,Rabi       ,Andhra Pradesh,418.0,8479,67799.6,146.3,18.64777778
rice,2018,Kharif     ,Puducherry,4298.0,16082,697135.6,1504.3,3.373333333
rice,2018,Rabi       ,Puducherry,9048.0,30635,1467585.6,3166.8,3.976666667
rice,2018,Summer     ,Puducherry,4515.0,16626,732333.0,1580.25,2.885
potato,2018,Kharif     ,Puducherry,3.0,24,486.6,1.05,8.0
maize,2018,Kharif     ,Assam,32264.0,105003,5233220.8,11292.4,2.868518519
potato,2018,Whole Year ,Assam,103205.0,773481,16739851.0,36121.75,7.511851852
rice,2018,Autumn     ,Assam,144766.0,209122,23481045.2,50668.1,1.492592593
rice,2018,Summer     ,Assam,400873.0,1145512,65021600.6,140305.55,2.645
rice,2018,Winter     ,Assam,1879539.0,4082738,304861225.8,657838.65,2.15
potato,2018,Whole Year ,Assam,5020.0,26342,814244.0,1757.0,5.694814815
maize,2018,Kharif     ,Meghalaya,18163.0,41667,2946038.6,6357.05,2.246363636
potato,2018,Summer     ,Meghalaya,12569.0,143031,2038691.8,4399.15,8.255454545
potato,2018,Winter     ,Meghalaya,6360.0,44175,1031592.0,2226.0,6.526363636
rice,2018,Autumn     ,Meghalaya,33494.0,78214,5432726.8,11722.9,2.545454545
rice,2018,Rabi       ,Meghalaya,13624.0,63050,2209812.8,4768.4,2.569090909
rice,2018,Winter     ,Meghalaya,63814.0,161706,10350630.8,22334.9,2.352727273
potato,2018,Kharif     ,Meghalaya,4723.0,15796,766070.6,1653.05,3.697272727
rice,2018,Kharif     ,Goa,25841.0,70272,4191410.2,9044.35,2.72
rice,2018,Rabi       ,Goa,10543.0,28582,1710074.6,3690.05,2.72
potato,2018,Whole Year ,Goa,55.0,116,8921.0,19.25,2.285
maize,2018,Kharif     ,Karnataka,1296051.0,3407725,210219472.2,453617.85,2.882413793
maize,2018,Rabi       ,Karnataka,93618.0,317479,15184839.6,32766.3,3.1972
maize,2018,Summer     ,Karnataka,19621.0,67607,3182526.2,6867.35,3.2775
potato,2018,Kharif     ,Karnataka,21372.0,169235,3466538.4,7480.2,8.165862069
potato,2018,Rabi       ,Karnataka,6482.0,98231,1051380.4,2268.7,14.73
potato,2018,Summer     ,Karnataka,410.0,6626,66502.0,143.5,16.26142857
rice,2018,Kharif     ,Karnataka,1037158.0,2949318,168227027.6,363005.3,2.637
rice,2018,Rabi       ,Karnataka,11442.0,28334,1855892.4,4004.7,2.480833333
rice,2018,Summer     ,Karnataka,150993.0,484330,24491064.6,52847.55,2.9272
potato,2018,Whole Year ,Karnataka,5032.0,73050,816190.4,1761.2,14.20703704
maize,2018,Whole Year ,Kerala,104.326,145,16921.6772,36.5141,4.508
potato,2018,Whole Year ,Kerala,536.9,7381,87085.18,187.915,13.75
rice,2018,Autumn     ,Kerala,60718.46,101943,9848534.212,21251.461,1.565384615
rice,2018,Summer     ,Kerala,48858.28,196784,7924813.016,17100.398,3.09
rice,2018,Winter     ,Kerala,88449.47,279529,14346504.03,30957.3145,2.684285714
potato,2018,Whole Year ,Kerala,210.41,3059,34128.502,73.6435,13.17714286
maize,2018,Kharif     ,Tamil Nadu,168944.0,1283603,27402716.8,59130.4,7.625384615
maize,2018,Rabi       ,Tamil Nadu,221658.0,1550834,35952927.6,77580.3,6.984
potato,2018,Kharif     ,Tamil Nadu,2334.0,25622,378574.8,816.9,13.195
potato,2018,Rabi       ,Tamil Nadu,1198.0,23750,194315.6,419.3,23.2225
rice,2018,Autumn     ,Tamil Nadu,279647.0,1198496,45358743.4,97876.45,4.184827586
rice,2018,Summer     ,Tamil Nadu,236904.0,992095,38425828.8,82916.4,3.997333333
rice,2018,Winter     ,Tamil Nadu,1204714.0,3940959,195404610.8,421649.9,3.749032258
potato,2018,Whole Year ,Tamil Nadu,328.0,8848,53201.6,114.8,25.31238095
maize,2019,Kharif     ,Andhra Pradesh,95591.0,450932,16418710.16,35368.67,4.653076923
maize,2019,Rabi       ,Andhra Pradesh,205100.0,1670288,35227976.0,75887.0,6.698461538
potato,2019,Kharif     ,Andhra Pradesh,453.0,6648,77807.28,167.61,12.21
potato,2019,Rabi       ,Andhra Pradesh,1050.0,15919,180348.0,388.5,13.155
rice,2019,Kharif     ,Andhra Pradesh,1526425.0,5342033,262178758.0,564777.25,3.517692308
rice,2019,Rabi       ,Andhra Pradesh,829557.0,3798058,142484710.3,306936.09,3.873076923
potato,2019,Kharif     ,Andhra Pradesh,54.0,895,9275.04,19.98,18.038
potato,2019,Rabi       ,Andhra Pradesh,360.0,6271,61833.6,133.2,16.747
rice,2019,Kharif     ,Puducherry,4323.0,15171,742518.48,1599.51,3.216666667
rice,2019,Rabi       ,Puducherry,9397.0,28114,1614028.72,3476.89,3.883333333
rice,2019,Summer     ,Puducherry,4518.0,16060,776011.68,1671.66,3.55
potato,2019,Kharif     ,Puducherry,5.0,45,858.8,1.85,9.0
potato,2019,Rabi       ,Puducherry,1.0,9,171.76,0.37,9.0
maize,2019,Kharif     ,Assam,36636.0,128036,6292599.36,13555.32,3.155555556
potato,2019,Whole Year ,Assam,104750.0,756222,17991860.0,38757.5,7.303703704
rice,2019,Autumn     ,Assam,127223.0,193215,21851822.48,47072.51,1.464814815
rice,2019,Summer     ,Assam,395518.0,1025571,67934171.68,146341.66,2.492307692
rice,2019,Winter     ,Assam,1878208.0,3996018,322601006.1,694936.96,2.137037037
potato,2019,Whole Year ,Assam,4926.0,25640,846089.76,1822.62,5.578518519
maize,2019,Kharif     ,Meghalaya,18174.0,41760,3121566.24,6724.38,2.254545455
potato,2019,Summer     ,Meghalaya,12577.0,143122,2160225.52,4653.49,8.257272727
potato,2019,Winter     ,Meghalaya,6366.0,44226,1093424.16,2355.42,6.527272727
rice,2019,Autumn     ,Meghalaya,33480.0,78074,5750524.8,12387.6,2.510909091
rice,2019,Rabi       ,Meghalaya,13628.0,63081,2340745.28,5042.36,2.57
rice,2019,Winter     ,Meghalaya,63889.0,162321,10973574.64,23638.93,2.36
potato,2019,Kharif     ,Meghalaya,4734.0,15842,813111.84,1751.58,3.699090909
rice,2019,Kharif     ,Goa,24411.0,60556,4192833.36,9032.07,2.475
rice,2019,Rabi       ,Goa,10287.0,29819,1766895.12,3806.19,2.95
potato,2019,Whole Year ,Goa,66.0,164,11336.16,24.42,2.53
maize,2019,Kharif     ,Karnataka,1355321.0,4228095,232789935.0,501468.77,3.572068966
maize,2019,Rabi       ,Karnataka,114070.0,394898,19592663.2,42205.9,3.466785714
maize,2019,Summer     ,Karnataka,31000.0,122718,5324560.0,11470.0,3.905357143
potato,2019,Kharif     ,Karnataka,17797.0,124958,3056812.72,6584.89,7.178214286
potato,2019,Rabi       ,Karnataka,4477.0,69340,768969.52,1656.49,15.27291667
potato,2019,Summer     ,Karnataka,458.0,7162,78666.08,169.46,15.88222222
rice,2019,Kharif     ,Karnataka,964087.0,3088937,165591583.1,356712.19,2.924
rice,2019,Rabi       ,Karnataka,11266.0,31038,1935048.16,4168.42,2.881428571
rice,2019,Summer     ,Karnataka,272701.0,827998,46839123.76,100899.37,2.86862069
potato,2019,Whole Year ,Karnataka,5105.0,98495,876834.8,1888.85,18.80518519
maize,2019,Whole Year ,Kerala,113.0,140,19408.88,41.81,1.82
potato,2019,Whole Year ,Kerala,490.0,6569,84162.4,181.3,13.41
rice,2019,Autumn     ,Kerala,55895.0,145076,9600525.2,20681.15,1.949230769
rice,2019,Summer     ,Kerala,61006.0,212586,10478390.56,22572.22,2.815714286
rice,2019,Winter     ,Kerala,81279.0,247879,13960481.04,30073.23,2.503571429
potato,2019,Whole Year ,Kerala,194.0,2782,33321.44,71.78,13.1125
maize,2019,Kharif     ,Tamil Nadu,168587.0,1506526,28956503.12,62377.19,8.614827586
maize,2019,Rabi       ,Tamil Nadu,164978.0,1108221,28336621.28,61041.86,6.841666667
potato,2019,Kharif     ,Tamil Nadu,2900.0,60513,498104.0,1073.0,21.384
potato,2019,Rabi       ,Tamil Nadu,1113.0,24207,191168.88,411.81,21.68
rice,2019,Autumn     ,Tamil Nadu,206535.0,847692,35474451.6,76417.95,4.077241379
rice,2019,Summer     ,Tamil Nadu,339990.0,1463054,58396682.4,125796.3,4.095
rice,2019,Winter     ,Tamil Nadu,1360882.0,4954415,233745092.3,503526.34,3.818387097
potato,2019,Whole Year ,Tamil Nadu,585.0,14383,100479.6,216.45,23.39619048
maize,1997,Autumn     ,Odisha,51349.0,63331,4886884.33,15918.19,0.812
maize,1997,Summer     ,Odisha,1164.0,978,110777.88,360.84,0.945714286
maize,1997,Winter     ,Odisha,144.0,136,13704.48,44.64,0.9925
potato,1997,Whole Year ,Odisha,8887.0,87413,845775.79,2754.97,8.774
maize,1997,Kharif     ,Andhra Pradesh,305100.0,791500,29036367.0,94581.0,2.201818182
maize,1997,Rabi       ,Andhra Pradesh,90800.0,291800,8641436.0,28148.0,3.21
rice,1997,Kharif     ,Andhra Pradesh,2382500.0,5218300,226742525.0,738575.0,1.99173913
rice,1997,Rabi       ,Andhra Pradesh,1117700.0,3291700,106371509.0,346487.0,2.64
maize,1997,Kharif     ,Bihar,375000.0,456375,35688750.0,116250.0,1.260185185
maize,1997,Rabi       ,Bihar,181914.0,546011,17312755.38,56393.34,2.803555556
maize,1997,Summer     ,Bihar,143522.0,307134,13658988.74,44491.82,2.025192308
potato,1997,Whole Year ,Bihar,168074.0,1465659,15995602.58,52102.94,8.929636364
rice,1997,Autumn     ,Bihar,749671.0,892725,71346189.07,232398.01,1.102244898
rice,1997,Summer     ,Bihar,124429.0,236446,11841907.93,38572.99,1.683265306
rice,1997,Winter     ,Bihar,4238204.0,6004120,403349874.7,1313843.24,1.354363636
potato,1997,Whole Year ,Bihar,14114.0,186123,1343229.38,4375.34,13.03461538
maize,1997,Whole Year ,Gujarat,399800.0,659000,38048966.0,123938.0,1.690666667
potato,1997,Whole Year ,Gujarat,28500.0,623900,2712345.0,8835.0,21.167
rice,1997,Whole Year ,Gujarat,672600.0,1042300,64011342.0,208506.0,1.665
maize,1997,Kharif     ,Madhya Pradesh,808300.0,1085400,76925911.0,250573.0,1.143023256
maize,1997,Autumn     ,Maharashtra,21.0,19695,1998.57,6.51,989.87
maize,1997,Kharif     ,Maharashtra,187600.0,219700,17853892.0,58156.0,1.082083333
maize,1997,Rabi       ,Maharashtra,45800.0,65400,4358786.0,14198.0,1.476875
maize,1997,Summer     ,Maharashtra,7500.0,12500,713775.0,2325.0,1.407777778
rice,1997,Kharif     ,Maharashtra,1339000.0,2330000,127432630.0,415090.0,8.778275862
rice,1997,Summer     ,Maharashtra,329.0,646,31310.93,101.99,2.018888889
maize,1997,Kharif     ,Mizoram,8140.0,16256,774683.8,2523.4,2.0875
maize,1997,Rabi       ,Mizoram,120.0,243,11420.4,37.2,2.15
rice,1997,Whole Year ,Mizoram,68114.0,110573,6482409.38,21115.34,1.6
maize,1997,Kharif     ,Punjab,165000.0,345000,15703050.0,51150.0,2.102727273
rice,1997,Kharif     ,Punjab,2281000.0,7904000,217082770.0,707110.0,3.476470588
maize,1997,Kharif     ,Uttar Pradesh,1017592.0,1598438,96844230.64,315453.52,1.498125
maize,1997,Summer     ,Uttar Pradesh,10385.0,16398,988340.45,3219.35,1.577936508
potato,1997,Whole Year ,Uttar Pradesh,400234.0,5869975,38090269.78,124072.54,13.6445
rice,1997,Kharif     ,Uttar Pradesh,5726527.0,12262794,544993574.6,1775223.37,2.037
rice,1997,Summer     ,Uttar Pradesh,6607.0,18281,628788.19,2048.17,2.202903226
maize,1998,Kharif     ,Andhra Pradesh,314900.0,1019800,31112120.0,91321.0,2.479545455
maize,1998,Rabi       ,Andhra Pradesh,83700.0,363700,8269560.0,24273.0,4.245
rice,1998,Kharif     ,Andhra Pradesh,2812400.0,7005800,277865120.0,815596.0,2.47
rice,1998,Rabi       ,Andhra Pradesh,1504200.0,4872200,148614960.0,436218.0,2.986086957
maize,1998,Kharif     ,Bihar,369521.0,395957,36508674.8,107161.09,1.276363636
maize,1998,Rabi       ,Bihar,190119.0,541979,18783757.2,55134.51,2.834545455
maize,1998,Summer     ,Bihar,151459.0,364449,14964149.2,43923.11,2.175306122
potato,1998,Whole Year ,Bihar,178428.0,1721987,17628686.4,51744.12,9.751454545
rice,1998,Summer     ,Bihar,132836.0,270992,13124196.8,38522.44,1.765777778
rice,1998,Winter     ,Bihar,4234443.0,5722449,418362968.4,1227988.47,1.242909091
potato,1998,Whole Year ,Bihar,17925.0,193770,1770990.0,5198.25,11.04475
maize,1998,Kharif     ,Gujarat,408300.0,696000,40340040.0,118407.0,1.649411765
potato,1998,Whole Year ,Gujarat,31600.0,712900,3122080.0,9164.0,22.369
rice,1998,Kharif     ,Gujarat,622100.0,1015900,61463480.0,180409.0,1.695384615
maize,1998,Kharif     ,Haryana,20117.0,39000,1987559.6,5833.93,0.938235294
potato,1998,Whole Year ,Haryana,13467.0,212700,1330539.6,3905.43,14.64631579
rice,1998,Kharif     ,Haryana,1086694.0,2432000,107365367.2,315141.26,2.286666667
potato,1998,Whole Year ,Haryana,88.0,1500,8694.4,25.52,14.696
maize,1998,Kharif     ,Himachal Pradesh,300976.0,662272,29736428.8,87283.04,2.23
potato,1998,Kharif     ,Himachal Pradesh,10580.0,124547,1045304.0,3068.2,11.007
potato,1998,Rabi       ,Himachal Pradesh,3251.0,28756,321198.8,942.79,10.772
rice,1998,Kharif     ,Himachal Pradesh,82125.0,116997,8113950.0,23816.25,1.455454545
maize,1998,Kharif     ,Madhya Pradesh,797600.0,1171600,78802880.0,231304.0,1.294035088
rice,1998,Kharif     ,Madhya Pradesh,5438800.0,3346300,537353440.0,1577252.0,0.586785714
maize,1998,Kharif     ,Maharashtra,200400.0,400400,19799520.0,58116.0,1.952608696
maize,1998,Rabi       ,Maharashtra,58800.0,87600,5809440.0,17052.0,1.399444444
maize,1998,Summer     ,Maharashtra,10900.0,17500,1076920.0,3161.0,1.426666667
rice,1998,Kharif     ,Maharashtra,1445700.0,2395100,142835160.0,419253.0,1.267241379
rice,1998,Summer     ,Maharashtra,37400.0,72500,3695120.0,10846.0,2.053333333
maize,1998,Kharif     ,Punjab,154000.0,352000,15215200.0,44660.0,2.42
rice,1998,Kharif     ,Punjab,2519000.0,7940000,248877200.0,730510.0,3.099411765
maize,1998,Kharif     ,Tamil Nadu,70179.0,111983,6933685.2,20351.91,1.606666667
potato,1998,Whole Year ,Tamil Nadu,2864.0,47513,282963.2,830.56,19.0875
rice,1998,Kharif     ,Tamil Nadu,2386399.0,8215286,235776221.2,692055.71,3.445
potato,1998,Whole Year ,Tamil Nadu,718.0,12462,70938.4,208.22,17.78736842
maize,1998,Kharif     ,Tripura,2320.0,1730,229216.0,672.8,0.7475
rice,1998,Kharif     ,Tripura,255487.0,491430,25242115.6,74091.23,1.8775
maize,1998,Kharif     ,Uttar Pradesh,995794.0,1012898,98384447.2,288780.26,0.933780488
maize,1998,Summer     ,Uttar Pradesh,10551.0,10699,1042438.8,3059.79,1.01047619
potato,1998,Whole Year ,Uttar Pradesh,429231.0,9793745,42408022.8,124476.99,21.38225
rice,1998,Kharif     ,Uttar Pradesh,5875153.0,11374070,580465116.4,1703794.37,1.865060241
rice,1998,Summer     ,Uttar Pradesh,5629.0,12643,556145.2,1632.41,2.015172414
maize,1999,Kharif     ,Bihar,385865.0,595085,40951852.45,104183.55,1.615272727
maize,1999,Rabi       ,Bihar,199600.0,600608,21183548.0,53892.0,2.928333333
maize,1999,Summer     ,Bihar,152658.0,365675,16201593.54,41217.66,2.511666667
potato,1999,Whole Year ,Bihar,144461.0,1381179,15331645.93,39004.47,9.737297297
rice,1999,Kharif     ,Bihar,744230.0,862282,78985129.9,200942.1,1.061666667
rice,1999,Summer     ,Bihar,124874.0,246807,13252877.62,33715.98,1.700666667
potato,1999,Whole Year ,Bihar,5804.0,79132,615978.52,1567.08,13.63172414
maize,1999,Kharif     ,Gujarat,391000.0,504000,41496830.0,105570.0,1.324117647
potato,1999,Whole Year ,Gujarat,31300.0,687900,3321869.0,8451.0,20.62111111
rice,1999,Kharif     ,Gujarat,664400.0,984900,70512772.0,179388.0,1.510714286
maize,1999,Kharif     ,Haryana,20078.0,48000,2130878.14,5421.06,0.812631579
potato,1999,Whole Year ,Haryana,12659.0,199800,1343499.67,3417.93,21.46470588
rice,1999,Kharif     ,Haryana,1083052.0,2563000,114944308.8,292424.04,2.235
maize,1999,Kharif     ,Himachal Pradesh,299906.0,681424,31829023.78,80974.62,2.324166667
potato,1999,Whole Year ,Himachal Pradesh,627.0,5395,66543.51,169.29,5.58
rice,1999,Kharif     ,Himachal Pradesh,80222.0,120365,8513960.86,21659.94,1.55
maize,1999,Kharif     ,Karnataka,525383.0,1417739,55758897.79,141853.41,2.7368
maize,1999,Rabi       ,Karnataka,67807.0,161775,7196356.91,18307.89,2.327619048
maize,1999,Summer     ,Karnataka,13197.0,23878,1400597.61,3563.19,1.786666667
potato,1999,Whole Year ,Karnataka,27990.0,412775,2970578.7,7557.3,17.287
rice,1999,Kharif     ,Karnataka,1096198.0,2678951,116339493.7,295973.46,2.292962963
rice,1999,Rabi       ,Karnataka,52778.0,107289,5601329.14,14250.06,2.079285714
rice,1999,Summer     ,Karnataka,300820.0,930490,31926026.6,81221.4,2.7336
potato,1999,Whole Year ,Karnataka,2833.0,21648,300666.29,764.91,6.267857143
maize,1999,Kharif     ,Madhya Pradesh,846456.0,1360669,89834375.28,228543.12,1.543220339
potato,1999,Whole Year ,Madhya Pradesh,67359.0,856854,7148810.67,18186.93,12.04827586
rice,1999,Kharif     ,Madhya Pradesh,5514025.0,6663769,585203473.3,1488786.75,1.110508475
potato,1999,Whole Year ,Madhya Pradesh,6591.0,40325,699502.83,1779.57,6.262241379
maize,1999,Kharif     ,Maharashtra,193869.0,305573,20575316.97,52344.63,1.3428
maize,1999,Rabi       ,Maharashtra,58800.0,90700,6240444.0,15876.0,1.491111111
maize,1999,Summer     ,Maharashtra,11200.0,18200,1188656.0,3024.0,1.428888889
rice,1999,Kharif     ,Maharashtra,1457100.0,2466400,154642023.0,393417.0,1.211935484
rice,1999,Summer     ,Maharashtra,41400.0,82900,4393782.0,11178.0,2.081
maize,1999,Kharif     ,Nagaland,32050.0,42350,3401466.5,8653.5,1.312857143
potato,1999,Whole Year ,Nagaland,4130.0,44800,438316.9,1115.1,10.82857143
rice,1999,Kharif     ,Nagaland,148000.0,222000,15707240.0,39960.0,1.484285714
maize,1999,Kharif     ,Odisha,165330.0,206370,17546472.9,44639.1,1.160333333
maize,1999,Rabi       ,Odisha,8270.0,10280,877695.1,2232.9,1.395357143
potato,1999,Whole Year ,Odisha,8740.0,91050,927576.2,2359.8,9.781851852
rice,1999,Autumn     ,Odisha,797000.0,743000,84585610.0,215190.0,0.971333333
rice,1999,Summer     ,Odisha,381810.0,912040,40521495.3,103088.7,2.073333333
rice,1999,Winter     ,Odisha,3423000.0,3532000,363282990.0,924210.0,1.142666667
potato,1999,Kharif     ,Odisha,34100.0,292450,3619033.0,9207.0,8.429642857
potato,1999,Rabi       ,Odisha,9780.0,68770,1037951.4,2640.6,7.766153846
maize,1999,Kharif     ,Punjab,162000.0,417000,17193060.0,43740.0,2.711666667
rice,1999,Kharif     ,Punjab,2604000.0,8716000,276362520.0,703080.0,3.332352941
maize,1999,Kharif     ,Tamil Nadu,115803.0,183765,12290172.39,31266.81,1.688
potato,1999,Whole Year ,Tamil Nadu,3803.0,72239,403612.39,1026.81,18.72
rice,1999,Kharif     ,Tamil Nadu,2204046.0,7225373,233915402.0,595092.42,3.499642857
potato,1999,Whole Year ,Tamil Nadu,1860.0,22519,197401.8,502.2,12.04052632
maize,1999,Kharif     ,Uttar Pradesh,955522.0,1380635,101409549.9,257990.94,1.303170732
maize,1999,Rabi       ,Uttar Pradesh,11659.0,16894,1237369.67,3147.93,1.455079365
potato,1999,Whole Year ,Uttar Pradesh,441656.0,9952976,46872951.28,119247.12,21.67878049
rice,1999,Kharif     ,Uttar Pradesh,6079822.0,13230539,645251508.9,1641551.94,1.991707317
rice,1999,Summer     ,Uttar Pradesh,6052.0,16186,642298.76,1634.04,2.190384615
maize,2000,Kharif     ,Bihar,272957.0,477141,26796188.69,70968.82,1.728918919
maize,2000,Rabi       ,Bihar,191502.0,549109,18799751.34,49790.52,2.568571429
maize,2000,Summer     ,Bihar,156046.0,461059,15319035.82,40571.96,2.77
potato,2000,Whole Year ,Bihar,144563.0,1400358,14191749.71,37586.38,9.984594595
rice,2000,Autumn     ,Bihar,2939790.0,4444354,288599184.3,764345.4,1.399189189
rice,2000,Kharif     ,Bihar,591705.0,786858,58087679.85,153843.3,1.310645161
rice,2000,Summer     ,Bihar,125349.0,213158,12305511.33,32590.74,1.590645161
potato,2000,Whole Year ,Bihar,5009.0,60707,491733.53,1302.34,12.08833333
maize,2000,Kharif     ,Chhattisgarh,93364.0,125668,9165543.88,24274.64,1.168125
potato,2000,Whole Year ,Chhattisgarh,9092.0,66090,892561.64,2363.92,7.36625
rice,2000,Kharif     ,Chhattisgarh,3769746.0,2369295,370075964.8,980133.96,0.6575
potato,2000,Whole Year ,Chhattisgarh,2870.0,16869,281747.9,746.2,5.77875
maize,2000,Kharif     ,Gujarat,382900.0,288500,37589293.0,99554.0,0.8175
potato,2000,Whole Year ,Gujarat,32800.0,716100,3219976.0,8528.0,21.33555556
rice,2000,Kharif     ,Gujarat,583500.0,472600,57282195.0,151710.0,0.8725
rice,2000,Summer     ,Gujarat,3900.0,10700,382863.0,1014.0,3.53
maize,2000,Kharif     ,Haryana,15429.0,34000,1514664.93,4011.54,0.740555556
potato,2000,Whole Year ,Haryana,9273.0,141200,910330.41,2410.98,15.6075
rice,2000,Kharif     ,Haryana,1054282.0,2695000,103498863.9,274113.32,2.443157895
potato,2000,Whole Year ,Haryana,120.0,2500,11780.4,31.2,19.48
maize,2000,Kharif     ,Himachal Pradesh,298052.0,683642,29259764.84,77493.52,2.3325
rice,2000,Kharif     ,Himachal Pradesh,81519.0,124893,8002720.23,21194.94,1.55
maize,2000,Kharif     ,Madhya Pradesh,829299.0,1209947,81412282.83,215617.74,1.558636364
rice,2000,Kharif     ,Madhya Pradesh,1697346.0,975274,166628456.8,441309.96,0.613555556
maize,2000,Kharif     ,Maharashtra,258500.0,216000,25376945.0,67210.0,0.856538462
maize,2000,Rabi       ,Maharashtra,70200.0,87600,6891534.0,18252.0,1.161666667
rice,2000,Kharif     ,Maharashtra,1486400.0,1879200,145919888.0,386464.0,0.9865625
rice,2000,Summer     ,Maharashtra,25100.0,50500,2464067.0,6526.0,1.987
maize,2000,Kharif     ,Mizoram,6410.0,16112,629269.7,1666.6,2.1825
maize,2000,Rabi       ,Mizoram,233.0,324,22873.61,60.58,1.516666667
potato,2000,Whole Year ,Mizoram,310.0,2429,30432.7,80.6,5.805
rice,2000,Kharif     ,Mizoram,51839.0,103673,5089034.63,13478.14,1.8875
maize,2000,Kharif     ,Nagaland,35000.0,52500,3435950.0,9100.0,1.5125
potato,2000,Whole Year ,Nagaland,4540.0,47890,445691.8,1180.4,10.32375
rice,2000,Kharif     ,Nagaland,150000.0,230000,14725500.0,39000.0,1.5025
rice,2000,Rabi       ,Nagaland,1680.0,3330,164925.6,436.8,1.98
maize,2000,Kharif     ,Odisha,54371.0,68866,5337601.07,14136.46,0.8808
potato,2000,Whole Year ,Odisha,8251.0,85872,810000.67,2145.26,9.321071429
rice,2000,Autumn     ,Odisha,854570.0,464250,83893136.9,222188.2,0.733666667
rice,2000,Summer     ,Odisha,206730.0,441540,20294684.1,53749.8,1.685333333
rice,2000,Winter     ,Odisha,3372220.0,3707590,331050837.4,876777.2,1.020666667
potato,2000,Whole Year ,Odisha,37670.0,272050,3698063.9,9794.2,7.797666667
maize,2000,Kharif     ,Punjab,165000.0,461000,16198050.0,42900.0,2.904615385
rice,2000,Kharif     ,Punjab,2611000.0,9154000,256321870.0,678860.0,3.501764706
maize,2000,Kharif     ,Tamil Nadu,119802.0,193854,11760962.34,31148.52,1.629090909
potato,2000,Whole Year ,Tamil Nadu,2723.0,49126,267316.91,707.98,18.08
rice,2000,Kharif     ,Tamil Nadu,2113344.0,7217903,207466980.5,549469.44,3.611785714
potato,2000,Whole Year ,Tamil Nadu,916.0,10581,89923.72,238.16,11.92647059
maize,2000,Kharif     ,Uttar Pradesh,907927.0,1473111,89131193.59,236061.02,1.534782609
maize,2000,Rabi       ,Uttar Pradesh,12914.0,20943,1267767.38,3357.64,1.606610169
potato,2000,Whole Year ,Uttar Pradesh,394083.0,8398200,38687128.11,102461.58,19.7573913
rice,2000,Kharif     ,Uttar Pradesh,5904128.0,11672250,579608245.8,1535073.28,1.894782609
rice,2000,Summer     ,Uttar Pradesh,3023.0,6899,296767.91,785.98,2.083181818
maize,2000,Kharif     ,Uttarakhand,33467.0,48302,3285455.39,8701.42,1.337692308
maize,2000,Rabi       ,Uttarakhand,63.0,99,6184.71,16.38,1.535
potato,2000,Kharif     ,Uttarakhand,6286.0,138309,617096.62,1634.36,21.66555556
potato,2000,Rabi       ,Uttarakhand,6473.0,148125,635454.41,1682.98,21.60538462
rice,2000,Kharif     ,Uttarakhand,285545.0,579074,28031952.65,74241.7,1.649230769
rice,2000,Rabi       ,Uttarakhand,3062.0,9578,300596.54,796.12,3.125
maize,2001,Autumn     ,Bihar,244793.0,396864,25000709.09,63646.18,1.768108108
maize,2001,Rabi       ,Bihar,187399.0,622294,19139059.87,48723.74,2.911818182
maize,2001,Summer     ,Bihar,149864.0,388209,15305610.32,38964.64,2.469189189
potato,2001,Whole Year ,Bihar,140783.0,1432119,14378167.79,36603.58,10.54486486
rice,2001,Autumn     ,Bihar,2844474.0,4354156,290506129.6,739563.24,1.409189189
rice,2001,Kharif     ,Bihar,126106.0,243661,12879205.78,32787.56,1.792903226
rice,2001,Summer     ,Bihar,593959.0,703404,60661032.67,154429.34,1.098275862
potato,2001,Whole Year ,Bihar,4981.0,56979,508709.53,1295.06,11.255
maize,2001,Kharif     ,Chhattisgarh,93820.0,69708,9581836.6,24393.2,0.75375
potato,2001,Whole Year ,Chhattisgarh,9315.0,64152,951340.95,2421.9,6.849375
rice,2001,Kharif     ,Chhattisgarh,3810112.0,5073721,389126738.6,990629.12,1.34375
potato,2001,Whole Year ,Chhattisgarh,2402.0,14001,245316.26,624.52,5.834375
maize,2001,Kharif     ,Gujarat,443500.0,884600,45294655.0,115310.0,2.108666667
potato,2001,Whole Year ,Gujarat,32300.0,802000,3298799.0,8398.0,22.995
rice,2001,Kharif     ,Gujarat,664000.0,1028700,67814320.0,172640.0,1.533571429
rice,2001,Summer     ,Gujarat,3800.0,11500,388094.0,988.0,2.935
maize,2001,Kharif     ,Haryana,17944.0,47000,1832620.72,4665.44,1.051764706
potato,2001,Whole Year ,Haryana,9616.0,203100,982082.08,2500.16,19.08055556
rice,2001,Kharif     ,Haryana,1027505.0,2726000,104939085.6,267151.3,2.645555556
potato,2001,Whole Year ,Haryana,89.0,0,9089.57,23.14,0.0
maize,2001,Kharif     ,Himachal Pradesh,301282.0,668228,30769930.66,78333.32,2.463333333
potato,2001,Whole Year ,Himachal Pradesh,8480.0,75614,866062.4,2204.8,8.677272727
rice,2001,Kharif     ,Himachal Pradesh,80579.0,137418,8229533.27,20950.54,1.654545455
potato,2001,Whole Year ,Himachal Pradesh,102.0,0,10417.26,26.52,0.0
maize,2001,Kharif     ,Madhya Pradesh,843065.0,1672641,86102228.45,219196.9,1.943555556
potato,2001,Whole Year ,Madhya Pradesh,38387.0,507092,3920464.31,9980.62,13.38955556
rice,2001,Kharif     ,Madhya Pradesh,1766150.0,1685799,180376899.5,459199.0,0.849333333
potato,2001,Whole Year ,Madhya Pradesh,3707.0,21068,378595.91,963.82,5.656818182
maize,2001,Kharif     ,Maharashtra,254500.0,459110,25992085.0,66170.0,1.910769231
maize,2001,Rabi       ,Maharashtra,63100.0,116100,6444403.0,16406.0,1.887142857
maize,2001,Summer     ,Maharashtra,8500.0,11700,868105.0,2210.0,1.293529412
rice,2001,Kharif     ,Maharashtra,1487200.0,2590400,151887736.0,386672.0,1.261875
rice,2001,Summer     ,Maharashtra,26800.0,60800,2737084.0,6968.0,2.192
maize,2001,Kharif     ,Mizoram,5493.0,13758,561000.09,1428.18,2.076666667
maize,2001,Rabi       ,Mizoram,1884.0,2887,192412.92,489.84,1.6025
potato,2001,Whole Year ,Mizoram,376.0,1471,38400.88,97.76,4.8975
rice,2001,Kharif     ,Mizoram,55880.0,105713,5707024.4,14528.8,1.825
maize,2001,Kharif     ,Nagaland,45000.0,90000,4595850.0,11700.0,2.025
potato,2001,Whole Year ,Nagaland,3550.0,42420,362561.5,923.0,12.14875
rice,2001,Kharif     ,Nagaland,155000.0,235000,15830150.0,40300.0,1.485
rice,2001,Rabi       ,Nagaland,1500.0,2000,153195.0,390.0,1.76
maize,2001,Kharif     ,Odisha,51428.0,46658,5252341.64,13371.28,0.714615385
potato,2001,Whole Year ,Odisha,7580.0,78049,774145.4,1970.8,9.565714286
rice,2001,Kharif     ,Odisha,4500000.0,7220000,459585000.0,1170000.0,1.583666667
potato,2001,Whole Year ,Odisha,38480.0,312850,3929962.4,10004.8,8.193666667
maize,2001,Kharif     ,Punjab,165000.0,449000,16851450.0,42900.0,2.7625
rice,2001,Kharif     ,Punjab,2487000.0,8816000,253997310.0,646620.0,3.517058824
rice,2001,Kharif     ,Tamil Nadu,2059878.0,6583630,210375340.1,535568.28,3.532857143
maize,2001,Kharif     ,Uttar Pradesh,913718.0,1488204,93318019.34,237566.68,1.500869565
maize,2001,Rabi       ,Uttar Pradesh,17419.0,28376,1779002.47,4528.94,1.63516129
potato,2001,Whole Year ,Uttar Pradesh,388552.0,9582545,39682815.76,101023.52,23.1684058
rice,2001,Kharif     ,Uttar Pradesh,6068496.0,12849116,619775496.5,1577808.96,2.016086957
rice,2001,Summer     ,Uttar Pradesh,2829.0,6741,288925.77,735.54,2.097777778
maize,2001,Kharif     ,Uttarakhand,32938.0,40682,3363957.94,8563.88,1.185384615
maize,2001,Rabi       ,Uttarakhand,125.0,183,12766.25,32.5,1.1
potato,2001,Kharif     ,Uttarakhand,7761.0,155501,792630.93,2017.86,19.90111111
potato,2001,Rabi       ,Uttarakhand,5739.0,121724,586124.07,1492.14,20.00692308
rice,2001,Kharif     ,Uttarakhand,280816.0,567662,28679738.08,73012.16,1.608461538
rice,2001,Rabi       ,Uttarakhand,3761.0,11855,384110.93,977.86,2.2625
maize,2002,Autumn     ,Bihar,255035.0,428182,24144163.45,63758.75,1.757567568
maize,2002,Rabi       ,Bihar,187707.0,520263,17770221.69,46926.75,2.553513514
maize,2002,Summer     ,Bihar,160863.0,432637,15228900.21,40215.75,2.609459459
potato,2002,Whole Year ,Bihar,147819.0,1476602,13994024.73,36954.75,10.27135135
rice,2002,Autumn     ,Bihar,583274.0,682933,55218549.58,145818.5,1.060714286
rice,2002,Summer     ,Bihar,120354.0,197607,11393913.18,30088.5,1.625517241
rice,2002,Winter     ,Bihar,2881073.0,4205026,272751180.9,720268.25,1.345945946
potato,2002,Whole Year ,Bihar,5000.0,66772,473350.0,1250.0,12.524
maize,2002,Kharif     ,Chhattisgarh,93955.0,122611,8894719.85,23488.75,1.279375
potato,2002,Whole Year ,Chhattisgarh,9564.0,61104,905423.88,2391.0,6.6325
rice,2002,Kharif     ,Chhattisgarh,3777661.0,2634853,357631166.9,944415.25,0.710625
potato,2002,Whole Year ,Chhattisgarh,2585.0,14824,244721.95,646.25,5.37
maize,2002,Kharif     ,Gujarat,464500.0,792600,43974215.0,116125.0,1.671875
potato,2002,Whole Year ,Gujarat,35800.0,779700,3389186.0,8950.0,20.24333333
rice,2002,Kharif     ,Gujarat,469000.0,541700,44400230.0,117250.0,1.209230769
rice,2002,Summer     ,Gujarat,11800.0,54700,1117106.0,2950.0,4.53
maize,2002,Kharif     ,Haryana,15886.0,29000,1503927.62,3971.5,0.478333333
potato,2002,Whole Year ,Haryana,10328.0,291900,977751.76,2582.0,33.775
rice,2002,Kharif     ,Haryana,905651.0,2468000,85737980.17,226412.75,2.495
potato,2002,Whole Year ,Haryana,47.0,900,4449.49,11.75,13.98166667
maize,2002,Kharif     ,Himachal Pradesh,299801.0,483333,28382160.67,74950.25,1.6075
potato,2002,Whole Year ,Himachal Pradesh,13941.0,136033,1319794.47,3485.25,10.06
rice,2002,Kharif     ,Himachal Pradesh,83273.0,85653,7883454.91,20818.25,1.133636364
maize,2002,Kharif     ,Karnataka,578711.0,1165155,54786570.37,144677.75,2.174
maize,2002,Rabi       ,Karnataka,59503.0,149203,5633149.01,14875.75,2.483181818
maize,2002,Summer     ,Karnataka,11330.0,28584,1072611.1,2832.5,2.472173913
potato,2002,Whole Year ,Karnataka,50645.0,149282,4794562.15,12661.25,5.757142857
rice,2002,Kharif     ,Karnataka,1030464.0,2103709,97554026.88,257616.0,2.035185185
rice,2002,Rabi       ,Karnataka,50456.0,102312,4776669.52,12614.0,2.000666667
rice,2002,Summer     ,Karnataka,73863.0,184064,6992610.21,18465.75,2.378
potato,2002,Whole Year ,Karnataka,3390.0,26917,320931.3,847.5,6.286
maize,2002,Kharif     ,Madhya Pradesh,848970.0,1486546,80371989.9,212242.5,1.662
potato,2002,Whole Year ,Madhya Pradesh,40871.0,487836,3869257.57,10217.75,11.89644444
rice,2002,Kharif     ,Madhya Pradesh,1671107.0,1024930,158203699.7,417776.75,0.608
potato,2002,Whole Year ,Madhya Pradesh,3757.0,21287,355675.19,939.25,5.559555556
maize,2002,Kharif     ,Maharashtra,301200.0,629700,28514604.0,75300.0,1.725185185
maize,2002,Rabi       ,Maharashtra,61700.0,100100,5841139.0,15425.0,1.382727273
maize,2002,Summer     ,Maharashtra,8300.0,13500,785761.0,2075.0,1.386315789
rice,2002,Kharif     ,Maharashtra,1496800.0,1793000,141702056.0,374200.0,0.8903125
rice,2002,Summer     ,Maharashtra,26500.0,61100,2508755.0,6625.0,2.288
maize,2002,Kharif     ,Meghalaya,16922.0,25879,1602005.74,4230.5,1.527142857
potato,2002,Whole Year ,Meghalaya,18071.0,167884,1710781.57,4517.75,7.74
rice,2002,Kharif     ,Meghalaya,107742.0,190937,10199935.14,26935.5,1.767142857
potato,2002,Whole Year ,Meghalaya,4953.0,16412,468900.51,1238.25,3.42
maize,2002,Kharif     ,Mizoram,6889.0,13820,652181.63,1722.25,1.89
maize,2002,Rabi       ,Mizoram,600.0,1059,56802.0,150.0,1.695
potato,2002,Whole Year ,Mizoram,369.0,726,34933.23,92.25,1.976666667
rice,2002,Kharif     ,Mizoram,57067.0,109205,5402532.89,14266.75,1.89
maize,2002,Kharif     ,Nagaland,40000.0,80000,3786800.0,10000.0,2.02875
potato,2002,Whole Year ,Nagaland,5450.0,61000,515951.5,1362.5,11.25375
rice,2002,Kharif     ,Nagaland,150000.0,223400,14200500.0,37500.0,1.46375
maize,2002,Kharif     ,Odisha,43100.0,42400,4080277.0,10775.0,0.9248
potato,2002,Whole Year ,Odisha,7076.0,70320,669884.92,1769.0,8.908214286
rice,2002,Kharif     ,Odisha,4273000.0,3278000,404524910.0,1068250.0,0.753333333
potato,2002,Whole Year ,Odisha,46890.0,384260,4439076.3,11722.5,8.228666667
maize,2002,Kharif     ,Punjab,152000.0,310000,14389840.0,38000.0,2.083333333
rice,2002,Kharif     ,Punjab,2530000.0,8880000,239515100.0,632500.0,3.438823529
maize,2002,Kharif     ,Uttarakhand,28506.0,32127,2698663.02,7126.5,1.043076923
maize,2002,Rabi       ,Uttarakhand,82.0,127,7762.94,20.5,1.455
potato,2002,Kharif     ,Uttarakhand,7741.0,154194,732840.47,1935.25,20.172
potato,2002,Rabi       ,Uttarakhand,6803.0,143706,644040.01,1700.75,19.99538462
rice,2002,Kharif     ,Uttarakhand,271219.0,511526,25676302.73,67804.75,1.461538462
rice,2002,Rabi       ,Uttarakhand,4090.0,11649,387200.3,1022.5,2.8
maize,2002,Autumn     ,Jharkhand,62780.33,74310,5943413.841,15695.0825,1.203571429
potato,2002,Rabi       ,Jharkhand,12269.37,91201,1161541.258,3067.3425,7.418
potato,2002,Winter     ,Jharkhand,10525.78,74589,996475.5926,2631.445,6.716666667
rice,2002,Autumn     ,Jharkhand,136359.61,89082,12909164.28,34089.9025,1.516666667
rice,2002,Winter     ,Jharkhand,922658.68,974008,87348097.24,230664.67,1.062222222
maize,2003,Kharif     ,Bihar,259030.0,438013,25638789.4,62167.2,1.68
maize,2003,Rabi       ,Bihar,196338.0,594736,19433535.24,47121.12,2.925945946
maize,2003,Summer     ,Bihar,161062.0,440821,15941916.76,38654.88,2.775
potato,2003,Whole Year ,Bihar,142013.0,1351846,14056446.74,34083.12,9.989210526
rice,2003,Autumn     ,Bihar,553904.0,688189,54825417.92,132936.96,1.141666667
rice,2003,Kharif     ,Bihar,190236.0,270831,18829559.28,45656.64,1.42
rice,2003,Summer     ,Bihar,116885.0,169902,11569277.3,28052.4,1.324642857
rice,2003,Winter     ,Bihar,2907199.0,4589705,287754557.0,697727.76,1.456315789
potato,2003,Whole Year ,Bihar,4551.0,63938,450457.98,1092.24,12.97965517
maize,2003,Kharif     ,Chhattisgarh,98575.0,135048,9756953.5,23658.0,1.20625
potato,2003,Whole Year ,Chhattisgarh,10228.0,49238,1012367.44,2454.72,5.158125
rice,2003,Kharif     ,Chhattisgarh,3828992.0,5567644,378993628.2,918958.08,1.4375
potato,2003,Whole Year ,Chhattisgarh,2665.0,15235,263781.7,639.6,5.71625
maize,2003,Kharif     ,Delhi,93.0,184,9205.14,22.32,1.98
potato,2003,Whole Year ,Delhi,62.0,306,6136.76,14.88,4.94
rice,2003,Kharif     ,Delhi,6549.0,17909,648220.02,1571.76,2.73
maize,2003,Kharif     ,Gujarat,484400.0,831900,47945912.0,116256.0,1.825
potato,2003,Whole Year ,Gujarat,31000.0,738300,3068380.0,7440.0,22.146
rice,2003,Kharif     ,Gujarat,651400.0,1193200,64475572.0,156336.0,1.7125
rice,2003,Summer     ,Gujarat,23900.0,83800,2365622.0,5736.0,3.565714286
maize,2003,Kharif     ,Haryana,16570.0,41000,1640098.6,3976.8,0.960588235
potato,2003,Whole Year ,Haryana,10521.0,256900,1041368.58,2525.04,22.60571429
rice,2003,Kharif     ,Haryana,1015191.0,2790000,100483605.2,243645.84,2.733333333
potato,2003,Whole Year ,Haryana,77.0,1600,7621.46,18.48,16.482
maize,2003,Autumn     ,Jharkhand,89591.91,136371,8867807.252,21502.0584,1.39
potato,2003,Rabi       ,Jharkhand,9350.04,73414,925466.9592,2244.0096,6.98625
potato,2003,Winter     ,Jharkhand,13174.37,121890,1303999.143,3161.8488,8.628333333
rice,2003,Autumn     ,Jharkhand,614160.1,418254,60789566.7,147398.424,0.74
rice,2003,Winter     ,Jharkhand,1437560.59,1525099,142289747.2,345014.5416,0.998636364
maize,2003,Kharif     ,Madhya Pradesh,898618.0,1858342,88945209.64,215668.32,1.916041667
potato,2003,Whole Year ,Madhya Pradesh,46546.0,667656,4607123.08,11171.04,13.33404255
rice,2003,Kharif     ,Madhya Pradesh,1708583.0,1743430,169115545.3,410059.92,0.997916667
potato,2003,Whole Year ,Madhya Pradesh,3821.0,21742,378202.58,917.04,5.932173913
maize,2003,Kharif     ,Maharashtra,311800.0,671000,30861964.0,74832.0,1.724444444
maize,2003,Rabi       ,Maharashtra,57900.0,81100,5730942.0,13896.0,1.689130435
rice,2003,Kharif     ,Maharashtra,1500400.0,2768600,148509592.0,360096.0,1.232258065
rice,2003,Summer     ,Maharashtra,29500.0,65500,2919910.0,7080.0,2.217
maize,2003,Kharif     ,Manipur,2340.0,7530,231613.2,561.6,2.76
rice,2003,Kharif     ,Manipur,157830.0,381240,15622013.4,37879.2,2.305555556
potato,2003,Whole Year ,Manipur,102.0,673,10095.96,24.48,6.59
maize,2003,Kharif     ,Mizoram,9765.0,19005,966539.7,2343.6,1.981666667
maize,2003,Rabi       ,Mizoram,716.0,1277,70869.68,171.84,1.802
potato,2003,Whole Year ,Mizoram,363.0,893,35929.74,87.12,3.301666667
rice,2003,Kharif     ,Mizoram,59196.0,114630,5859220.08,14207.04,1.925
maize,2003,Kharif     ,Nagaland,45000.0,78000,4454100.0,10800.0,1.69125
maize,2003,Rabi       ,Nagaland,140.0,260,13857.2,33.6,1.71
potato,2003,Whole Year ,Nagaland,5110.0,43540,505787.8,1226.4,8.2975
rice,2003,Kharif     ,Nagaland,155000.0,220990,15341900.0,37200.0,1.36
rice,2003,Rabi       ,Nagaland,1000.0,2000,98980.0,240.0,1.945
maize,2003,Kharif     ,Odisha,55549.0,78744,5498240.02,13331.76,0.887307692
maize,2003,Rabi       ,Odisha,13760.0,18180,1361964.8,3302.4,1.32
potato,2003,Whole Year ,Odisha,7303.0,75823,722850.94,1752.72,9.688965517
rice,2003,Kharif     ,Odisha,4501000.0,6801000,445508980.0,1080240.0,1.516333333
potato,2003,Whole Year ,Odisha,47030.0,393560,4655029.4,11287.2,8.454333333
maize,2003,Kharif     ,Punjab,154000.0,459000,15242920.0,36960.0,3.086923077
rice,2003,Kharif     ,Punjab,2614000.0,9656000,258733720.0,627360.0,3.678235294
maize,2003,Kharif     ,Uttar Pradesh,817385.0,1117621,80904767.3,196172.4,1.296
maize,2003,Rabi       ,Uttar Pradesh,4172.0,5704,412944.56,1001.28,1.348888889
maize,2003,Summer     ,Uttar Pradesh,20641.0,28216,2043046.18,4953.84,1.362166667
potato,2003,Whole Year ,Uttar Pradesh,441796.0,9540059,43728968.08,106031.04,19.60414286
rice,2003,Kharif     ,Uttar Pradesh,5719933.0,12476923,566158968.3,1372783.92,2.066285714
rice,2003,Summer     ,Uttar Pradesh,7839.0,18016,775904.22,1881.36,2.1595
maize,2003,Kharif     ,Uttarakhand,31209.0,47446,3089066.82,7490.16,1.456153846
maize,2003,Summer     ,Uttarakhand,137.0,224,13560.26,32.88,1.623333333
potato,2003,Whole Year ,Uttarakhand,16054.0,261765,1589024.92,3852.96,15.82153846
rice,2003,Kharif     ,Uttarakhand,271671.0,520831,26889995.58,65201.04,1.640769231
rice,2003,Summer     ,Uttarakhand,5655.0,21126,559731.9,1357.2,3.66
maize,2004,Kharif     ,Andhra Pradesh,505358.0,1238622,54750485.72,106125.18,2.819545455
maize,2004,Rabi       ,Andhra Pradesh,151474.0,824920,16410693.16,31809.54,5.235714286
potato,2004,Whole Year ,Andhra Pradesh,4037.0,27527,437368.58,847.77,7.64
rice,2004,Kharif     ,Andhra Pradesh,2215067.0,6392717,239980358.8,465164.07,2.720454545
rice,2004,Rabi       ,Andhra Pradesh,871135.0,3208328,94378765.9,182938.35,2.83
potato,2004,Whole Year ,Andhra Pradesh,1193.0,7829,129249.62,250.53,6.883157895
potato,2004,Whole Year ,Assam,73104.0,589070,7920087.36,15351.84,7.482608696
rice,2004,Autumn     ,Assam,436244.0,286330,47262674.96,91611.24,0.802173913
rice,2004,Summer     ,Assam,311437.0,610136,33741084.58,65401.77,1.764347826
rice,2004,Winter     ,Assam,1636050.0,2574284,177249657.0,343570.5,1.551304348
potato,2004,Whole Year ,Assam,8026.0,28030,869536.84,1685.46,3.406956522
maize,2004,Kharif     ,Bihar,270973.0,443819,29357214.82,56904.33,1.597837838
maize,2004,Rabi       ,Bihar,192685.0,596181,20875492.9,40463.85,3.198
maize,2004,Summer     ,Bihar,153596.0,489273,16640590.64,32255.16,2.952368421
potato,2004,Whole Year ,Bihar,138730.0,1062822,15030008.2,29133.3,8.02
rice,2004,Autumn     ,Bihar,534477.0,477325,57905238.18,112240.17,0.788148148
rice,2004,Summer     ,Bihar,116220.0,166198,12591274.8,24406.2,1.437407407
rice,2004,Winter     ,Bihar,2489419.0,1828633,269703654.5,522777.99,0.647105263
potato,2004,Whole Year ,Bihar,4279.0,64343,463586.86,898.59,13.32516129
maize,2004,Kharif     ,Chhattisgarh,97851.0,139927,10601177.34,20548.71,1.343125
potato,2004,Whole Year ,Chhattisgarh,10638.0,59892,1152520.92,2233.98,5.89625
rice,2004,Kharif     ,Chhattisgarh,3843825.0,4586818,416440000.5,807203.25,1.160625
potato,2004,Whole Year ,Chhattisgarh,2707.0,14673,293276.38,568.47,5.37875
maize,2004,Kharif     ,Delhi,82.0,125,8883.88,17.22,1.52
rice,2004,Kharif     ,Delhi,8431.0,28216,913414.54,1770.51,3.35
maize,2004,Kharif     ,Gujarat,459500.0,412500,49782230.0,96495.0,1.0375
potato,2004,Whole Year ,Gujarat,39300.0,1086400,4257762.0,8253.0,26.09666667
rice,2004,Kharif     ,Gujarat,665600.0,1157300,72111104.0,139776.0,1.730666667
rice,2004,Summer     ,Gujarat,13800.0,39200,1495092.0,2898.0,2.68625
maize,2004,Kharif     ,Haryana,15768.0,39000,1708305.12,3311.28,0.746875
potato,2004,Whole Year ,Haryana,10832.0,269100,1173538.88,2274.72,23.1075
rice,2004,Kharif     ,Haryana,1024236.0,3010000,110965728.2,215089.56,2.832777778
potato,2004,Whole Year ,Haryana,75.0,1500,8125.5,15.75,18.602
maize,2004,Kharif     ,Madhya Pradesh,873546.0,1222964,94639973.64,183444.66,1.34125
potato,2004,Whole Year ,Madhya Pradesh,47570.0,713265,5153733.8,9989.7,14.71425532
rice,2004,Kharif     ,Madhya Pradesh,1675513.0,1302615,181525078.4,351857.73,0.803541667
potato,2004,Whole Year ,Madhya Pradesh,4172.0,24117,451994.48,876.12,5.938913043
maize,2004,Kharif     ,Maharashtra,353200.0,606900,38265688.0,74172.0,1.387777778
maize,2004,Rabi       ,Maharashtra,65000.0,130500,7042100.0,13650.0,1.723478261
maize,2004,Summer     ,Maharashtra,13400.0,20400,1451756.0,2814.0,1.462777778
rice,2004,Kharif     ,Maharashtra,1488200.0,2098200,161231588.0,312522.0,1.022903226
rice,2004,Summer     ,Maharashtra,20500.0,49000,2220970.0,4305.0,2.463
maize,2004,Kharif     ,Nagaland,45400.0,81700,4918636.0,9534.0,1.80125
maize,2004,Rabi       ,Nagaland,1000.0,1800,108340.0,210.0,1.905
potato,2004,Whole Year ,Nagaland,13750.0,95000,1489675.0,2887.5,6.58125
rice,2004,Kharif     ,Nagaland,153000.0,259750,16576020.0,32130.0,1.65625
rice,2004,Rabi       ,Nagaland,1000.0,2000,108340.0,210.0,1.99
maize,2004,Kharif     ,Punjab,154000.0,422000,16684360.0,32340.0,2.883636364
rice,2004,Kharif     ,Punjab,2800000.0,10437000,303352000.0,588000.0,3.788823529
maize,2004,Kharif     ,Tripura,2790.0,2967,302268.6,585.9,1.0525
rice,2004,Kharif     ,Tripura,256076.0,602221,27743273.84,53775.96,2.24
maize,2004,Kharif     ,Uttarakhand,29501.0,44967,3196138.34,6195.21,1.438461538
maize,2004,Summer     ,Uttarakhand,74.0,147,8017.16,15.54,1.96
potato,2004,Whole Year ,Uttarakhand,14104.0,180857,1528027.36,2961.84,13.04461538
rice,2004,Kharif     ,Uttarakhand,281464.0,537876,30493809.76,59107.44,1.592307692
rice,2004,Summer     ,Uttarakhand,7511.0,22367,813741.74,1577.31,2.975
maize,2004,Autumn     ,Jharkhand,92036.15,133582,9971196.491,19327.5915,1.367727273
potato,2004,Rabi       ,Jharkhand,8320.97,63812,901493.8898,1747.4037,7.845
potato,2004,Winter     ,Jharkhand,10356.41,75518,1122013.459,2174.8461,7.2175
rice,2004,Autumn     ,Jharkhand,153608.9,105328,16641988.23,32257.869,0.714
rice,2004,Winter     ,Jharkhand,980642.41,901045,106242798.7,205934.9061,0.85
maize,2004,Kharif     ,West Bengal,64629.0,190546,7001905.86,13572.09,2.584375
potato,2004,Whole Year ,West Bengal,320552.0,7106581,34728603.68,67315.92,21.12944444
rice,2004,Autumn     ,West Bengal,320822.0,653044,34757855.48,67372.62,2.037222222
rice,2004,Summer     ,West Bengal,1376387.0,4257111,149117767.6,289041.27,2.857777778
rice,2004,Winter     ,West Bengal,4086404.0,9974734,442721009.4,858144.84,2.336111111
maize,2005,Kharif     ,Bihar,276983.0,456105,33215801.36,58166.43,1.619210526
maize,2005,Rabi       ,Bihar,212073.0,637203,25431794.16,44535.33,2.773611111
maize,2005,Summer     ,Bihar,175218.0,426534,21012142.56,36795.78,2.363611111
potato,2005,Whole Year ,Bihar,140539.0,1225728,16853436.88,29513.19,8.786842105
rice,2005,Autumn     ,Bihar,533233.0,503448,63945301.36,111978.93,0.962666667
rice,2005,Summer     ,Bihar,113251.0,182827,13581059.92,23782.71,1.304583333
rice,2005,Winter     ,Bihar,2604752.0,3023010,312361859.8,546997.92,1.035263158
potato,2005,Whole Year ,Bihar,4397.0,68398,527288.24,923.37,15.47413793
maize,2005,Kharif     ,Chhattisgarh,101587.0,109598,12182313.04,21333.27,1.088125
potato,2005,Whole Year ,Chhattisgarh,10614.0,48548,1272830.88,2228.94,4.965
rice,2005,Kharif     ,Chhattisgarh,3854352.0,5267537,462213891.8,809413.92,1.30375
potato,2005,Whole Year ,Chhattisgarh,2700.0,15487,323784.0,567.0,5.54375
maize,2005,Kharif     ,Delhi,79.0,144,9473.68,16.59,1.82
potato,2005,Whole Year ,Delhi,53.0,841,6355.76,11.13,15.87
rice,2005,Kharif     ,Delhi,7506.0,21092,900119.52,1576.26,2.81
maize,2005,Kharif     ,Gujarat,456900.0,722400,54791448.0,95949.0,1.618125
potato,2005,Whole Year ,Gujarat,44600.0,1238300,5348432.0,9366.0,26.46181818
rice,2005,Kharif     ,Gujarat,648300.0,1209300,77744136.0,136143.0,1.843125
rice,2005,Summer     ,Gujarat,24600.0,74300,2950032.0,5166.0,3.054444444
maize,2005,Kharif     ,Haryana,17469.0,36000,2094882.48,3668.49,0.4965
potato,2005,Whole Year ,Haryana,12597.0,312500,1510632.24,2645.37,21.80066667
rice,2005,Kharif     ,Haryana,1046588.0,3194000,125506833.0,219783.48,2.940526316
potato,2005,Whole Year ,Haryana,127.0,2400,15229.84,26.67,15.14333333
maize,2005,Kharif     ,Himachal Pradesh,295351.0,543061,35418491.92,62023.71,1.913333333
potato,2005,Whole Year ,Himachal Pradesh,14012.0,95900,1680319.04,2942.52,6.635833333
rice,2005,Kharif     ,Himachal Pradesh,79366.0,112139,9517570.72,16666.86,1.396363636
maize,2005,Kharif     ,Madhya Pradesh,852591.0,1240520,102242712.7,179044.11,1.380638298
potato,2005,Whole Year ,Madhya Pradesh,45967.0,614671,5512362.64,9653.07,12.90382979
rice,2005,Kharif     ,Madhya Pradesh,1700446.0,1687475,203917484.3,357093.66,0.881041667
potato,2005,Whole Year ,Madhya Pradesh,4171.0,22869,500186.32,875.91,5.701086957
maize,2005,Kharif     ,Maharashtra,389100.0,829700,46660872.0,81711.0,1.67037037
maize,2005,Rabi       ,Maharashtra,70900.0,145400,8502328.0,14889.0,2.137307692
maize,2005,Summer     ,Maharashtra,9500.0,13700,1139240.0,1995.0,1.239473684
rice,2005,Kharif     ,Maharashtra,1473700.0,2596800,176726104.0,309477.0,1.215666667
rice,2005,Summer     ,Maharashtra,38800.0,72200,4652896.0,8148.0,2.007
maize,2005,Kharif     ,Mizoram,10810.0,20720,1296335.2,2270.1,1.99875
maize,2005,Rabi       ,Mizoram,932.0,1983,111765.44,195.72,2.625
potato,2005,Whole Year ,Mizoram,953.0,3891,114283.76,200.13,5.05125
rice,2005,Whole Year ,Mizoram,56460.0,107740,6770683.2,11856.6,1.9425
maize,2005,Kharif     ,Nagaland,50000.0,90000,5996000.0,10500.0,1.8025
maize,2005,Rabi       ,Nagaland,1600.0,2880,191872.0,336.0,1.985
rice,2005,Kharif     ,Nagaland,155500.0,261300,18647560.0,32655.0,1.6425
rice,2005,Rabi       ,Nagaland,900.0,1800,107928.0,189.0,2.06
maize,2005,Kharif     ,Punjab,148000.0,403000,17748160.0,31080.0,2.827
rice,2005,Kharif     ,Punjab,2642000.0,10193000,316828640.0,554820.0,3.820588235
maize,2005,Kharif     ,Tripura,2150.0,2100,257828.0,451.5,0.9825
rice,2005,Kharif     ,Tripura,253067.0,602947,30347794.64,53144.07,2.305
maize,2005,Kharif     ,Uttarakhand,31372.0,39735,3762130.24,6588.12,1.142307692
maize,2005,Summer     ,Uttarakhand,89.0,182,10672.88,18.69,1.9875
potato,2005,Whole Year ,Uttarakhand,15736.0,243492,1887061.12,3304.56,15.04615385
rice,2005,Kharif     ,Uttarakhand,275459.0,526520,33033043.28,57846.39,1.62
rice,2005,Summer     ,Uttarakhand,8971.0,42646,1075802.32,1883.91,3.89
maize,2005,Autumn     ,Jharkhand,74754.36,77410,8964542.851,15698.4156,1.040909091
potato,2005,Rabi       ,Jharkhand,13345.34,108900,1600373.173,2802.5214,7.759333333
potato,2005,Winter     ,Jharkhand,16504.2,113257,1979183.664,3465.882,7.148333333
rice,2005,Autumn     ,Jharkhand,149362.86,77860,17911594.17,31366.2006,0.557857143
rice,2005,Winter     ,Jharkhand,954735.25,536165,114491851.2,200494.4025,0.531363636
maize,2006,Kharif     ,Bihar,259494.0,397591,33139978.74,57088.68,1.558918919
maize,2006,Rabi       ,Bihar,206084.0,744274,26318987.64,45338.48,3.231944444
maize,2006,Summer     ,Bihar,175637.0,614084,22430601.27,38640.14,3.389444444
rice,2006,Autumn     ,Bihar,517983.0,530242,66151608.93,113956.26,0.962413793
rice,2006,Summer     ,Bihar,109436.0,163989,13976071.56,24075.92,1.45173913
rice,2006,Winter     ,Bihar,2736591.0,4333716,349490036.6,602050.02,1.482702703
maize,2006,Kharif     ,Chhattisgarh,100145.0,123489,12789517.95,22031.9,1.048888889
potato,2006,Kharif     ,Chhattisgarh,1781.0,7189,227451.51,391.82,6.25
potato,2006,Rabi       ,Chhattisgarh,9513.0,37815,1214905.23,2092.86,4.25125
rice,2006,Kharif     ,Chhattisgarh,3905319.0,5441525,498748289.5,859170.18,1.247222222
potato,2006,Whole Year ,Chhattisgarh,2683.0,15607,342645.93,590.26,5.116666667
maize,2006,Kharif     ,Delhi,67.0,122,8556.57,14.74,1.82
potato,2006,Whole Year ,Delhi,55.0,873,7024.05,12.1,15.87
rice,2006,Kharif     ,Delhi,7381.0,20815,942627.51,1623.82,2.82
maize,2006,Kharif     ,Gujarat,447700.0,201700,57175767.0,98494.0,0.529375
potato,2006,Whole Year ,Gujarat,51700.0,1078400,6602607.0,11374.0,20.45727273
rice,2006,Kharif     ,Gujarat,655600.0,1045200,83726676.0,144232.0,1.601875
rice,2006,Summer     ,Gujarat,33700.0,96000,4303827.0,7414.0,2.855555556
maize,2006,Kharif     ,Haryana,13412.0,30000,1712846.52,2950.64,0.520625
potato,2006,Whole Year ,Haryana,12826.0,319900,1638008.46,2821.72,21.90714286
rice,2006,Kharif     ,Haryana,1042036.0,3371000,133078417.6,229247.92,2.8545
potato,2006,Whole Year ,Haryana,19.0,400,2426.49,4.18,12.6975
maize,2006,Kharif     ,Himachal Pradesh,299037.0,695376,38190015.27,65788.14,2.363333333
potato,2006,Whole Year ,Himachal Pradesh,12687.0,126701,1620256.77,2791.14,10.05416667
rice,2006,Kharif     ,Himachal Pradesh,79206.0,123485,10115398.26,17425.32,1.750909091
maize,2006,Kharif     ,Madhya Pradesh,879420.0,846002,112310728.2,193472.4,0.903617021
potato,2006,Whole Year ,Madhya Pradesh,48540.0,648203,6199043.4,10678.8,12.9512766
rice,2006,Kharif     ,Madhya Pradesh,1674013.0,1389269,213788200.2,368282.86,0.856666667
potato,2006,Whole Year ,Madhya Pradesh,4070.0,22633,519779.7,895.4,5.947173913
maize,2006,Kharif     ,Maharashtra,475000.0,947800,60662250.0,104500.0,1.599642857
maize,2006,Rabi       ,Maharashtra,86000.0,176900,10983060.0,18920.0,2.1984
maize,2006,Summer     ,Maharashtra,19200.0,25300,2452032.0,4224.0,1.184761905
rice,2006,Kharif     ,Maharashtra,1491300.0,2488600,190453923.0,328086.0,1.166333333
rice,2006,Summer     ,Maharashtra,38000.0,81100,4852980.0,8360.0,2.176
maize,2006,Kharif     ,Nagaland,63200.0,105540,8071272.0,13904.0,1.67
maize,2006,Rabi       ,Nagaland,1500.0,2800,191565.0,330.0,1.995
potato,2006,Kharif     ,Nagaland,3500.0,31420,446985.0,770.0,8.96
rice,2006,Kharif     ,Nagaland,163680.0,261920,20903572.8,36009.6,1.595
rice,2006,Rabi       ,Nagaland,1000.0,1600,127710.0,220.0,1.605
maize,2006,Kharif     ,Punjab,154000.0,481000,19667340.0,33880.0,3.202307692
rice,2006,Kharif     ,Punjab,2621000.0,10138000,334727910.0,576620.0,3.75
maize,2006,Kharif     ,Tripura,2450.0,2420,312889.5,539.0,0.9925
rice,2006,Kharif     ,Tripura,250939.0,628200,32047419.69,55206.58,2.4225
maize,2006,Kharif     ,Uttar Pradesh,842052.0,1116939,107538460.9,185251.44,1.307826087
maize,2006,Rabi       ,Uttar Pradesh,4215.0,13278,538297.65,927.3,3.120454545
maize,2006,Summer     ,Uttar Pradesh,25366.0,33635,3239491.86,5580.52,1.325689655
potato,2006,Rabi       ,Uttar Pradesh,469301.0,10247912,59934430.71,103246.22,20.56657143
rice,2006,Kharif     ,Uttar Pradesh,5902577.0,11082993,753818108.7,1298566.94,1.846
rice,2006,Summer     ,Uttar Pradesh,18175.0,40620,2321129.25,3998.5,1.995
potato,2006,Kharif     ,Uttar Pradesh,18853.0,257323,2407716.63,4147.66,13.64421875
maize,2006,Kharif     ,Uttarakhand,27163.0,35850,3468986.73,5975.86,1.138461538
maize,2006,Rabi       ,Uttarakhand,81.0,131,10344.51,17.82,1.626666667
potato,2006,Kharif     ,Uttarakhand,8274.0,83792,1056672.54,1820.28,9.942727273
potato,2006,Rabi       ,Uttarakhand,7099.0,77930,906613.29,1561.78,9.773846154
rice,2006,Kharif     ,Uttarakhand,273662.0,540128,34949374.02,60205.64,1.645384615
rice,2006,Rabi       ,Uttarakhand,9923.0,31208,1267266.33,2183.06,3.145
maize,2006,Autumn     ,Jharkhand,75712.78,116029,9669279.134,16656.8116,1.457272727
potato,2006,Rabi       ,Jharkhand,13341.72,108295,1703871.061,2935.1784,8.043636364
potato,2006,Winter     ,Jharkhand,20693.26,157358,2642736.235,4552.5172,7.690909091
rice,2006,Autumn     ,Jharkhand,183635.05,254351,23452032.24,40399.711,1.274545455
rice,2006,Winter     ,Jharkhand,995583.37,1175595,127145952.2,219028.3414,1.208181818
maize,2007,Kharif     ,Andhra Pradesh,519000.0,2377000,69234600.0,83040.0,4.237
maize,2007,Rabi       ,Andhra Pradesh,267000.0,1754000,35617800.0,42720.0,6.2215
rice,2007,Kharif     ,Andhra Pradesh,2578000.0,8191000,343905200.0,412480.0,3.094545455
rice,2007,Rabi       ,Andhra Pradesh,1406000.0,5133000,187560400.0,224960.0,3.159090909
maize,2007,Autumn     ,Bihar,263299.0,321402,35124086.6,42127.84,1.305526316
maize,2007,Rabi       ,Bihar,214521.0,858245,28617101.4,34323.36,3.763611111
maize,2007,Summer     ,Bihar,181481.0,623215,24209565.4,29036.96,3.207142857
potato,2007,Whole Year ,Bihar,153909.0,1244108,20531460.6,24625.44,8.115
rice,2007,Autumn     ,Bihar,524266.0,318517,69937084.4,83882.56,0.617
rice,2007,Summer     ,Bihar,110440.0,172291,14732696.0,17670.4,1.416666667
rice,2007,Winter     ,Bihar,2842665.0,3967956,379211511.0,454826.4,1.260789474
potato,2007,Whole Year ,Bihar,3741.0,49649,499049.4,598.56,13.45586207
maize,2007,Kharif     ,Chhattisgarh,100591.0,157130,13418839.4,16094.56,1.468333333
potato,2007,Kharif     ,Chhattisgarh,1910.0,8060,254794.0,305.6,6.440909091
potato,2007,Rabi       ,Chhattisgarh,9653.0,40677,1287710.2,1544.48,5.00875
rice,2007,Kharif     ,Chhattisgarh,3902881.0,5634972,520644325.4,624460.96,1.393888889
potato,2007,Whole Year ,Chhattisgarh,2671.0,15681,356311.4,427.36,5.865
maize,2007,Kharif     ,Gujarat,424000.0,583100,56561600.0,67840.0,1.401176471
potato,2007,Whole Year ,Gujarat,72300.0,1795600,9644820.0,11568.0,24.42333333
rice,2007,Kharif     ,Gujarat,726000.0,1376300,96848400.0,116160.0,1.8325
rice,2007,Summer     ,Gujarat,32600.0,97900,4348840.0,5216.0,3.043333333
maize,2007,Kharif     ,Haryana,13777.0,37000,1837851.8,2204.32,0.979375
potato,2007,Whole Year ,Haryana,9917.0,177600,1322927.8,1586.72,15.53166667
rice,2007,Kharif     ,Haryana,1072545.0,3606000,143077503.0,171607.2,3.191578947
potato,2007,Whole Year ,Haryana,65.0,1200,8671.0,10.4,12.7775
maize,2007,Kharif     ,Himachal Pradesh,300150.0,682615,40040010.0,48024.0,2.303333333
potato,2007,Kharif     ,Himachal Pradesh,13583.0,123839,1811972.2,2173.28,9.051666667
rice,2007,Kharif     ,Himachal Pradesh,78571.0,121453,10481371.4,12571.36,1.686363636
maize,2007,Kharif     ,Madhya Pradesh,841830.0,1111216,112300122.0,134692.8,1.1325
potato,2007,Whole Year ,Madhya Pradesh,56663.0,713614,7558844.2,9066.08,11.41729167
rice,2007,Kharif     ,Madhya Pradesh,1634912.0,1325175,218097260.8,261585.92,0.875
potato,2007,Whole Year ,Madhya Pradesh,3752.0,20560,500516.8,600.32,5.65173913
maize,2007,Kharif     ,Maharashtra,571100.0,1545200,76184740.0,91376.0,2.325357143
maize,2007,Rabi       ,Maharashtra,86700.0,223000,11565780.0,13872.0,2.6852
maize,2007,Summer     ,Maharashtra,13700.0,21600,1827580.0,2192.0,1.413684211
rice,2007,Kharif     ,Maharashtra,1535300.0,2912800,204809020.0,245648.0,1.377241379
rice,2007,Summer     ,Maharashtra,41400.0,98700,5522760.0,6624.0,2.486
maize,2007,Kharif     ,Meghalaya,17048.0,25138,2274203.2,2727.68,1.504285714
rice,2007,Autumn     ,Meghalaya,32604.0,37918,4349373.6,5216.64,1.498571429
rice,2007,Summer     ,Meghalaya,11546.0,48132,1540236.4,1847.36,2.022857143
rice,2007,Winter     ,Meghalaya,62170.0,114027,8293478.0,9947.2,1.812857143
maize,2007,Kharif     ,Nagaland,62140.0,112470,8289476.0,9942.4,1.835
maize,2007,Rabi       ,Nagaland,1500.0,2860,200100.0,240.0,1.91
potato,2007,Kharif     ,Nagaland,2500.0,35850,333500.0,400.0,15.335
rice,2007,Kharif     ,Nagaland,166000.0,308800,22144400.0,26560.0,1.8275
rice,2007,Rabi       ,Nagaland,1500.0,2500,200100.0,240.0,1.66
maize,2007,Kharif     ,Punjab,153000.0,521000,20410200.0,24480.0,3.560833333
rice,2007,Kharif     ,Punjab,2610000.0,10489000,348174000.0,417600.0,3.968
maize,2007,Kharif     ,Tripura,2123.0,2125,283208.2,339.68,0.995
rice,2007,Kharif     ,Tripura,252897.0,640424,33736459.8,40463.52,2.4375
maize,2007,Kharif     ,Uttar Pradesh,812088.0,1167245,108332539.2,129934.08,1.360289855
maize,2007,Rabi       ,Uttar Pradesh,3627.0,10185,483841.8,580.32,2.78
maize,2007,Summer     ,Uttar Pradesh,21930.0,31514,2925462.0,3508.8,1.430714286
potato,2007,Rabi       ,Uttar Pradesh,504858.0,11094868,67348057.2,80777.28,20.87428571
rice,2007,Kharif     ,Uttar Pradesh,5690539.0,11731754,759117902.6,910486.24,1.962
rice,2007,Summer     ,Uttar Pradesh,18849.0,48358,2514456.6,3015.84,2.152142857
potato,2007,Kharif     ,Uttar Pradesh,18424.0,248042,2457761.6,2947.84,13.46731343
maize,2007,Kharif     ,Uttarakhand,28000.0,43659,3735200.0,4480.0,1.223846154
maize,2007,Summer     ,Uttarakhand,82.0,133,10938.8,13.12,1.636666667
potato,2007,Kharif     ,Uttarakhand,7539.0,72247,1005702.6,1206.24,9.379090909
potato,2007,Rabi       ,Uttarakhand,6693.0,53843,892846.2,1070.88,7.861538462
rice,2007,Kharif     ,Uttarakhand,259805.0,523203,34657987.0,41568.8,1.709230769
rice,2007,Summer     ,Uttarakhand,12364.0,41864,1649357.6,1978.24,3.423333333
maize,2007,Autumn     ,Jharkhand,76327.31,93851,10182063.15,12212.3696,1.367272727
potato,2007,Rabi       ,Jharkhand,16143.02,113147,2153478.868,2582.8832,7.252272727
potato,2007,Winter     ,Jharkhand,20307.19,159162,2708979.146,3249.1504,11.36809524
rice,2007,Autumn     ,Jharkhand,183323.17,163692,24455310.88,29331.7072,0.899047619
rice,2007,Winter     ,Jharkhand,1014731.14,1306932,135365134.1,162356.9824,1.306363636
maize,2008,Autumn     ,Bihar,244993.0,373167,35043798.72,22049.37,1.592631579
maize,2008,Rabi       ,Bihar,206266.0,726382,29504288.64,18563.94,3.186388889
maize,2008,Summer     ,Bihar,189214.0,615797,27065170.56,17029.26,3.203714286
potato,2008,Kharif     ,Bihar,60334.0,452453,8630175.36,5430.06,7.518157895
potato,2008,Rabi       ,Bihar,91591.0,488043,13101176.64,8243.19,5.246486486
rice,2008,Autumn     ,Bihar,546872.0,727414,78224570.88,49218.48,1.230344828
rice,2008,Summer     ,Bihar,105526.0,178240,15094439.04,9497.34,1.641
rice,2008,Winter     ,Bihar,2842875.0,4684328,406644840.0,255858.75,1.545789474
potato,2008,Kharif     ,Bihar,2437.0,33058,348588.48,219.33,13.83166667
potato,2008,Rabi       ,Bihar,1324.0,19474,189384.96,119.16,13.97842105
maize,2008,Kharif     ,Chhattisgarh,99375.0,139844,14214600.0,8943.75,1.263888889
potato,2008,Kharif     ,Chhattisgarh,690.0,2668,98697.6,62.1,1.342857143
potato,2008,Rabi       ,Chhattisgarh,10093.0,42582,1443702.72,908.37,4.63
rice,2008,Kharif     ,Chhattisgarh,3928815.0,4707499,561977697.6,353593.35,1.198333333
potato,2008,Whole Year ,Chhattisgarh,2683.0,14161,383776.32,241.47,5.593888889
maize,2008,Kharif     ,Gujarat,418900.0,602600,59919456.0,37701.0,1.478333333
potato,2008,Whole Year ,Gujarat,55800.0,1171400,7981632.0,5022.0,20.86636364
rice,2008,Kharif     ,Gujarat,722100.0,1225500,103289184.0,64989.0,1.615294118
rice,2008,Summer     ,Gujarat,25200.0,77400,3604608.0,2268.0,2.921111111
maize,2008,Kharif     ,Haryana,11769.0,25200,1683437.76,1059.21,1.152222222
potato,2008,Whole Year ,Haryana,11938.0,258600,1707611.52,1074.42,19.08769231
rice,2008,Kharif     ,Haryana,1211149.0,3299000,173242753.0,109003.41,2.569
potato,2008,Whole Year ,Haryana,83.0,1500,11872.32,7.47,12.0625
maize,2008,Kharif     ,Himachal Pradesh,297718.0,676644,42585582.72,26794.62,2.304166667
potato,2008,Kharif     ,Himachal Pradesh,7954.0,78928,1137740.16,715.86,11.051
potato,2008,Rabi       ,Himachal Pradesh,3889.0,24702,556282.56,350.01,4.299
rice,2008,Kharif     ,Himachal Pradesh,77709.0,118277,11115495.36,6993.81,1.6
maize,2008,Kharif     ,Madhya Pradesh,826722.0,1131782,118254314.9,74404.98,1.2356
potato,2008,Whole Year ,Madhya Pradesh,56301.0,649826,8053295.04,5067.09,11.0325
rice,2008,Kharif     ,Madhya Pradesh,1706557.0,1571103,244105913.3,153590.13,0.911020408
potato,2008,Whole Year ,Madhya Pradesh,3584.0,20770,512655.36,322.56,5.977446809
maize,2008,Kharif     ,Maharashtra,550100.0,1323000,78686304.0,49509.0,1.992222222
maize,2008,Rabi       ,Maharashtra,85900.0,206700,12287136.0,7731.0,2.3832
maize,2008,Summer     ,Maharashtra,9500.0,14500,1358880.0,855.0,1.381
rice,2008,Kharif     ,Maharashtra,1499500.0,2234300,214488480.0,134955.0,1.170740741
rice,2008,Summer     ,Maharashtra,22000.0,53200,3146880.0,1980.0,2.421111111
maize,2008,Kharif     ,Manipur,17980.0,32250,2571859.2,1618.2,1.724444444
maize,2008,Rabi       ,Manipur,2250.0,3130,321840.0,202.5,1.467777778
potato,2008,Whole Year ,Manipur,13000.0,108000,1859520.0,1170.0,8.165555556
rice,2008,Kharif     ,Manipur,210990.0,518250,30180009.6,18989.1,2.134444444
maize,2008,Kharif     ,Nagaland,63200.0,113760,9040128.0,5688.0,1.802727273
maize,2008,Rabi       ,Nagaland,1200.0,2160,171648.0,108.0,1.91
potato,2008,Kharif     ,Nagaland,2910.0,35790,416246.4,261.9,12.38272727
potato,2008,Rabi       ,Nagaland,2700.0,33350,386208.0,243.0,12.29
rice,2008,Kharif     ,Nagaland,173100.0,345090,24760224.0,15579.0,1.964545455
maize,2008,Kharif     ,Punjab,151000.0,514000,21599040.0,13590.0,3.419230769
rice,2008,Kharif     ,Punjab,2735000.0,11000000,391214400.0,246150.0,3.9855
maize,2008,Kharif     ,Tripura,2093.0,2046,299382.72,188.37,0.99
rice,2008,Kharif     ,Tripura,242966.0,627175,34753856.64,21866.94,2.525
maize,2008,Kharif     ,Uttar Pradesh,769793.0,1151245,110111190.7,69281.37,1.366764706
maize,2008,Rabi       ,Uttar Pradesh,3617.0,9495,517375.68,325.53,2.646086957
maize,2008,Summer     ,Uttar Pradesh,25472.0,38106,3643514.88,2292.48,1.505862069
potato,2008,Rabi       ,Uttar Pradesh,527347.0,10809926,75431714.88,47461.23,18.97342857
rice,2008,Kharif     ,Uttar Pradesh,6011761.0,13051365,859922293.4,541058.49,2.124428571
rice,2008,Summer     ,Uttar Pradesh,21621.0,45666,3092667.84,1945.89,2.095
potato,2008,Kharif     ,Uttar Pradesh,18376.0,225694,2628503.04,1653.84,12.27537313
maize,2008,Kharif     ,Uttarakhand,26780.0,36287,3830611.2,2410.2,1.197692308
maize,2008,Summer     ,Uttarakhand,92.0,150,13159.68,8.28,1.53
potato,2008,Kharif     ,Uttarakhand,7723.0,72666,1104697.92,695.07,10.52181818
potato,2008,Rabi       ,Uttarakhand,6266.0,67396,896288.64,563.94,9.419230769
rice,2008,Kharif     ,Uttarakhand,275711.0,528524,39437701.44,24813.99,1.627692308
rice,2008,Summer     ,Uttarakhand,12654.0,39797,1810028.16,1138.86,3.1
potato,2008,Rabi       ,Jammu and Kashmir,934.0,9338,133599.36,84.06,16.446
maize,2008,Autumn     ,Jharkhand,72914.37,77225,10429671.48,6562.2933,1.074166667
potato,2008,Rabi       ,Jharkhand,16032.93,107587,2293350.307,1442.9637,5.73375
potato,2008,Winter     ,Jharkhand,21288.72,138075,3045138.509,1915.9848,6.666190476
rice,2008,Autumn     ,Jharkhand,188422.33,162674,26951930.08,16958.0097,0.868695652
rice,2008,Winter     ,Jharkhand,1008437.16,1333906,144246851.4,90759.3444,1.39125
maize,2009,Autumn     ,Bihar,234920.0,401472,36605234.4,39936.4,1.760526316
maize,2009,Rabi       ,Bihar,209236.0,544140,32603153.52,35570.12,2.516
maize,2009,Summer     ,Bihar,196547.0,598834,30625953.54,33412.99,2.8075
rice,2009,Autumn     ,Bihar,525890.0,471321,81944179.8,89401.3,0.905666667
rice,2009,Summer     ,Bihar,95682.0,176656,14909169.24,16265.94,1.492083333
rice,2009,Winter     ,Bihar,2502458.0,2992233,389933005.6,425417.86,1.105526316
maize,2009,Kharif     ,Chhattisgarh,101721.0,145368,15850166.22,17292.57,1.412777778
potato,2009,Whole Year ,Chhattisgarh,12076.0,45830,1881682.32,2052.92,4.504666667
rice,2009,Kharif     ,Chhattisgarh,3837610.0,4347316,597976390.2,652393.7,1.106666667
potato,2009,Whole Year ,Chhattisgarh,2793.0,15042,435205.26,474.81,5.366470588
maize,2009,Kharif     ,Gujarat,411700.0,396600,64151094.0,69989.0,1.008
potato,2009,Whole Year ,Gujarat,47300.0,987900,7370286.0,8041.0,18.8975
rice,2009,Kharif     ,Gujarat,658500.0,1228400,102607470.0,111945.0,1.693529412
rice,2009,Summer     ,Gujarat,21000.0,64600,3272220.0,3570.0,3.034444444
maize,2009,Kharif     ,Haryana,12199.0,26000,1900848.18,2073.83,0.940555556
potato,2009,Whole Year ,Haryana,12269.0,136400,1911755.58,2085.73,17.30357143
rice,2009,Kharif     ,Haryana,1206435.0,3628000,187986701.7,205093.95,2.673809524
potato,2009,Whole Year ,Haryana,59.0,1100,9193.38,10.03,13.7
maize,2009,Kharif     ,Himachal Pradesh,290199.0,530224,45218808.18,49333.83,2.08
potato,2009,Kharif     ,Himachal Pradesh,6436.0,64758,1002857.52,1094.12,11.582
potato,2009,Rabi       ,Himachal Pradesh,3406.0,23611,530722.92,579.02,4.67
rice,2009,Kharif     ,Himachal Pradesh,76186.0,105787,11871302.52,12951.62,1.484545455
maize,2009,Kharif     ,Maharashtra,673000.0,1530600,104866860.0,114410.0,1.972962963
maize,2009,Rabi       ,Maharashtra,101400.0,267200,15800148.0,17238.0,1.9875
maize,2009,Summer     ,Maharashtra,20100.0,30200,3131982.0,3417.0,1.348235294
rice,2009,Kharif     ,Maharashtra,1450000.0,2138100,225939000.0,246500.0,1.106071429
rice,2009,Summer     ,Maharashtra,20600.0,47700,3209892.0,3502.0,2.251111111
maize,2009,Kharif     ,Manipur,18300.0,33950,2851506.0,3111.0,1.705555556
maize,2009,Rabi       ,Manipur,13500.0,23170,2103570.0,2295.0,1.673333333
potato,2009,Whole Year ,Manipur,13650.0,113860,2126943.0,2320.5,8.286666667
rice,2009,Kharif     ,Manipur,113890.0,265090,17746339.8,19361.3,1.923333333
maize,2009,Kharif     ,Nagaland,63100.0,65690,9832242.0,10727.0,1.037272727
maize,2009,Rabi       ,Nagaland,5000.0,7500,779100.0,850.0,1.51
potato,2009,Kharif     ,Nagaland,3030.0,28580,472134.6,515.1,9.416363636
potato,2009,Rabi       ,Nagaland,2950.0,36580,459669.0,501.5,12.39
rice,2009,Kharif     ,Nagaland,168570.0,240310,26266577.4,28656.9,1.393636364
maize,2009,Kharif     ,Punjab,139000.0,475000,21658980.0,23630.0,3.489166667
rice,2009,Kharif     ,Punjab,2802000.0,11236000,436607640.0,476340.0,3.9775
maize,2009,Kharif     ,Tripura,2018.0,2030,314444.76,343.06,1.0
rice,2009,Kharif     ,Tripura,245538.0,640010,38259731.16,41741.46,2.5225
maize,2009,Kharif     ,Uttar Pradesh,674808.0,982139,105148582.6,114717.36,1.431
maize,2009,Rabi       ,Uttar Pradesh,4636.0,14162,722381.52,788.12,3.032083333
maize,2009,Summer     ,Uttar Pradesh,29237.0,42540,4555709.34,4970.29,1.462833333
potato,2009,Rabi       ,Uttar Pradesh,540797.0,13447272,84266988.54,91935.49,24.02859155
rice,2009,Kharif     ,Uttar Pradesh,5148046.0,10714990,802168527.7,875167.82,2.00971831
rice,2009,Summer     ,Uttar Pradesh,24695.0,61514,3847974.9,4198.15,2.13
potato,2009,Kharif     ,Uttar Pradesh,16758.0,227909,2611231.56,2848.86,13.61098592
maize,2009,Kharif     ,Uttarakhand,26103.0,36088,4067369.46,4437.51,1.236153846
maize,2009,Rabi       ,Uttarakhand,63.0,103,9816.66,10.71,1.6
potato,2009,Kharif     ,Uttarakhand,10187.0,104530,1587338.34,1731.79,9.59
potato,2009,Rabi       ,Uttarakhand,5873.0,70526,915130.86,998.41,10.60615385
rice,2009,Kharif     ,Uttarakhand,270608.0,551716,42166138.56,46003.36,1.613846154
rice,2009,Rabi       ,Uttarakhand,13775.0,39300,2146420.5,2341.75,2.85
maize,2009,Autumn     ,Jharkhand,60448.0,54087,9419007.36,10276.16,0.947916667
potato,2009,Rabi       ,Jharkhand,18429.0,128117,2871606.78,3132.93,6.558333333
potato,2009,Winter     ,Jharkhand,19997.0,134624,3115932.54,3399.49,6.710434783
rice,2009,Autumn     ,Jharkhand,157262.0,87970,24504564.84,26734.54,0.515217391
rice,2009,Winter     ,Jharkhand,825787.0,504508,128674130.3,140383.79,0.58625
maize,2009,Autumn     ,West Bengal,36330.0,79299,5660940.6,6176.1,1.94
maize,2009,Rabi       ,West Bengal,23585.0,132526,3675014.7,4009.45,3.632727273
maize,2009,Summer     ,West Bengal,37801.0,173394,5890151.82,6426.17,2.912352941
potato,2009,Rabi       ,West Bengal,384451.0,13807997,59905154.82,65356.67,31.58888889
potato,2009,Summer     ,West Bengal,2430.0,30132,378642.6,413.1,12.4
rice,2009,Autumn     ,West Bengal,214062.0,466766,33355140.84,36390.54,2.095
rice,2009,Summer     ,West Bengal,1429703.0,4275871,222776321.5,243049.51,2.79
rice,2009,Winter     ,West Bengal,3986330.0,9597968,621149940.6,677676.1,2.346111111
maize,2009,Whole Year ,Madhya Pradesh,812456.0,1018820,126596893.9,138117.52,1.0752
potato,2009,Whole Year ,Madhya Pradesh,60052.0,737859,9357302.64,10208.84,11.0822449
rice,2009,Whole Year ,Madhya Pradesh,1593071.0,1355660,248232323.2,270822.07,0.906041667
potato,2009,Whole Year ,Madhya Pradesh,3497.0,20803,544902.54,594.49,6.02
maize,2010,Autumn     ,Bihar,234466.0,468518,38947147.26,56271.84,1.910789474
maize,2010,Rabi       ,Bihar,237723.0,922285,39488167.53,57053.52,3.635882353
maize,2010,Summer     ,Bihar,181513.0,717393,30151124.43,43563.12,3.725135135
rice,2010,Autumn     ,Bihar,495218.0,444042,82260661.98,118852.32,0.919642857
rice,2010,Summer     ,Bihar,84465.0,163031,14030481.15,20271.6,1.827916667
rice,2010,Winter     ,Bihar,2265685.0,2505545,376352935.3,543764.4,0.979210526
maize,2010,Kharif     ,Chhattisgarh,104861.0,190489,17418460.71,25166.64,1.733888889
potato,2010,Whole Year ,Chhattisgarh,11893.0,53440,1975546.23,2854.32,5.708235294
rice,2010,Kharif     ,Chhattisgarh,3937796.0,6637737,654107293.6,945071.04,1.702222222
potato,2010,Whole Year ,Chhattisgarh,2784.0,14038,462450.24,668.16,5.319411765
maize,2010,Kharif     ,Gujarat,422500.0,692100,70181475.0,101400.0,1.692631579
maize,2010,Rabi       ,Gujarat,110000.0,220000,18272100.0,26400.0,1.882307692
maize,2010,Summer     ,Gujarat,33000.0,66000,5481630.0,7920.0,2.00125
potato,2010,Whole Year ,Gujarat,55100.0,1282700,9152661.0,13224.0,21.58
rice,2010,Kharif     ,Gujarat,728300.0,1423800,120977913.0,174792.0,1.8275
rice,2010,Summer     ,Gujarat,79800.0,242000,13255578.0,19152.0,2.987777778
maize,2010,Kharif     ,Haryana,9662.0,19000,1604954.82,2318.88,0.8175
potato,2010,Whole Year ,Haryana,12412.0,280900,2061757.32,2978.88,21.70428571
rice,2010,Kharif     ,Haryana,1243281.0,3465000,206521406.9,298387.44,2.561428571
potato,2010,Whole Year ,Haryana,64.0,0,10631.04,15.36,0.0
maize,2010,Kharif     ,Himachal Pradesh,281664.0,641530,46787207.04,67599.36,2.593333333
potato,2010,Kharif     ,Himachal Pradesh,6411.0,64000,1064931.21,1538.64,10.688
potato,2010,Rabi       ,Himachal Pradesh,3423.0,23328,568594.53,821.52,4.835
rice,2010,Kharif     ,Himachal Pradesh,75426.0,110238,12529012.86,18102.24,1.561818182
maize,2010,Kharif     ,Madhya Pradesh,837865.0,1332205,139177755.1,201087.6,1.3712
potato,2010,Whole Year ,Madhya Pradesh,76482.0,655527,12704425.02,18355.68,9.318163265
rice,2010,Kharif     ,Madhya Pradesh,1573535.0,1766596,261379898.8,377648.4,1.211666667
potato,2010,Whole Year ,Madhya Pradesh,4278.0,17770,710618.58,1026.72,4.420208333
maize,2010,Kharif     ,Maharashtra,730600.0,2208900,121359966.0,175344.0,2.230769231
maize,2010,Rabi       ,Maharashtra,137600.0,361800,22856736.0,33024.0,2.514
maize,2010,Summer     ,Maharashtra,22300.0,31300,3704253.0,5352.0,1.26
rice,2010,Kharif     ,Maharashtra,1486200.0,2625100,246872682.0,356688.0,1.3116
rice,2010,Summer     ,Maharashtra,29500.0,65800,4900245.0,7080.0,2.388888889
maize,2010,Kharif     ,Manipur,18520.0,33510,3076357.2,4444.8,1.74
maize,2010,Rabi       ,Manipur,3850.0,8000,639523.5,924.0,2.051111111
potato,2010,Whole Year ,Manipur,13650.0,114000,2267401.5,3276.0,8.286666667
rice,2010,Kharif     ,Manipur,212680.0,480240,35328274.8,51043.2,1.945555556
maize,2010,Kharif     ,Mizoram,8721.0,13055,1448645.31,2093.04,1.62125
maize,2010,Rabi       ,Mizoram,284.0,445,47175.24,68.16,2.362
potato,2010,Kharif     ,Mizoram,415.0,3610,68935.65,99.6,6.7
potato,2010,Rabi       ,Mizoram,16.0,89,2657.76,3.84,5.56
rice,2010,Autumn     ,Mizoram,28562.0,26499,4744433.82,6854.88,0.92625
rice,2010,Kharif     ,Mizoram,12123.0,20697,2013751.53,2909.52,1.495
rice,2010,Rabi       ,Mizoram,7.0,6,1162.77,1.68,0.86
maize,2010,Kharif     ,Nagaland,63430.0,124200,10536357.3,15223.2,1.958181818
maize,2010,Rabi       ,Nagaland,5000.0,9800,830550.0,1200.0,1.956666667
potato,2010,Kharif     ,Nagaland,2750.0,34990,456802.5,660.0,12.74
potato,2010,Rabi       ,Nagaland,3500.0,43410,581385.0,840.0,12.40285714
rice,2010,Kharif     ,Nagaland,180060.0,378210,29909766.6,43214.4,2.051818182
rice,2010,Rabi       ,Nagaland,1330.0,3150,220926.3,319.2,2.38
maize,2010,Kharif     ,Punjab,133000.0,491000,22092630.0,31920.0,3.710909091
rice,2010,Kharif     ,Punjab,2831000.0,10837000,470257410.0,679440.0,3.834
maize,2010,Kharif     ,Tamil Nadu,230489.0,1027536,38286527.79,55317.36,4.527857143
rice,2010,Kharif     ,Tamil Nadu,1905726.0,5792415,316560145.9,457374.24,3.597419355
maize,2010,Kharif     ,Tripura,3101.0,4104,515107.11,744.24,1.3325
rice,2010,Kharif     ,Tripura,264558.0,702473,43945729.38,63493.92,2.5725
maize,2010,Kharif     ,Uttar Pradesh,718026.0,1052727,119271298.9,172326.24,1.40915493
maize,2010,Rabi       ,Uttar Pradesh,5492.0,16498,912276.12,1318.08,3.0012
maize,2010,Summer     ,Uttar Pradesh,30204.0,44279,5017186.44,7248.96,1.469285714
potato,2010,Rabi       ,Uttar Pradesh,556533.0,13576573,92445696.63,133567.92,22.96777778
rice,2010,Kharif     ,Uttar Pradesh,5631949.0,11938078,935523048.4,1351667.76,2.052916667
rice,2010,Summer     ,Uttar Pradesh,25121.0,54221,4172849.31,6029.04,2.032222222
potato,2010,Kharif     ,Uttar Pradesh,16779.0,206633,2787159.69,4026.96,12.29888889
maize,2010,Kharif     ,Uttarakhand,26193.0,40494,4350919.23,6286.32,1.386153846
maize,2010,Rabi       ,Uttarakhand,64.0,130,10631.04,15.36,1.896666667
potato,2010,Kharif     ,Uttarakhand,7578.0,72287,1258781.58,1818.72,8.47
potato,2010,Rabi       ,Uttarakhand,4793.0,60822,796165.23,1150.32,12.43307692
rice,2010,Kharif     ,Uttarakhand,270416.0,495083,44918801.76,64899.84,1.540769231
rice,2010,Rabi       ,Uttarakhand,15277.0,50503,2537662.47,3666.48,2.25
maize,2010,Kharif     ,Jammu and Kashmir,308215.0,527690,51197593.65,73971.6,1.5675
potato,2010,Kharif     ,Jammu and Kashmir,1180.0,6495,196009.8,283.2,6.053333333
potato,2010,Rabi       ,Jammu and Kashmir,1233.0,16702,204813.63,295.92,17.04
rice,2010,Kharif     ,Jammu and Kashmir,261347.0,507404,43412350.17,62723.28,1.874
potato,2010,Rabi       ,Jharkhand,18078.0,104669,3002936.58,4338.72,5.753333333
maize,2010,Autumn     ,West Bengal,32295.0,83580,5364522.45,7750.8,2.453846154
maize,2010,Rabi       ,West Bengal,17229.0,84356,2861909.19,4134.96,3.234545455
maize,2010,Summer     ,West Bengal,39124.0,184380,6498887.64,9389.76,2.883529412
potato,2010,Rabi       ,West Bengal,406349.0,13391235,67498632.39,97523.76,29.27833333
potato,2010,Summer     ,West Bengal,2440.0,29768,405308.4,585.6,12.2
rice,2010,Autumn     ,West Bengal,212132.0,453439,35237246.52,50911.68,2.081666667
rice,2010,Summer     ,West Bengal,1369892.0,4506848,227552760.1,328774.08,3.123888889
rice,2010,Winter     ,West Bengal,3362122.0,8429323,558482085.4,806909.28,2.487222222
maize,2011,Autumn     ,Bihar,263936.0,622416,44214558.72,87098.88,2.402432432
maize,2011,Rabi       ,Bihar,239586.0,1098173,40135446.72,79063.38,4.221764706
maize,2011,Summer     ,Bihar,193311.0,836474,32383458.72,63792.63,4.129166667
rice,2011,Autumn     ,Bihar,570397.0,914228,95552905.44,188231.01,1.546774194
rice,2011,Summer     ,Bihar,96160.0,182628,16108723.2,31732.8,1.736190476
rice,2011,Winter     ,Bihar,2684379.0,7141115,449687170.1,885845.07,2.491578947
maize,2011,Kharif     ,Chhattisgarh,107435.0,177805,17997511.2,35453.55,1.542592593
potato,2011,Kharif     ,Chhattisgarh,1847.0,9913,309409.44,609.51,6.5875
potato,2011,Rabi       ,Chhattisgarh,10371.0,55661,1737349.92,3422.43,6.285833333
rice,2011,Kharif     ,Chhattisgarh,3939826.0,6300825,659999651.5,1300142.58,1.527777778
potato,2011,Whole Year ,Chhattisgarh,2933.0,14958,491336.16,967.89,5.196666667
maize,2011,Kharif     ,Gujarat,387000.0,539400,64830240.0,127710.0,1.466
maize,2011,Rabi       ,Gujarat,106100.0,199900,17773872.0,35013.0,2.026363636
maize,2011,Summer     ,Gujarat,22800.0,47300,3819456.0,7524.0,1.792857143
potato,2011,Whole Year ,Gujarat,77800.0,1792300,13033056.0,25674.0,21.34230769
rice,2011,Kharif     ,Gujarat,751300.0,1521800,125857776.0,247929.0,1.951666667
rice,2011,Summer     ,Gujarat,84200.0,267900,14105184.0,27786.0,3.122222222
maize,2011,Kharif     ,Haryana,11045.0,30000,1850258.4,3644.85,1.145
potato,2011,Whole Year ,Haryana,12074.0,263000,2022636.48,3984.42,20.60733333
rice,2011,Kharif     ,Haryana,1234094.0,3574300,206735426.9,407251.02,2.63047619
potato,2011,Whole Year ,Haryana,37.0,0,6198.24,12.21,0.0
maize,2011,Kharif     ,Himachal Pradesh,290241.0,612701,48621172.32,95779.53,2.435
potato,2011,Kharif     ,Himachal Pradesh,6423.0,63593,1075980.96,2119.59,11.144
potato,2011,Rabi       ,Himachal Pradesh,3431.0,23799,574761.12,1132.23,4.865
rice,2011,Kharif     ,Himachal Pradesh,75043.0,108648,12571203.36,24764.19,1.545454545
maize,2011,Kharif     ,Madhya Pradesh,848894.0,1316635,142206722.9,280135.02,1.111428571
potato,2011,Whole Year ,Madhya Pradesh,83912.0,1028929,14056938.24,27690.96,11.689375
rice,2011,Kharif     ,Madhya Pradesh,1693231.0,2273045,283650057.1,558766.23,1.400416667
potato,2011,Whole Year ,Madhya Pradesh,4924.0,22878,824868.48,1624.92,5.097111111
maize,2011,Kharif     ,Maharashtra,736200.0,2126700,123328224.0,242946.0,2.101851852
maize,2011,Rabi       ,Maharashtra,116200.0,294500,19465824.0,38346.0,2.656666667
maize,2011,Summer     ,Maharashtra,24900.0,36400,4171248.0,8217.0,1.311666667
rice,2011,Kharif     ,Maharashtra,1516400.0,2784600,254027328.0,500412.0,1.319642857
rice,2011,Summer     ,Maharashtra,27800.0,64300,4657056.0,9174.0,2.427777778
maize,2011,Kharif     ,Manipur,20000.0,35500,3350400.0,6600.0,1.696666667
maize,2011,Rabi       ,Manipur,4850.0,10500,812472.0,1600.5,2.156666667
potato,2011,Whole Year ,Manipur,14400.0,122000,2412288.0,4752.0,8.478888889
rice,2011,Kharif     ,Manipur,223670.0,591000,37469198.4,73811.1,2.34
maize,2011,Kharif     ,Mizoram,6696.0,8130,1121713.92,2209.68,1.32
maize,2011,Rabi       ,Mizoram,209.0,268,35011.68,68.97,1.326666667
potato,2011,Kharif     ,Mizoram,319.0,2335,53438.88,105.27,5.87
potato,2011,Rabi       ,Mizoram,90.0,534,15076.8,29.7,5.865
rice,2011,Autumn     ,Mizoram,25826.0,26644,4326371.52,8522.58,1.04125
rice,2011,Kharif     ,Mizoram,12700.0,25304,2127504.0,4191.0,2.03125
rice,2011,Rabi       ,Mizoram,450.0,947,75384.0,148.5,2.3775
maize,2011,Kharif     ,Nagaland,63500.0,124460,10637520.0,20955.0,1.954545455
maize,2011,Rabi       ,Nagaland,5020.0,9840,840950.4,1656.6,1.956666667
potato,2011,Rabi       ,Nagaland,6510.0,58780,1090555.2,2148.3,9.018181818
rice,2011,Kharif     ,Nagaland,179050.0,376390,29994456.0,59086.5,2.049090909
rice,2011,Rabi       ,Nagaland,2530.0,5990,423825.6,834.9,2.34
potato,2011,Kharif     ,Nagaland,1150.0,9710,192648.0,379.5,8.441818182
maize,2011,Kharif     ,Punjab,126000.0,502000,21107520.0,41580.0,4.359090909
rice,2011,Kharif     ,Punjab,2818000.0,10542000,472071360.0,929940.0,3.7495
maize,2011,Kharif     ,Tripura,3743.0,5058,627027.36,1235.19,1.3375
rice,2011,Kharif     ,Tripura,265999.0,718304,44560152.48,87779.67,2.63
maize,2011,Kharif     ,Uttar Pradesh,745217.0,1232077,124838751.8,245921.61,1.535352113
maize,2011,Rabi       ,Uttar Pradesh,8864.0,21143,1484897.28,2925.12,2.371153846
maize,2011,Summer     ,Uttar Pradesh,33320.0,55078,5581766.4,10995.6,1.666065574
potato,2011,Rabi       ,Uttar Pradesh,557779.0,12316103,93439138.08,184067.07,21.50819444
rice,2011,Kharif     ,Uttar Pradesh,5922643.0,13962896,992161155.4,1954472.19,2.294444444
rice,2011,Summer     ,Uttar Pradesh,23642.0,59496,3960507.84,7801.86,2.335909091
potato,2011,Kharif     ,Uttar Pradesh,17395.0,226031,2914010.4,5740.35,12.99478261
maize,2011,Kharif     ,Uttarakhand,25472.0,38284,4267069.44,8405.76,1.37
maize,2011,Summer     ,Uttarakhand,47.0,94,7873.44,15.51,1.873333333
potato,2011,Kharif     ,Uttarakhand,7623.0,78490,1277004.96,2515.59,9.606363636
potato,2011,Rabi       ,Uttarakhand,4642.0,55998,777627.84,1531.86,11.08923077
rice,2011,Kharif     ,Uttarakhand,261319.0,544497,43776158.88,86235.27,1.684615385
rice,2011,Summer     ,Uttarakhand,13680.0,45267,2291673.6,4514.4,3.31
maize,2011,Autumn     ,Jharkhand,65931.0,92140,11044761.12,21757.23,1.34625
potato,2011,Rabi       ,Jharkhand,16213.0,119875,2716001.76,5350.29,7.81625
potato,2011,Winter     ,Jharkhand,21703.0,186886,3635686.56,7161.99,7.600909091
rice,2011,Autumn     ,Jharkhand,150654.0,126012,25237558.08,49715.82,0.79173913
rice,2011,Winter     ,Jharkhand,832047.0,1250312,139384513.4,274575.51,1.554166667
maize,2011,Autumn     ,West Bengal,34052.0,77279,5704391.04,11237.16,2.037272727
maize,2011,Rabi       ,West Bengal,22614.0,107784,3788297.28,7462.62,3.447272727
maize,2011,Summer     ,West Bengal,41172.0,179065,6897133.44,13586.76,2.755555556
potato,2011,Rabi       ,West Bengal,376751.0,9693330,63113327.52,124327.83,26.11722222
potato,2011,Summer     ,West Bengal,2455.0,29706,411261.6,810.15,12.1
rice,2011,Autumn     ,West Bengal,212971.0,471282,35676901.92,70280.43,2.072222222
rice,2011,Summer     ,West Bengal,1221076.0,3875100,204554651.5,402955.08,3.035
rice,2011,Winter     ,West Bengal,3999653.0,10259384,670021870.6,1319885.49,2.475555556
maize,2012,Autumn     ,Bihar,261039.0,926315,39364681.2,80922.09,3.673513514
maize,2012,Rabi       ,Bihar,242336.0,791005,36544268.8,75124.16,3.189714286
maize,2012,Summer     ,Bihar,189961.0,1038634,28646118.8,58887.91,5.096756757
rice,2012,Autumn     ,Bihar,540424.0,960007,81495939.2,167531.44,1.743793103
rice,2012,Summer     ,Bihar,105117.0,285835,15851643.6,32586.27,2.396086957
rice,2012,Winter     ,Bihar,2653346.0,7076168,400124576.8,822537.26,2.567894737
maize,2012,Kharif     ,Chhattisgarh,116839.0,225109,17619321.2,36220.09,1.844814815
potato,2012,Kharif     ,Chhattisgarh,1615.0,11121,243542.0,500.65,6.890909091
potato,2012,Rabi       ,Chhattisgarh,10549.0,72640,1590789.2,3270.19,7.416521739
rice,2012,Kharif     ,Chhattisgarh,3982172.0,7848401,600511537.6,1234473.32,1.91962963
potato,2012,Whole Year ,Chhattisgarh,2661.0,14888,401278.8,824.91,5.426296296
maize,2012,Kharif     ,Gujarat,373200.0,625000,56278560.0,115692.0,1.673888889
maize,2012,Rabi       ,Gujarat,80600.0,157100,12154480.0,24986.0,1.858
maize,2012,Summer     ,Gujarat,4000.0,8300,603200.0,1240.0,1.715
potato,2012,Whole Year ,Gujarat,71500.0,1789200,10782200.0,22165.0,22.71333333
rice,2012,Kharif     ,Gujarat,672000.0,1408100,101337600.0,208320.0,1.98
rice,2012,Summer     ,Gujarat,29100.0,89200,4388280.0,9021.0,2.943
maize,2012,Kharif     ,Haryana,9878.0,26000,1489602.4,3062.18,1.236
potato,2012,Whole Year ,Haryana,12780.0,297900,1927224.0,3961.8,22.85384615
rice,2012,Kharif     ,Haryana,1206255.0,3941000,181903254.0,373939.05,3.041
potato,2012,Whole Year ,Haryana,179.0,2300,26993.2,55.49,16.78333333
maize,2012,Kharif     ,Himachal Pradesh,275973.0,605082,41616728.4,85551.63,2.4975
potato,2012,Kharif     ,Himachal Pradesh,6404.0,65510,965723.2,1985.24,10.782
potato,2012,Rabi       ,Himachal Pradesh,3415.0,23797,514982.0,1058.65,4.953
rice,2012,Kharif     ,Himachal Pradesh,75380.0,111252,11367304.0,23367.8,1.577272727
maize,2012,Kharif     ,Madhya Pradesh,854518.0,2380688,128861314.4,264900.58,2.280204082
potato,2012,Whole Year ,Madhya Pradesh,81092.0,1157669,12228673.6,25138.52,13.99122449
rice,2012,Kharif     ,Madhya Pradesh,1791157.0,3106146,270106475.6,555258.67,1.631041667
potato,2012,Whole Year ,Madhya Pradesh,4647.0,26213,700767.6,1440.57,5.939777778
maize,2012,Kharif     ,Maharashtra,688800.0,1581900,103871040.0,213528.0,1.825769231
maize,2012,Rabi       ,Maharashtra,121000.0,229800,18246800.0,37510.0,1.665
maize,2012,Summer     ,Maharashtra,12100.0,14700,1824680.0,3751.0,1.124444444
rice,2012,Kharif     ,Maharashtra,1528100.0,3001640,230437480.0,473711.0,1.316153846
rice,2012,Summer     ,Maharashtra,30900.0,76400,4659720.0,9579.0,2.38
maize,2012,Kharif     ,Manipur,12640.0,25470,1906112.0,3918.4,1.998888889
maize,2012,Rabi       ,Manipur,6800.0,19000,1025440.0,2108.0,2.796666667
potato,2012,Whole Year ,Manipur,15000.0,127000,2262000.0,4650.0,8.478888889
rice,2012,Kharif     ,Manipur,122690.0,257580,18501652.0,38033.9,1.937777778
maize,2012,Kharif     ,Mizoram,5995.2,7769,904076.16,1858.512,1.375
maize,2012,Rabi       ,Mizoram,180.0,295,27144.0,55.8,2.025
potato,2012,Kharif     ,Mizoram,115.0,807,17342.0,35.65,7.02
potato,2012,Rabi       ,Mizoram,171.0,633,25786.8,53.01,6.02
rice,2012,Autumn     ,Mizoram,24706.0,27128,3725664.8,7658.86,1.095
rice,2012,Kharif     ,Mizoram,14330.0,29983,2160964.0,4442.3,2.2925
rice,2012,Rabi       ,Mizoram,306.0,589,46144.8,94.86,2.3525
maize,2012,Kharif     ,Nagaland,63530.0,124580,9580324.0,19694.3,1.955454545
maize,2012,Rabi       ,Nagaland,5140.0,10070,775112.0,1593.4,1.96
potato,2012,Rabi       ,Nagaland,6900.0,69000,1040520.0,2139.0,9.98
rice,2012,Kharif     ,Nagaland,179780.0,396230,27110824.0,55731.8,2.15
rice,2012,Rabi       ,Nagaland,3550.0,8950,535340.0,1100.5,2.52
potato,2012,Kharif     ,Nagaland,1320.0,11230,199056.0,409.2,8.500909091
maize,2012,Kharif     ,Punjab,131000.0,483000,19754800.0,40610.0,3.5125
rice,2012,Kharif     ,Punjab,2849000.0,11390000,429629200.0,883190.0,3.923636364
maize,2012,Kharif     ,Tamil Nadu,291052.0,946363,43890641.6,90226.12,3.498214286
rice,2012,Kharif     ,Tamil Nadu,1493276.0,4050334,225186020.8,462915.56,3.293225806
maize,2012,Kharif     ,Tripura,3948.0,5177,595358.4,1223.88,1.3175
rice,2012,Kharif     ,Tripura,254743.0,713222,38415244.4,78970.33,2.78
maize,2012,Kharif     ,Uttar Pradesh,698089.0,1289406,105271821.2,216407.59,1.696666667
maize,2012,Rabi       ,Uttar Pradesh,7261.0,22734,1094958.8,2250.91,3.108695652
maize,2012,Summer     ,Uttar Pradesh,30649.0,56607,4621869.2,9501.19,1.849677419
potato,2012,Rabi       ,Uttar Pradesh,547660.0,13336619,82587128.0,169774.6,22.3752
rice,2012,Kharif     ,Uttar Pradesh,5837298.0,14353736,880264538.4,1809562.38,2.4092
rice,2012,Summer     ,Uttar Pradesh,23984.0,62203,3616787.2,7435.04,2.434761905
potato,2012,Kharif     ,Uttar Pradesh,16800.0,217506,2533440.0,5208.0,12.95046875
maize,2012,Kharif     ,Uttarakhand,26096.0,38701,3935276.8,8089.76,1.387692308
maize,2012,Summer     ,Uttarakhand,51.0,102,7690.8,15.81,1.453333333
potato,2012,Kharif     ,Uttarakhand,8339.0,69006,1257521.2,2585.09,8.705454545
potato,2012,Rabi       ,Uttarakhand,5317.0,64212,801803.6,1648.27,11.07461538
rice,2012,Kharif     ,Uttarakhand,255037.0,561339,38459579.6,79061.47,1.750769231
rice,2012,Summer     ,Uttarakhand,14200.0,45552,2141360.0,4402.0,3.21
maize,2012,Autumn     ,Jharkhand,93589.0,118472,14113221.2,29012.59,1.367916667
potato,2012,Rabi       ,Jharkhand,16873.0,128549,2544448.4,5230.63,7.279583333
potato,2012,Winter     ,Jharkhand,23093.0,156202,3482424.4,7158.83,6.298695652
rice,2012,Autumn     ,Jharkhand,148761.0,129693,22433158.8,46115.91,0.761304348
rice,2012,Winter     ,Jharkhand,942310.0,1292796,142100348.0,292116.1,1.338333333
maize,2012,Autumn     ,West Bengal,40588.0,96769,6120670.4,12582.28,2.358
maize,2012,Rabi       ,West Bengal,33709.0,157468,5083317.2,10449.79,3.544166667
maize,2012,Summer     ,West Bengal,48715.0,207174,7346222.0,15101.65,2.873888889
potato,2012,Rabi       ,West Bengal,386607.0,11591300,58300335.6,119848.17,28.56444444
potato,2012,Summer     ,West Bengal,2446.0,29352,368856.8,758.26,12.0
rice,2012,Autumn     ,West Bengal,205082.0,471150,30926365.6,63575.42,2.259444444
rice,2012,Summer     ,West Bengal,1228263.0,4065052,185222060.4,380761.53,3.206111111
rice,2012,Winter     ,West Bengal,4010973.0,10410533,604854728.4,1243401.63,2.53
maize,2013,Autumn     ,Bihar,276577.0,778209,39962610.73,74675.79,2.933783784
maize,2013,Rabi       ,Bihar,263499.0,1199389,38072970.51,71144.73,4.180294118
maize,2013,Summer     ,Bihar,192263.0,926639,27780080.87,51911.01,4.573243243
rice,2013,Autumn     ,Bihar,549404.0,798676,79383383.96,148339.08,1.413
rice,2013,Summer     ,Bihar,92207.0,215952,13322989.43,24895.89,2.233157895
rice,2013,Winter     ,Bihar,2509203.0,5634961,362554741.5,677484.81,2.066842105
maize,2013,Kharif     ,Chhattisgarh,123430.0,254134,17834400.7,33326.1,1.981481481
maize,2013,Rabi       ,Chhattisgarh,33.0,117,4768.17,8.91,3.55
maize,2013,Summer     ,Chhattisgarh,127.0,233,18350.23,34.29,1.83
potato,2013,Kharif     ,Chhattisgarh,1805.0,8900,260804.45,487.35,5.703846154
potato,2013,Rabi       ,Chhattisgarh,10935.0,53920,1579998.15,2952.45,5.766190476
rice,2013,Kharif     ,Chhattisgarh,3987721.0,7102729,576185807.3,1076684.67,1.75037037
potato,2013,Whole Year ,Chhattisgarh,3643.0,19396,526377.07,983.61,5.608461538
maize,2013,Kharif     ,Gujarat,333135.0,421915,48134676.15,89946.45,1.345
maize,2013,Rabi       ,Gujarat,92747.0,196862,13401014.03,25041.69,2.120714286
maize,2013,Summer     ,Gujarat,6541.0,13374,945109.09,1766.07,1.894
potato,2013,Whole Year ,Gujarat,79304.0,2106238,11458634.96,21412.08,26.01307692
rice,2013,Kharif     ,Gujarat,787300.0,1672585,113756977.0,212571.0,1.939411765
rice,2013,Summer     ,Gujarat,33099.0,105505,4782474.51,8936.73,3.133636364
maize,2013,Kharif     ,Haryana,8000.0,24000,1155920.0,2160.0,3.2
potato,2013,Whole Year ,Haryana,29973.0,696514,4330798.77,8092.71,23.14047619
rice,2013,Kharif     ,Haryana,1244000.0,4041000,179745560.0,335880.0,3.112
maize,2013,Kharif     ,Himachal Pradesh,291960.0,594280,42185300.4,78829.2,2.336666667
potato,2013,Kharif     ,Himachal Pradesh,6228.0,64123,899883.72,1681.56,10.642
potato,2013,Rabi       ,Himachal Pradesh,3408.0,23871,492421.92,920.16,4.882
rice,2013,Kharif     ,Himachal Pradesh,73139.0,106899,10567854.11,19747.53,1.565454545
maize,2013,Kharif     ,Madhya Pradesh,851639.0,1486110,123053319.1,229942.53,1.5412
potato,2013,Whole Year ,Madhya Pradesh,80955.0,1047072,11697187.95,21857.85,13.117
rice,2013,Kharif     ,Madhya Pradesh,1881546.0,3321724,271864581.5,508017.42,1.410204082
potato,2013,Whole Year ,Madhya Pradesh,4776.0,30914,690084.24,1289.52,6.665744681
maize,2013,Kharif     ,Maharashtra,746700.0,2643900,107890683.0,201609.0,2.6244
maize,2013,Rabi       ,Maharashtra,171600.0,443600,24794484.0,46332.0,2.4765
maize,2013,Summer     ,Maharashtra,28200.0,36300,4074618.0,7614.0,1.265833333
rice,2013,Kharif     ,Maharashtra,1567500.0,3016600,226488075.0,423225.0,1.436
rice,2013,Summer     ,Maharashtra,37400.0,91690,5403926.0,10098.0,2.423333333
maize,2013,Kharif     ,Manipur,19590.0,42750,2830559.1,5289.3,2.186666667
maize,2013,Rabi       ,Manipur,6310.0,15190,911731.9,1703.7,2.408888889
potato,2013,Whole Year ,Manipur,14800.0,125420,2138452.0,3996.0,8.48
rice,2013,Kharif     ,Manipur,222800.0,597670,32192372.0,60156.0,2.354444444
maize,2013,Kharif     ,Mizoram,5618.0,7994,811744.82,1516.86,1.65625
maize,2013,Rabi       ,Mizoram,175.0,227,25285.75,47.25,1.4325
potato,2013,Kharif     ,Mizoram,352.0,2962,50860.48,95.04,7.01
rice,2013,Autumn     ,Mizoram,22633.0,25671,3270242.17,6110.91,1.10625
rice,2013,Kharif     ,Mizoram,15620.0,32440,2256933.8,4217.4,2.1475
rice,2013,Rabi       ,Mizoram,550.0,883,79469.5,148.5,1.666666667
maize,2013,Kharif     ,Nagaland,63570.0,125160,9185229.3,17163.9,1.97
maize,2013,Rabi       ,Nagaland,5210.0,10280,752792.9,1406.7,1.971666667
potato,2013,Rabi       ,Nagaland,7040.0,70540,1017209.6,1900.8,10.01090909
rice,2013,Kharif     ,Nagaland,185670.0,419640,26827458.3,50130.9,2.203636364
rice,2013,Rabi       ,Nagaland,3810.0,10000,550506.9,1028.7,2.633333333
potato,2013,Kharif     ,Nagaland,1490.0,12680,215290.1,402.3,8.509090909
maize,2013,Kharif     ,Punjab,130000.0,507000,18783700.0,35100.0,4.231428571
rice,2013,Kharif     ,Punjab,2851000.0,11267000,411940990.0,769770.0,3.834090909
maize,2013,Kharif     ,Telangana,552897.0,2436849,79888087.53,149282.19,4.022222222
maize,2013,Rabi       ,Telangana,197322.0,1074644,28511055.78,53276.94,5.292222222
potato,2013,Whole Year ,Telangana,3512.0,47411,507448.88,948.24,14.71
rice,2013,Kharif     ,Telangana,1166334.0,3768045,168523599.7,314910.18,3.115555556
rice,2013,Rabi       ,Telangana,828103.0,2813045,119652602.5,223587.81,3.203333333
potato,2013,Whole Year ,Telangana,109.0,742,15749.41,29.43,7.57
maize,2013,Kharif     ,Tripura,4549.0,5805,657285.01,1228.23,1.29375
rice,2013,Kharif     ,Tripura,254254.0,711831,36737160.46,68648.58,2.775
maize,2013,Kharif     ,Uttar Pradesh,695526.0,1277851,100496551.7,187792.02,1.702
maize,2013,Rabi       ,Uttar Pradesh,13418.0,47674,1938766.82,3622.86,3.5572
maize,2013,Summer     ,Uttar Pradesh,58002.0,106550,8380708.98,15660.54,1.840877193
potato,2013,Rabi       ,Uttar Pradesh,569806.0,12060013,82331268.94,153847.62,19.44533333
rice,2013,Kharif     ,Uttar Pradesh,5955306.0,14565665,860482163.9,1607932.62,2.396133333
rice,2013,Summer     ,Uttar Pradesh,27063.0,70171,3910332.87,7307.01,2.479047619
potato,2013,Kharif     ,Uttar Pradesh,16170.0,213687,2336403.3,4365.9,13.21790323
maize,2013,Kharif     ,Uttarakhand,23534.0,33712,3400427.66,6354.18,1.412307692
maize,2013,Summer     ,Uttarakhand,48.0,118,6935.52,12.96,2.4325
potato,2013,Kharif     ,Uttarakhand,9246.0,84730,1335954.54,2496.42,9.480909091
potato,2013,Rabi       ,Uttarakhand,5058.0,54900,730830.42,1365.66,10.64153846
rice,2013,Kharif     ,Uttarakhand,246959.0,551758,35683105.91,66678.93,1.736153846
rice,2013,Summer     ,Uttarakhand,12420.0,41310,1794565.8,3353.4,3.353333333
maize,2013,Autumn     ,Jharkhand,85854.0,136388,12405044.46,23180.58,1.467916667
potato,2013,Rabi       ,Jharkhand,17421.0,102216,2517160.29,4703.67,6.32375
potato,2013,Winter     ,Jharkhand,22552.0,155407,3258538.48,6089.04,7.315
rice,2013,Autumn     ,Jharkhand,154068.0,131682,22261285.32,41598.36,0.854782609
rice,2013,Winter     ,Jharkhand,933073.0,1366639,134819717.8,251929.71,1.422083333
maize,2013,Autumn     ,West Bengal,43701.0,117402,6314357.49,11799.27,2.767777778
maize,2013,Rabi       ,West Bengal,46869.0,252419,6772101.81,12654.63,3.530833333
maize,2013,Summer     ,West Bengal,53334.0,250660,7706229.66,14400.18,2.987222222
potato,2013,Rabi       ,West Bengal,409749.0,9020547,59204633.01,110632.23,25.34722222
potato,2013,Summer     ,West Bengal,2446.0,29352,353422.54,660.42,12.0
rice,2013,Autumn     ,West Bengal,210036.0,493651,30348101.64,56709.72,2.252777778
rice,2013,Summer     ,West Bengal,1286995.0,4338142,185957907.6,347488.65,3.127222222
rice,2013,Winter     ,West Bengal,4016656.0,10545076,580366625.4,1084497.12,2.626111111
maize,2014,Autumn     ,Bihar,277416.0,825146,41878719.36,91547.28,2.717368421
maize,2014,Rabi       ,Bihar,251716.0,913784,37999047.36,83066.28,3.269705882
maize,2014,Summer     ,Bihar,177386.0,739815,26778190.56,58537.38,3.988378378
rice,2014,Autumn     ,Bihar,581128.0,1010341,87727082.88,191772.24,1.738965517
rice,2014,Summer     ,Bihar,82265.0,181555,12418724.4,27147.45,1.971764706
rice,2014,Winter     ,Bihar,2599981.0,7049728,392493131.8,857993.73,2.625263158
maize,2014,Kharif     ,Chhattisgarh,125074.0,235014,18881171.04,41274.42,1.803333333
potato,2014,Kharif     ,Chhattisgarh,1995.0,11894,301165.2,658.35,6.859166667
potato,2014,Rabi       ,Chhattisgarh,10522.0,62732,1588401.12,3472.26,6.647727273
rice,2014,Kharif     ,Chhattisgarh,4035700.0,7977746,609229272.0,1331781.0,1.92962963
potato,2014,Whole Year ,Chhattisgarh,2553.0,13977,385400.88,842.49,5.429230769
maize,2014,Kharif     ,Gujarat,308788.0,387805,46614636.48,101900.04,1.409090909
maize,2014,Rabi       ,Gujarat,79664.0,169660,12026077.44,26289.12,1.969375
maize,2014,Summer     ,Gujarat,5890.0,11341,889154.4,1943.7,1.847857143
potato,2014,Whole Year ,Gujarat,101663.0,2609426,15347046.48,33548.79,25.4975
rice,2014,Kharif     ,Gujarat,763205.0,1671308,115213426.8,251857.65,1.867368421
rice,2014,Summer     ,Gujarat,31238.0,100275,4715688.48,10308.54,3.144166667
maize,2014,Kharif     ,Haryana,9000.0,18000,1358640.0,2970.0,2.0
potato,2014,Whole Year ,Haryana,30134.0,722584,4549028.64,9944.22,23.752
rice,2014,Kharif     ,Haryana,1277000.0,3989000,192775920.0,421410.0,2.9465
maize,2014,Kharif     ,Himachal Pradesh,289204.0,503715,43658235.84,95437.32,1.985
potato,2014,Kharif     ,Himachal Pradesh,6548.0,65364,988486.08,2160.84,10.461
potato,2014,Rabi       ,Himachal Pradesh,3551.0,23045,536058.96,1171.83,4.698
rice,2014,Kharif     ,Himachal Pradesh,72380.0,116365,10926484.8,23885.4,1.72
maize,2014,Kharif     ,Madhya Pradesh,1131000.0,2530000,170735760.0,373230.0,2.093061224
rice,2014,Kharif     ,Madhya Pradesh,2057000.0,3522660,310524720.0,678810.0,1.663488372
maize,2014,Kharif     ,Maharashtra,800500.0,1496100,120843480.0,264165.0,1.76
maize,2014,Rabi       ,Maharashtra,239800.0,651400,36200208.0,79134.0,1.730869565
maize,2014,Summer     ,Maharashtra,35900.0,53700,5419464.0,11847.0,1.240454545
rice,2014,Kharif     ,Maharashtra,1508400.0,2835400,227708064.0,497772.0,1.3064
rice,2014,Summer     ,Maharashtra,42800.0,111200,6461088.0,14124.0,2.52375
maize,2014,Kharif     ,Manipur,19590.0,43350,2957306.4,6464.7,2.234444444
maize,2014,Rabi       ,Manipur,6600.0,15400,996336.0,2178.0,2.334444444
potato,2014,Whole Year ,Manipur,14800.0,125420,2234208.0,4884.0,8.48
rice,2014,Kharif     ,Manipur,224380.0,501980,33872404.8,74045.4,2.073333333
maize,2014,Kharif     ,Mizoram,5553.0,8444,838280.88,1832.49,1.65875
maize,2014,Rabi       ,Mizoram,142.0,180,21436.32,46.86,2.23
potato,2014,Kharif     ,Mizoram,23.0,106,3472.08,7.59,4.595
potato,2014,Rabi       ,Mizoram,181.0,1176,27323.76,59.73,5.756666667
rice,2014,Autumn     ,Mizoram,20064.0,23583,3028861.44,6621.12,1.14875
rice,2014,Kharif     ,Mizoram,16380.0,35983,2472724.8,5405.4,2.2825
rice,2014,Rabi       ,Mizoram,486.0,1113,73366.56,160.38,2.063333333
maize,2014,Kharif     ,Nagaland,63600.0,125630,9601056.0,20988.0,1.973636364
maize,2014,Rabi       ,Nagaland,5220.0,10310,788011.2,1722.6,1.975
potato,2014,Rabi       ,Nagaland,7200.0,73370,1086912.0,2376.0,10.17181818
rice,2014,Kharif     ,Nagaland,191230.0,443450,28868080.8,63105.9,2.260909091
rice,2014,Rabi       ,Nagaland,4010.0,10740,605349.6,1323.3,2.683333333
potato,2014,Kharif     ,Nagaland,1570.0,13370,237007.2,518.1,8.514545455
maize,2014,Kharif     ,Punjab,126000.0,460000,19020960.0,41580.0,3.918571429
rice,2014,Kharif     ,Punjab,2894000.0,11107000,436878240.0,955020.0,3.728181818
maize,2014,Kharif     ,Telangana,521865.0,1408615,78780740.4,172215.45,2.935555556
maize,2014,Rabi       ,Telangana,169606.0,899436,25603721.76,55969.98,4.993333333
potato,2014,Kharif     ,Telangana,9.0,173,1358.64,2.97,19.22
potato,2014,Rabi       ,Telangana,3037.0,41069,458465.52,1002.21,14.92
rice,2014,Kharif     ,Telangana,920307.0,2854873,138929544.7,303701.31,2.958888889
rice,2014,Rabi       ,Telangana,495113.0,1690109,74742258.48,163387.29,3.332222222
potato,2014,Kharif     ,Telangana,7.0,55,1056.72,2.31,7.9
potato,2014,Rabi       ,Telangana,96.0,744,14492.16,31.68,7.745
maize,2014,Kharif     ,Tripura,4519.0,5963,682188.24,1491.27,1.30875
rice,2014,Kharif     ,Tripura,257273.0,746954,38837932.08,84900.09,2.885
maize,2014,Kharif     ,Uttar Pradesh,642726.0,1142861,97025916.96,212099.58,1.693783784
maize,2014,Rabi       ,Uttar Pradesh,10653.0,25493,1608176.88,3515.49,2.444166667
maize,2014,Summer     ,Uttar Pradesh,62374.0,110903,9415979.04,20583.42,1.784310345
potato,2014,Rabi       ,Uttar Pradesh,575668.0,12986412,86902841.28,189970.44,21.62333333
rice,2014,Kharif     ,Uttar Pradesh,5842029.0,13241518,881912697.8,1927869.57,2.240533333
rice,2014,Summer     ,Uttar Pradesh,29947.0,75449,4520799.12,9882.51,2.384090909
potato,2014,Kharif     ,Uttar Pradesh,16833.0,208515,2541109.68,5554.89,12.38789474
maize,2014,Kharif     ,Uttarakhand,23757.0,49135,3586356.72,7839.81,1.822307692
maize,2014,Summer     ,Uttarakhand,36.0,80,5434.56,11.88,2.205
potato,2014,Kharif     ,Uttarakhand,6561.0,70178,990448.56,2165.13,9.715
potato,2014,Rabi       ,Uttarakhand,5262.0,50495,794351.52,1736.46,10.41461538
rice,2014,Kharif     ,Uttarakhand,247698.0,561856,37392490.08,81740.34,1.738461538
rice,2014,Summer     ,Uttarakhand,12394.0,39004,1870998.24,4090.02,3.15
maize,2014,Autumn     ,Jharkhand,106524.0,230750,16080863.04,35152.92,1.71625
potato,2014,Rabi       ,Jharkhand,16999.0,121786,2566169.04,5609.67,7.075
potato,2014,Winter     ,Jharkhand,21548.0,157894,3252886.08,7110.84,7.390869565
rice,2014,Autumn     ,Jharkhand,139909.0,143816,21120662.64,46169.97,1.01
rice,2014,Winter     ,Jharkhand,849093.0,1248966,128179079.3,280200.69,1.416666667
maize,2014,Autumn     ,West Bengal,45415.0,122104,6855848.4,14986.95,3.369166667
maize,2014,Rabi       ,West Bengal,51093.0,278224,7712999.28,16860.69,3.430833333
maize,2014,Summer     ,West Bengal,55289.0,249556,8346427.44,18245.37,3.143333333
potato,2014,Rabi       ,West Bengal,409805.0,13878709,61864162.8,135235.65,30.99555556
potato,2014,Summer     ,West Bengal,2445.0,29340,369097.2,806.85,12.0
rice,2014,Autumn     ,West Bengal,227829.0,591451,34393065.84,75183.57,2.516111111
rice,2014,Summer     ,West Bengal,1290020.0,4351753,194741419.2,425706.6,3.254444444
rice,2014,Winter     ,West Bengal,4008662.0,10983992,605147615.5,1322858.46,2.700555556
maize,2015,Autumn     ,Bihar,270700.0,692696,42746237.0,89331.0,2.795263158
maize,2015,Rabi       ,Bihar,249982.0,1105141,39474657.62,82494.06,3.842352941
maize,2015,Summer     ,Bihar,184273.0,719263,29098549.43,60810.09,3.562972973
rice,2015,Autumn     ,Bihar,549012.0,725206,86694484.92,181173.96,1.347142857
rice,2015,Summer     ,Bihar,81302.0,200983,12838398.82,26829.66,2.528333333
rice,2015,Winter     ,Bihar,2602000.0,5876027,410881820.0,858660.0,2.166052632
maize,2015,Kharif     ,Chhattisgarh,126356.0,237676,19952875.96,41697.48,1.733333333
potato,2015,Kharif     ,Chhattisgarh,1537.0,10321,242707.67,507.21,8.379166667
potato,2015,Rabi       ,Chhattisgarh,11197.0,75177,1768118.27,3695.01,7.626818182
rice,2015,Kharif     ,Chhattisgarh,3959746.0,5154328,625283490.9,1306716.18,1.21962963
potato,2015,Whole Year ,Chhattisgarh,2652.0,15570,418777.32,875.16,5.950740741
maize,2015,Kharif     ,Gujarat,297588.0,393828,46992121.08,98204.04,1.486818182
maize,2015,Rabi       ,Gujarat,88311.0,201807,13945190.01,29142.63,2.075714286
maize,2015,Summer     ,Gujarat,6022.0,12876,950934.02,1987.26,2.067272727
potato,2015,Whole Year ,Gujarat,109188.0,2773080,17241877.08,36032.04,24.20928571
rice,2015,Kharif     ,Gujarat,741042.0,1584355,117017942.2,244543.86,1.895238095
rice,2015,Summer     ,Gujarat,33140.0,107509,5233137.4,10936.2,3.201818182
maize,2015,Kharif     ,Haryana,5800.0,17900,915878.0,1914.0,2.93
potato,2015,Whole Year ,Haryana,34273.0,853806,5412049.43,11310.09,24.81095238
rice,2015,Kharif     ,Haryana,1353000.0,4142000,213652230.0,446490.0,2.963
maize,2015,Kharif     ,Himachal Pradesh,280811.0,708527,44342865.01,92667.63,2.868333333
potato,2015,Kharif     ,Himachal Pradesh,6475.0,58138,1022467.25,2136.75,10.163
potato,2015,Rabi       ,Himachal Pradesh,3412.0,23371,538788.92,1125.96,4.737
rice,2015,Kharif     ,Himachal Pradesh,71614.0,114670,11308566.74,23632.62,1.612727273
maize,2015,Kharif     ,Madhya Pradesh,1100000.0,3138000,173701000.0,363000.0,2.075416667
potato,2015,Whole Year ,Madhya Pradesh,135292.29,2828020,21364005.51,44646.4557,20.1022
rice,2015,Kharif     ,Madhya Pradesh,2027000.0,3546790,320083570.0,668910.0,1.701904762
potato,2015,Whole Year ,Madhya Pradesh,3376.0,47063,533104.16,1114.08,15.48923077
maize,2015,Kharif     ,Maharashtra,789100.0,1159800,124606781.0,260403.0,1.200833333
maize,2015,Rabi       ,Maharashtra,248690.0,460920,39270637.9,82067.7,1.55962963
maize,2015,Summer     ,Maharashtra,29100.0,39150,4595181.0,9603.0,1.352608696
rice,2015,Kharif     ,Maharashtra,1471400.0,2517100,232348774.0,485562.0,1.334583333
rice,2015,Summer     ,Maharashtra,31400.0,76000,4958374.0,10362.0,2.538888889
maize,2015,Kharif     ,Manipur,19720.0,44380,3113985.2,6507.6,2.287777778
maize,2015,Rabi       ,Manipur,7000.0,17180,1105370.0,2310.0,2.462222222
potato,2015,Whole Year ,Manipur,15250.0,129170,2408127.5,5032.5,8.488888889
rice,2015,Kharif     ,Manipur,237000.0,508140,37424670.0,78210.0,1.876666667
maize,2015,Kharif     ,Mizoram,5672.0,9868,895665.52,1871.76,1.94625
maize,2015,Rabi       ,Mizoram,205.0,427,32371.55,67.65,2.57
potato,2015,Kharif     ,Mizoram,6.0,6,947.46,1.98,1.0
potato,2015,Rabi       ,Mizoram,350.0,2894,55268.5,115.5,6.275
rice,2015,Autumn     ,Mizoram,19851.0,24343,3134671.41,6550.83,1.22375
rice,2015,Kharif     ,Mizoram,16804.0,36471,2653519.64,5545.32,2.16
rice,2015,Rabi       ,Mizoram,498.0,1275,78639.18,164.34,2.515
maize,2015,Kharif     ,Nagaland,63640.0,125920,10049392.4,21001.2,1.978181818
maize,2015,Rabi       ,Nagaland,5270.0,10440,832185.7,1739.1,1.981666667
potato,2015,Rabi       ,Nagaland,7310.0,73140,1154322.1,2412.3,9.953636364
rice,2015,Kharif     ,Nagaland,176790.0,427240,27916908.9,58340.7,2.41
rice,2015,Rabi       ,Nagaland,4520.0,12220,713753.2,1491.6,2.703333333
potato,2015,Kharif     ,Nagaland,1640.0,13950,258972.4,541.2,8.504545455
maize,2015,Kharif     ,Punjab,115000.0,424000,18159650.0,37950.0,3.759230769
rice,2015,Kharif     ,Punjab,2975000.0,11823000,469782250.0,981750.0,3.923181818
maize,2015,Kharif     ,Telangana,454308.0,1161260,71739776.28,149921.64,2.983333333
maize,2015,Rabi       ,Telangana,118486.0,589814,18710124.26,39100.38,4.658888889
potato,2015,Rabi       ,Telangana,2220.0,28466,350560.2,732.6,13.8
rice,2015,Kharif     ,Telangana,748713.0,2197030,118229269.8,247075.29,2.822222222
rice,2015,Rabi       ,Telangana,297475.0,850259,46974277.25,98166.75,2.785555556
potato,2015,Rabi       ,Telangana,87.0,1230,13738.17,28.71,13.3925
maize,2015,Kharif     ,Tripura,7334.0,10101,1158111.94,2420.22,1.385
maize,2015,Rabi       ,Tripura,1412.0,2076,222968.92,465.96,1.4625
rice,2015,Kharif     ,Tripura,199818.0,575826,31553260.38,65939.94,2.895
rice,2015,Summer     ,Tripura,69975.0,219022,11049752.25,23091.75,3.04625
maize,2015,Kharif     ,Uttar Pradesh,605036.0,1118656,95541234.76,199661.88,1.640133333
maize,2015,Rabi       ,Uttar Pradesh,10620.0,23341,1677004.2,3504.6,2.162391304
maize,2015,Summer     ,Uttar Pradesh,87544.0,161869,13824073.04,28889.52,1.851754386
potato,2015,Rabi       ,Uttar Pradesh,612600.0,14112748,96735666.0,202158.0,22.6352
rice,2015,Kharif     ,Uttar Pradesh,5837445.0,12434053,921790939.9,1926356.85,2.096133333
rice,2015,Summer     ,Uttar Pradesh,24595.0,67107,3883796.45,8116.35,2.295
potato,2015,Kharif     ,Uttar Pradesh,14069.0,169588,2221635.79,4642.77,12.04796296
maize,2015,Kharif     ,Uttarakhand,22123.0,38135,3493442.93,7300.59,1.593076923
maize,2015,Summer     ,Uttarakhand,43.0,73,6790.13,14.19,1.32
potato,2015,Kharif     ,Uttarakhand,7364.0,69359,1162849.24,2430.12,9.873333333
potato,2015,Rabi       ,Uttarakhand,4863.0,40894,767916.33,1604.79,9.324615385
rice,2015,Kharif     ,Uttarakhand,252163.0,591755,39819059.33,83213.79,1.795384615
rice,2015,Summer     ,Uttarakhand,13043.0,50137,2059620.13,4304.19,3.81
maize,2015,Autumn     ,Jharkhand,118741.0,115121,18750391.31,39184.53,1.133333333
potato,2015,Rabi       ,Jharkhand,16418.0,100932,2592566.38,5417.94,6.687391304
potato,2015,Winter     ,Jharkhand,22294.0,154432,3520445.54,7357.02,7.95
rice,2015,Autumn     ,Jharkhand,145866.0,88110,23033700.06,48135.78,0.606956522
rice,2015,Winter     ,Jharkhand,1016623.0,674135,160534937.9,335485.59,0.6625
maize,2015,Autumn     ,West Bengal,45635.0,122780,7206222.85,15059.55,2.642307692
maize,2015,Rabi       ,West Bengal,52130.0,284572,8231848.3,17202.9,3.6
maize,2015,Summer     ,West Bengal,55352.0,255082,8740634.32,18266.16,3.279444444
potato,2015,Rabi       ,West Bengal,489959.0,9696830,77369425.69,161686.47,21.85277778
potato,2015,Summer     ,West Bengal,2445.0,29462,386089.95,806.85,12.05
rice,2015,Autumn     ,West Bengal,235970.0,612966,37262022.7,77870.1,2.48
rice,2015,Summer     ,West Bengal,1310585.0,4424392,206954477.4,432493.05,3.155
rice,2015,Winter     ,West Bengal,3977400.0,10910896,628071234.0,1312542.0,2.670555556
maize,2016,Kharif     ,Arunachal Pradesh,50300.0,75450,7708475.0,17605.0,1.584
potato,2016,Whole Year ,Arunachal Pradesh,5985.0,43092,917201.25,2094.75,6.596
rice,2016,Kharif     ,Arunachal Pradesh,131000.0,220000,20075750.0,45850.0,1.606
maize,2016,Autumn     ,Bihar,241450.0,624300,37002212.5,84507.5,2.579459459
maize,2016,Rabi       ,Bihar,284883.0,2131513,43658319.75,99709.05,6.058181818
maize,2016,Summer     ,Bihar,194577.0,1089887,29818925.25,68101.95,4.561666667
potato,2016,Rabi       ,Bihar,92721.0,1263936,14209493.25,32452.35,14.89184211
potato,2016,Winter     ,Bihar,71980.0,882007,11030935.0,25193.0,13.02875
rice,2016,Autumn     ,Bihar,556827.0,949371,85333737.75,194889.45,1.736153846
rice,2016,Summer     ,Bihar,84323.0,224329,12922499.75,29513.05,2.493333333
rice,2016,Winter     ,Bihar,2698627.0,7065073,413564587.8,944519.45,2.571052632
maize,2016,Kharif     ,Chhattisgarh,120547.0,309324,18473827.75,42191.45,2.348518519
potato,2016,Kharif     ,Chhattisgarh,1398.0,6346,214243.5,489.3,5.674166667
potato,2016,Rabi       ,Chhattisgarh,10912.0,49530,1672264.0,3819.2,5.23826087
rice,2016,Kharif     ,Chhattisgarh,4052587.0,8793273,621058957.8,1418405.45,2.076666667
potato,2016,Whole Year ,Chhattisgarh,2443.0,13498,374389.75,855.05,5.757083333
maize,2016,Kharif     ,Gujarat,321379.0,539081,49251331.75,112482.65,1.789545455
maize,2016,Rabi       ,Gujarat,117169.0,277521,17956149.25,41009.15,2.16
maize,2016,Summer     ,Gujarat,11311.0,24059,1733410.75,3958.85,2.081428571
potato,2016,Whole Year ,Gujarat,134306.0,3445898,20582394.5,47007.1,24.92625
rice,2016,Kharif     ,Gujarat,792207.0,1808275,121405722.8,277272.45,2.0745
rice,2016,Summer     ,Gujarat,55403.0,180196,8490509.75,19391.05,3.133333333
maize,2016,Kharif     ,Haryana,6300.0,19500,965475.0,2205.0,3.132222222
potato,2016,Whole Year ,Haryana,32832.0,811499,5031504.0,11491.2,24.84571429
rice,2016,Kharif     ,Haryana,1384700.0,4451000,212205275.0,484645.0,2.9505
maize,2016,Kharif     ,Himachal Pradesh,262595.0,483441,40242683.75,91908.25,2.094166667
potato,2016,Kharif     ,Himachal Pradesh,6448.0,64460,988156.0,2256.8,11.604
potato,2016,Rabi       ,Himachal Pradesh,3407.0,23691,522122.75,1192.45,4.691
rice,2016,Kharif     ,Himachal Pradesh,70855.0,103557,10858528.75,24799.25,1.559090909
maize,2016,Kharif     ,Madhya Pradesh,1264000.0,4300000,193708000.0,442400.0,2.479130435
potato,2016,Whole Year ,Madhya Pradesh,159997.16,3460981,24519564.77,55999.006,21.3086
rice,2016,Kharif     ,Madhya Pradesh,2260000.0,5400540,346345000.0,791000.0,2.040294118
potato,2016,Whole Year ,Madhya Pradesh,4432.2,63449,679234.65,1551.27,17.19387097
maize,2016,Kharif     ,Maharashtra,658330.0,2136362,100889072.5,230415.5,2.413448276
maize,2016,Rabi       ,Maharashtra,344895.0,1084699,52855158.75,120713.25,2.637857143
maize,2016,Summer     ,Maharashtra,50200.0,107630,7693150.0,17570.0,1.8748
rice,2016,Kharif     ,Maharashtra,1465730.0,3419021,224623122.5,513005.5,1.664444444
rice,2016,Summer     ,Maharashtra,69640.0,161900,10672330.0,24374.0,2.369166667
maize,2016,Kharif     ,Manipur,19740.0,41800,3025155.0,6909.0,2.102222222
maize,2016,Rabi       ,Manipur,7060.0,17000,1081945.0,2471.0,2.412222222
potato,2016,Whole Year ,Manipur,15250.0,126860,2337062.5,5337.5,8.3
rice,2016,Kharif     ,Manipur,244000.0,645600,37393000.0,85400.0,2.313333333
maize,2016,Kharif     ,Mizoram,5481.0,8443,839963.25,1918.35,1.665
maize,2016,Rabi       ,Mizoram,298.0,468,45668.5,104.3,1.73
potato,2016,Kharif     ,Mizoram,106.0,437,16244.5,37.1,3.75
potato,2016,Rabi       ,Mizoram,43.0,250,6589.75,15.05,5.81
rice,2016,Autumn     ,Mizoram,19602.0,23665,3004006.5,6860.7,1.21125
rice,2016,Kharif     ,Mizoram,16862.0,36979,2584101.5,5901.7,2.2325
rice,2016,Rabi       ,Mizoram,394.0,872,60380.5,137.9,2.21
maize,2016,Kharif     ,Nagaland,63660.0,126040,9755895.0,22281.0,1.98
maize,2016,Rabi       ,Nagaland,5300.0,10500,812225.0,1855.0,1.978333333
potato,2016,Rabi       ,Nagaland,7480.0,74840,1146310.0,2618.0,10.0
rice,2016,Kharif     ,Nagaland,201860.0,491660,30935045.0,70651.0,2.391818182
rice,2016,Rabi       ,Nagaland,4800.0,13400,735600.0,1680.0,2.79
potato,2016,Kharif     ,Nagaland,1770.0,15070,271252.5,619.5,8.512727273
maize,2016,Kharif     ,Punjab,116000.0,445000,17777000.0,40600.0,3.600769231
rice,2016,Kharif     ,Punjab,3046000.0,12638000,466799500.0,1066100.0,4.066818182
maize,2016,Kharif     ,Telangana,636407.0,1756790,97529372.75,222742.45,3.304333333
maize,2016,Rabi       ,Telangana,165415.0,1125685,25349848.75,57895.25,6.661666667
potato,2016,Kharif     ,Telangana,37.0,405,5670.25,12.95,10.795
potato,2016,Rabi       ,Telangana,3192.0,32377,489174.0,1117.2,10.56111111
rice,2016,Kharif     ,Telangana,889351.0,3028634,136293040.8,311272.85,3.229666667
rice,2016,Rabi       ,Telangana,939223.0,3570445,143935924.8,328728.05,3.585
potato,2016,Rabi       ,Telangana,199.0,1672,30496.75,69.65,9.564
maize,2016,Kharif     ,Tripura,12196.0,16608,1869037.0,4268.6,1.38375
maize,2016,Rabi       ,Tripura,2500.0,3887,383125.0,875.0,1.56
rice,2016,Autumn     ,Tripura,38136.0,101574,5844342.0,13347.6,2.5475
rice,2016,Kharif     ,Tripura,16843.0,18190,2581189.75,5895.05,1.05875
rice,2016,Summer     ,Tripura,71877.0,231509,11015150.25,25156.95,3.145
rice,2016,Winter     ,Tripura,150250.0,463371,23025812.5,52587.5,3.05375
maize,2016,Kharif     ,Uttar Pradesh,727231.0,1364579,111448150.8,254530.85,1.737808219
maize,2016,Rabi       ,Uttar Pradesh,12320.0,34521,1888040.0,4312.0,2.64037037
maize,2016,Summer     ,Uttar Pradesh,66929.0,125558,10256869.25,23425.15,1.884827586
potato,2016,Rabi       ,Uttar Pradesh,575641.0,13956310,88216983.25,201474.35,23.69093333
rice,2016,Kharif     ,Uttar Pradesh,5965657.0,14396168,914236935.3,2087979.95,2.3668
rice,2016,Summer     ,Uttar Pradesh,26051.0,74184,3992315.75,9117.85,2.484117647
potato,2016,Kharif     ,Uttar Pradesh,15682.0,175102,2403266.5,5488.7,11.15094595
maize,2016,Kharif     ,Uttarakhand,21692.0,36649,3324299.0,7592.2,1.57
maize,2016,Summer     ,Uttarakhand,90.0,133,13792.5,31.5,1.705
potato,2016,Kharif     ,Uttarakhand,6583.0,55540,1008844.75,2304.05,9.679090909
potato,2016,Rabi       ,Uttarakhand,5688.0,68184,871686.0,1990.8,11.89615385
rice,2016,Kharif     ,Uttarakhand,251498.0,582720,38542068.5,88024.3,1.779230769
rice,2016,Summer     ,Uttarakhand,14703.0,55577,2253234.75,5146.05,3.77
maize,2016,Autumn     ,Jharkhand,124673.0,270738,19106137.25,43635.55,2.102608696
potato,2016,Rabi       ,Jharkhand,24736.0,226561,3790792.0,8657.6,10.60166667
potato,2016,Winter     ,Jharkhand,20926.0,166162,3206909.5,7324.1,8.624285714
rice,2016,Autumn     ,Jharkhand,137925.0,154026,21137006.25,48273.75,0.912
rice,2016,Winter     ,Jharkhand,1204133.0,2621003,184533382.3,421446.55,2.251666667
maize,2016,Autumn     ,West Bengal,46431.0,124996,7115550.75,16250.85,2.783333333
maize,2016,Rabi       ,West Bengal,56211.0,317798,8614335.75,19673.85,3.726666667
maize,2016,Summer     ,West Bengal,60813.0,310486,9319592.25,21284.55,3.493333333
potato,2016,Rabi       ,West Bengal,414490.0,14464124,63520592.5,145071.5,29.99272727
potato,2016,Summer     ,West Bengal,2590.0,25329,396917.5,906.5,7.125
rice,2016,Autumn     ,West Bengal,247978.0,642310,38002628.5,86792.3,2.493809524
rice,2016,Summer     ,West Bengal,1185381.0,4005685,181659638.3,414883.35,3.244285714
rice,2016,Winter     ,West Bengal,3963495.0,10996579,607405608.8,1387223.25,2.691363636
maize,2017,Kharif     ,Arunachal Pradesh,50797.0,77216,7997479.68,19302.86,1.628
potato,2017,Whole Year ,Arunachal Pradesh,6075.0,44044,956448.0,2308.5,6.7155
rice,2017,Kharif     ,Arunachal Pradesh,132000.0,233335,20782080.0,50160.0,1.6915
maize,2017,Autumn     ,Bihar,223242.0,535877,35147220.48,84831.96,2.639189189
maize,2017,Rabi       ,Bihar,268085.0,1645555,42207302.4,101872.3,5.3121875
maize,2017,Summer     ,Bihar,186119.0,939340,29302575.36,70725.22,4.354705882
potato,2017,Rabi       ,Bihar,87938.0,1257276,13844958.72,33416.44,14.39783784
potato,2017,Winter     ,Bihar,67636.0,908446,10648611.84,25701.68,13.43027778
rice,2017,Autumn     ,Bihar,522698.0,903286,82293573.12,198625.24,1.78173913
rice,2017,Summer     ,Bihar,67865.0,143832,10684665.6,25788.7,2.034285714
rice,2017,Winter     ,Bihar,2716420.0,7046043,427673164.8,1032239.6,2.466842105
maize,2017,Kharif     ,Chhattisgarh,119617.0,306937,18832500.48,45454.46,2.26037037
potato,2017,Kharif     ,Chhattisgarh,1596.0,7003,251274.24,606.48,4.111111111
potato,2017,Rabi       ,Chhattisgarh,9779.0,42910,1539605.76,3716.02,4.736956522
rice,2017,Kharif     ,Chhattisgarh,3976626.0,5749044,626079997.4,1511117.88,1.386296296
potato,2017,Whole Year ,Chhattisgarh,2511.0,14438,395331.84,954.18,5.702083333
maize,2017,Kharif     ,Gujarat,302790.0,469550,47671257.6,115060.2,1.676363636
maize,2017,Rabi       ,Gujarat,92558.0,235342,14572331.52,35172.04,2.460952381
maize,2017,Summer     ,Gujarat,4636.0,9848,729891.84,1761.68,2.028888889
potato,2017,Whole Year ,Gujarat,130397.0,3752816,20529703.68,49550.86,27.283125
rice,2017,Kharif     ,Gujarat,802674.0,1749613,126372994.6,305016.12,2.0375
rice,2017,Summer     ,Gujarat,52616.0,140196,8283863.04,19994.08,2.657857143
maize,2017,Kharif     ,Haryana,6600.0,20600,1039104.0,2508.0,2.711
potato,2017,Whole Year ,Haryana,34718.0,897576,5466001.92,13192.84,26.06142857
rice,2017,Kharif     ,Haryana,1422100.0,4880000,223895424.0,540398.0,3.096190476
maize,2017,Kharif     ,Himachal Pradesh,280811.0,711114,44210883.84,106708.18,2.886666667
potato,2017,Kharif     ,Himachal Pradesh,6458.0,63460,1016747.52,2454.04,10.488
potato,2017,Rabi       ,Himachal Pradesh,3413.0,24219,537342.72,1296.94,5.426
rice,2017,Kharif     ,Himachal Pradesh,71613.0,114785,11274750.72,27212.94,1.618181818
maize,2017,Kharif     ,Jharkhand,284565.0,576153,44801913.6,108134.7,2.102916667
maize,2017,Rabi       ,Jharkhand,10133.0,20579,1595339.52,3850.54,1.887777778
rice,2017,Kharif     ,Jharkhand,1735411.0,3421253,273223107.8,659456.18,2.023333333
maize,2017,Kharif     ,Madhya Pradesh,1316520.0,4679550,207272908.8,500277.6,2.5508
maize,2017,Summer     ,Madhya Pradesh,35640.0,133020,5611161.6,13543.2,3.540357143
potato,2017,Whole Year ,Madhya Pradesh,136290.21,3144644,21457530.66,51790.2798,21.3776
rice,2017,Kharif     ,Madhya Pradesh,2023070.0,4869658,318512140.8,768766.6,1.806888889
rice,2017,Summer     ,Madhya Pradesh,12070.0,29400,1900300.8,4586.6,1.965294118
potato,2017,Whole Year ,Madhya Pradesh,5196.15,78914,818081.856,1974.537,17.36147059
maize,2017,Kharif     ,Maharashtra,694785.0,2165565,109386950.4,264018.3,2.253461538
maize,2017,Rabi       ,Maharashtra,333739.0,904932,52543868.16,126820.82,1.973793103
maize,2017,Summer     ,Maharashtra,35002.0,54906,5510714.88,13300.76,1.334444444
rice,2017,Kharif     ,Maharashtra,1424765.0,2668600,224315001.6,541410.7,1.637916667
rice,2017,Summer     ,Maharashtra,26178.0,62200,4121464.32,9947.64,2.535833333
maize,2017,Kharif     ,Manipur,19810.0,45840,3118886.4,7527.8,2.284444444
maize,2017,Rabi       ,Manipur,7120.0,17250,1120972.8,2705.6,2.426666667
potato,2017,Whole Year ,Manipur,15250.0,129170,2400960.0,5795.0,8.488888889
rice,2017,Kharif     ,Manipur,236710.0,607820,37267622.4,89949.8,2.18
maize,2017,Kharif     ,Mizoram,5474.0,8786,861826.56,2080.12,1.67375
maize,2017,Rabi       ,Mizoram,505.2,686,79538.688,191.976,1.3575
potato,2017,Kharif     ,Mizoram,58.0,313,9131.52,22.04,3.28
potato,2017,Rabi       ,Mizoram,157.0,798,24718.08,59.66,5.488
rice,2017,Autumn     ,Mizoram,19587.5,23580,3083856.0,7443.25,1.18625
rice,2017,Kharif     ,Mizoram,16039.7,35029,2525290.368,6095.086,2.15625
rice,2017,Rabi       ,Mizoram,487.0,998,76673.28,185.06,2.09
maize,2017,Kharif     ,Nagaland,63680.0,126220,10025779.2,24198.4,1.981818182
maize,2017,Rabi       ,Nagaland,5330.0,10560,839155.2,2025.4,1.981666667
potato,2017,Rabi       ,Nagaland,7500.0,75020,1180800.0,2850.0,9.989090909
rice,2017,Kharif     ,Nagaland,206750.0,509590,32550720.0,78565.0,2.421818182
rice,2017,Rabi       ,Nagaland,5250.0,14850,826560.0,1995.0,2.826666667
potato,2017,Kharif     ,Nagaland,1800.0,15320,283392.0,684.0,8.51
maize,2017,Kharif     ,Punjab,114000.0,423000,17948160.0,43320.0,3.750833333
rice,2017,Kharif     ,Punjab,3065000.0,13382000,482553600.0,1164700.0,4.252727273
maize,2017,Kharif     ,Telangana,463203.0,1597928,72926680.32,176017.14,4.169333333
maize,2017,Rabi       ,Telangana,167254.0,1154219,26332469.76,63556.52,6.646333333
potato,2017,Kharif     ,Telangana,19.0,163,2991.36,7.22,7.94
potato,2017,Rabi       ,Telangana,2160.0,25925,340070.4,820.8,11.048
rice,2017,Kharif     ,Telangana,1046987.0,2946004,164837633.3,397855.06,2.672333333
rice,2017,Rabi       ,Telangana,915389.0,3317425,144118844.2,347847.82,3.532666667
potato,2017,Rabi       ,Telangana,199.0,1542,31330.56,75.62,7.776666667
maize,2017,Kharif     ,Tripura,13596.0,19137,2140554.24,5166.48,1.4275
maize,2017,Rabi       ,Tripura,2140.0,3336,336921.6,813.2,1.55
rice,2017,Autumn     ,Tripura,37775.0,104258,5947296.0,14354.5,2.68125
rice,2017,Kharif     ,Tripura,15837.0,16787,2493377.28,6018.06,1.02625
rice,2017,Summer     ,Tripura,72224.0,235115,11370946.56,27445.12,3.1475
rice,2017,Winter     ,Tripura,148232.0,455932,23337646.08,56328.16,3.045
maize,2017,Kharif     ,Uttar Pradesh,664457.0,1456460,104612110.1,252493.66,1.973013699
maize,2017,Rabi       ,Uttar Pradesh,13788.0,41388,2170782.72,5239.44,2.979298246
maize,2017,Summer     ,Uttar Pradesh,46098.0,101045,7257669.12,17517.24,2.1865
potato,2017,Rabi       ,Uttar Pradesh,572826.0,15008697,90185725.44,217673.88,23.98133333
rice,2017,Kharif     ,Uttar Pradesh,5897871.0,15441958,928560810.2,2241190.98,2.541333333
rice,2017,Summer     ,Uttar Pradesh,25761.0,76645,4055811.84,9789.18,2.67
potato,2017,Kharif     ,Uttar Pradesh,16318.0,182201,2569105.92,6200.84,11.14457143
maize,2017,Kharif     ,Uttarakhand,20806.0,42563,3275696.64,7906.28,1.868461538
maize,2017,Summer     ,Uttarakhand,66.0,96,10391.04,25.08,1.415
potato,2017,Kharif     ,Uttarakhand,7861.0,79562,1237635.84,2987.18,11.02
potato,2017,Rabi       ,Uttarakhand,6141.0,80400,966839.04,2333.58,12.16846154
rice,2017,Kharif     ,Uttarakhand,246539.0,620027,38815100.16,93684.82,1.909230769
rice,2017,Summer     ,Uttarakhand,13953.0,44845,2196760.32,5302.14,3.223333333
maize,2017,Autumn     ,West Bengal,56185.0,151542,8845766.4,21350.3,2.583157895
maize,2017,Rabi       ,West Bengal,117678.0,903874,18527224.32,44717.64,4.360666667
maize,2017,Summer     ,West Bengal,71365.0,368001,11235705.6,27118.7,3.45952381
potato,2017,Rabi       ,West Bengal,430615.0,14920198,67796025.6,163633.7,30.97954545
potato,2017,Summer     ,West Bengal,1130.0,12440,177907.2,429.4,7.6
rice,2017,Autumn     ,West Bengal,249341.0,633542,39256247.04,94749.58,2.45
rice,2017,Summer     ,West Bengal,1295678.0,4671912,203991544.3,492357.64,3.375714286
rice,2017,Winter     ,West Bengal,3992412.0,11010468,628565345.3,1517116.56,2.684545455
maize,2018,Kharif     ,Arunachal Pradesh,51000.0,78030,8272200.0,17850.0,1.659090909
potato,2018,Whole Year ,Arunachal Pradesh,6175.0,44118,1001585.0,2161.25,6.735909091
rice,2018,Kharif     ,Arunachal Pradesh,133200.0,239998,21605040.0,46620.0,1.737727273
maize,2018,Autumn     ,Bihar,223317.0,464137,36222017.4,78160.95,2.154375
maize,2018,Rabi       ,Bihar,282344.0,2098443,45796196.8,98820.4,5.559705882
maize,2018,Summer     ,Bihar,163817.0,631331,26571117.4,57335.95,3.415151515
potato,2018,Rabi       ,Bihar,84227.0,1076879,13661619.4,29479.45,13.51289474
potato,2018,Winter     ,Bihar,73008.0,1109773,11841897.6,25552.8,14.90944444
rice,2018,Autumn     ,Bihar,445393.0,615668,72242744.6,155887.55,1.439545455
rice,2018,Summer     ,Bihar,60400.0,136281,9796880.0,21140.0,2.205
rice,2018,Winter     ,Bihar,2653929.0,5403580,430467283.8,928875.15,1.809210526
maize,2018,Kharif     ,Chhattisgarh,118047.0,303145,19147223.4,41316.45,2.280740741
potato,2018,Kharif     ,Chhattisgarh,1441.0,7619,233730.2,504.35,7.005555556
potato,2018,Rabi       ,Chhattisgarh,8991.0,47544,1458340.2,3146.85,6.055217391
rice,2018,Kharif     ,Chhattisgarh,4141378.0,6509430,671731511.6,1449482.3,1.521481481
potato,2018,Whole Year ,Chhattisgarh,2561.0,14514,415394.2,896.35,4.819166667
maize,2018,Kharif     ,Gujarat,310536.0,549680,50368939.2,108687.6,1.835238095
maize,2018,Rabi       ,Gujarat,95598.0,245862,15505995.6,33459.3,2.710526316
maize,2018,Summer     ,Gujarat,3090.0,6356,501198.0,1081.5,1.765
potato,2018,Whole Year ,Gujarat,121449.0,3655606,19699027.8,42507.15,28.84285714
rice,2018,Kharif     ,Gujarat,809367.0,1819260,131279327.4,283278.45,2.131
rice,2018,Summer     ,Gujarat,29582.0,92755,4798200.4,10353.7,2.676153846
maize,2018,Kharif     ,Haryana,5900.0,15600,956980.0,2065.0,3.206
potato,2018,Whole Year ,Haryana,34738.0,897846,5634503.6,12158.3,25.85727273
rice,2018,Kharif     ,Haryana,1447000.0,4516000,234703400.0,506450.0,2.94952381
maize,2018,Kharif     ,Himachal Pradesh,286780.0,725553,46515716.0,100373.0,2.600833333
potato,2018,Kharif     ,Himachal Pradesh,2900.0,21312,470380.0,1015.0,5.96875
potato,2018,Rabi       ,Himachal Pradesh,7029.0,72777,1140103.8,2460.15,9.303333333
rice,2018,Kharif     ,Himachal Pradesh,71810.0,114896,11647582.0,25133.5,1.623636364
maize,2018,Kharif     ,Jharkhand,255145.0,443992,41384519.0,89300.75,1.8175
maize,2018,Rabi       ,Jharkhand,5944.0,11324,964116.8,2080.4,1.835789474
rice,2018,Kharif     ,Jharkhand,1527103.0,2894101,247696106.6,534486.05,1.817916667
maize,2018,Kharif     ,Madhya Pradesh,1256645.0,4090669,203827819.0,439825.75,2.330588235
potato,2018,Whole Year ,Madhya Pradesh,145736.5,3309669,23638460.3,51007.775,21.3004
rice,2018,Kharif     ,Madhya Pradesh,2794020.0,5238850,453190044.0,977907.0,1.444901961
potato,2018,Whole Year ,Madhya Pradesh,5297.72,80333,859290.184,1854.202,17.05294118
maize,2018,Kharif     ,Maharashtra,707963.0,1364959,114831598.6,247787.05,1.515
maize,2018,Rabi       ,Maharashtra,201409.0,379865,32668539.8,70493.15,1.349230769
maize,2018,Summer     ,Maharashtra,17135.0,20570,2779297.0,5997.25,1.0155
rice,2018,Kharif     ,Maharashtra,1417445.0,3143748,229909579.0,496105.75,1.657916667
rice,2018,Summer     ,Maharashtra,47541.0,132050,7711150.2,16639.35,2.755833333
maize,2018,Kharif     ,Manipur,19160.0,41020,3107752.0,6706.0,2.253333333
maize,2018,Rabi       ,Manipur,7220.0,17140,1171084.0,2527.0,2.371111111
potato,2018,Whole Year ,Manipur,15550.0,128070,2522210.0,5442.5,8.283333333
rice,2018,Kharif     ,Manipur,233500.0,602430,37873700.0,81725.0,2.232222222
maize,2018,Kharif     ,Mizoram,5733.0,10300,929892.6,2006.55,1.79125
maize,2018,Rabi       ,Mizoram,430.0,670,69746.0,150.5,1.643333333
potato,2018,Kharif     ,Mizoram,61.0,253,9894.2,21.35,3.94
potato,2018,Rabi       ,Mizoram,73.0,256,11840.6,25.55,3.823333333
rice,2018,Autumn     ,Mizoram,18957.0,23372,3074825.4,6634.95,1.215
rice,2018,Kharif     ,Mizoram,16133.0,35678,2616772.6,5646.55,2.1975
rice,2018,Rabi       ,Mizoram,460.0,960,74612.0,161.0,2.115
maize,2018,Kharif     ,Nagaland,63710.0,126270,10333762.0,22298.5,1.981818182
maize,2018,Rabi       ,Nagaland,5360.0,10630,869392.0,1876.0,1.983333333
potato,2018,Rabi       ,Nagaland,7520.0,75240,1219744.0,2632.0,9.993636364
rice,2018,Kharif     ,Nagaland,208990.0,519600,33898178.0,73146.5,2.444545455
rice,2018,Rabi       ,Nagaland,5460.0,15440,885612.0,1911.0,2.8275
potato,2018,Kharif     ,Nagaland,1840.0,15660,298448.0,644.0,8.510909091
maize,2018,Kharif     ,Punjab,109200.0,395900,17712240.0,38220.0,3.54625
rice,2018,Kharif     ,Punjab,3103000.0,12822000,503306600.0,1086050.0,4.011818182
maize,2018,Kharif     ,Telangana,426342.0,1323976,69152672.4,149219.7,3.95625
maize,2018,Rabi       ,Telangana,116724.0,759015,18932632.8,40853.4,6.026451613
potato,2018,Kharif     ,Telangana,8.0,24,1297.6,2.8,3.0
potato,2018,Rabi       ,Telangana,1939.0,36016,314505.8,678.65,16.048
rice,2018,Kharif     ,Telangana,1189264.0,4135049,192898620.8,416242.4,3.3065625
rice,2018,Rabi       ,Telangana,742508.0,2533895,120434797.6,259877.8,3.208125
potato,2018,Kharif     ,Telangana,6.0,38,973.2,2.1,6.33
potato,2018,Rabi       ,Telangana,83.0,527,13462.6,29.05,6.35
maize,2018,Kharif     ,Tripura,13519.0,17430,2192781.8,4731.65,1.3075
maize,2018,Rabi       ,Tripura,2463.0,5265,399498.6,862.05,2.12375
rice,2018,Autumn     ,Tripura,35340.0,93453,5732148.0,12369.0,2.50625
rice,2018,Kharif     ,Tripura,15382.0,16267,2494960.4,5383.7,1.05375
rice,2018,Summer     ,Tripura,70742.0,232551,11474352.4,24759.7,3.0775
rice,2018,Winter     ,Tripura,147900.0,450930,23989380.0,51765.0,3.03375
maize,2018,Kharif     ,Uttar Pradesh,673768.0,1392479,109285169.6,235818.8,1.9284
maize,2018,Rabi       ,Uttar Pradesh,13442.0,37694,2180292.4,4704.7,2.801395349
maize,2018,Summer     ,Uttar Pradesh,45815.0,94700,7431193.0,16035.25,2.061333333
potato,2018,Rabi       ,Uttar Pradesh,571399.0,17056711,92680917.8,199989.65,27.7596
rice,2018,Kharif     ,Uttar Pradesh,5894983.0,15932429,956166242.6,2063244.05,2.6056
rice,2018,Summer     ,Uttar Pradesh,29145.0,87266,4727319.0,10200.75,2.662631579
potato,2018,Kharif     ,Uttar Pradesh,15693.0,180243,2545404.6,5492.55,11.44955882
maize,2018,Kharif     ,Uttarakhand,21266.0,40107,3449345.2,7443.1,1.77
maize,2018,Summer     ,Uttarakhand,118.0,166,19139.6,41.3,1.656
potato,2018,Kharif     ,Uttarakhand,6970.0,69123,1130534.0,2439.5,10.553
potato,2018,Rabi       ,Uttarakhand,4955.0,60075,803701.0,1734.25,11.87384615
rice,2018,Kharif     ,Uttarakhand,243666.0,574963,39522625.2,85283.1,1.804615385
rice,2018,Summer     ,Uttarakhand,15682.0,51570,2543620.4,5488.7,3.283333333
maize,2018,Autumn     ,West Bengal,53660.0,182239,8703652.0,18781.0,3.236666667
maize,2018,Rabi       ,West Bengal,102911.0,745795,16692164.2,36018.85,4.09
maize,2018,Summer     ,West Bengal,107731.0,804847,17473968.2,37705.85,3.972380952
potato,2018,Rabi       ,West Bengal,436042.0,11052272,70726012.4,152614.7,27.25909091
potato,2018,Summer     ,West Bengal,1635.0,19421,265197.0,572.25,8.02
rice,2018,Autumn     ,West Bengal,230980.0,609496,37464956.0,80843.0,2.672380952
rice,2018,Summer     ,West Bengal,1279500.0,4615344,207534900.0,447825.0,3.45952381
rice,2018,Winter     ,West Bengal,4002092.0,11282409,649139322.4,1400732.2,2.744545455
maize,2019,Kharif     ,Arunachal Pradesh,51100.0,79205,8776936.0,18907.0,1.6756
potato,2019,Whole Year ,Arunachal Pradesh,6200.0,44950,1064912.0,2294.0,6.8024
rice,2019,Kharif     ,Arunachal Pradesh,133500.0,244741,22929960.0,49395.0,1.7792
maize,2019,Autumn     ,Bihar,209307.0,434878,35950570.32,77443.59,2.31625
maize,2019,Rabi       ,Bihar,301268.0,2279174,51745791.68,111469.16,5.7365625
maize,2019,Summer     ,Bihar,162563.0,781348,27921820.88,60148.31,4.237941176
potato,2019,Rabi       ,Bihar,82888.0,1139389,14236842.88,30668.56,13.67526316
potato,2019,Winter     ,Bihar,74181.0,1071615,12741328.56,27446.97,14.46027778
rice,2019,Autumn     ,Bihar,443965.0,727611,76255428.4,164267.05,1.759583333
rice,2019,Summer     ,Bihar,60399.0,128812,10374132.24,22347.63,2.142857143
rice,2019,Winter     ,Bihar,2593026.0,6096095,445378145.8,959419.62,2.173157895
maize,2019,Kharif     ,Chhattisgarh,130433.0,406821,22403172.08,48260.21,2.808214286
potato,2019,Kharif     ,Chhattisgarh,1741.0,10093,299034.16,644.17,6.59375
potato,2019,Rabi       ,Chhattisgarh,8937.0,51808,1535019.12,3306.69,6.473913043
rice,2019,Kharif     ,Chhattisgarh,4266022.0,8569367,732731938.7,1578428.14,1.936428571
potato,2019,Whole Year ,Chhattisgarh,1666.0,10107,286152.16,616.42,6.238695652
maize,2019,Kharif     ,Gujarat,300503.0,449952,51614395.28,111186.11,1.603636364
maize,2019,Rabi       ,Gujarat,132342.0,333579,22731061.92,48966.54,2.556190476
maize,2019,Summer     ,Gujarat,5516.0,12676,947428.16,2040.92,2.189
potato,2019,Whole Year ,Gujarat,118353.0,3578238,20328311.28,43790.61,29.24857143
rice,2019,Kharif     ,Gujarat,849599.0,1821136,145927124.2,314351.63,1.948571429
rice,2019,Summer     ,Gujarat,54751.0,161497,9404031.76,20257.87,2.848571429
maize,2019,Kharif     ,Haryana,6050.0,17290,1039148.0,2238.5,3.085263158
potato,2019,Whole Year ,Haryana,38200.0,982400,6561232.0,14134.0,25.395
rice,2019,Kharif     ,Haryana,1558900.0,5194600,267756664.0,576793.0,3.048095238
maize,2019,Kharif     ,Himachal Pradesh,287444.0,744603,49371381.44,106354.28,2.630833333
potato,2019,Kharif     ,Himachal Pradesh,2970.0,24480,510127.2,1098.9,7.22375
potato,2019,Rabi       ,Himachal Pradesh,7156.0,84443,1229114.56,2647.72,10.83
rice,2019,Kharif     ,Himachal Pradesh,72620.0,116879,12473211.2,26869.4,1.656363636
maize,2019,Kharif     ,Jharkhand,249127.0,494885,42790053.52,92176.99,2.047916667
maize,2019,Rabi       ,Jharkhand,7644.0,16043,1312933.44,2828.28,1.985238095
rice,2019,Kharif     ,Jharkhand,1357726.0,3612589,233203017.8,502358.62,2.663333333
maize,2019,Kharif     ,Madhya Pradesh,1516103.0,4369819,260405851.3,560958.11,1.999411765
maize,2019,Summer     ,Madhya Pradesh,20995.0,119761,3606101.2,7768.15,2.768387097
potato,2019,Whole Year ,Madhya Pradesh,149435.36,3408608,25667017.43,55291.0832,21.80117647
rice,2019,Kharif     ,Madhya Pradesh,3076000.0,7268659,528333760.0,1138120.0,1.858
rice,2019,Summer     ,Madhya Pradesh,34311.0,94770,5893257.36,12695.07,0.8775
potato,2019,Whole Year ,Madhya Pradesh,5814.2,89432,998646.992,2151.254,17.34657143
maize,2019,Kharif     ,Maharashtra,771711.0,1051683,132549081.4,285533.07,1.363214286
maize,2019,Rabi       ,Maharashtra,297952.0,795312,51176235.52,110242.24,2.171333333
maize,2019,Summer     ,Maharashtra,56994.0,112994,9789289.44,21087.78,1.783913043
rice,2019,Kharif     ,Maharashtra,1478093.0,2701810,253877253.7,546894.41,1.256296296
rice,2019,Summer     ,Maharashtra,74896.0,195623,12864136.96,27711.52,2.660833333
maize,2019,Kharif     ,Mizoram,5860.0,10903,1006513.6,2168.2,1.77625
maize,2019,Rabi       ,Mizoram,493.0,765,84677.68,182.41,1.645
potato,2019,Kharif     ,Mizoram,53.0,177,9103.28,19.61,4.245
potato,2019,Rabi       ,Mizoram,91.0,357,15630.16,33.67,3.506666667
rice,2019,Autumn     ,Mizoram,18510.0,22904,3179277.6,6848.7,1.18875
rice,2019,Kharif     ,Mizoram,16232.0,36357,2788008.32,6005.84,2.2025
rice,2019,Rabi       ,Mizoram,468.0,978,80383.68,173.16,2.135
maize,2019,Kharif     ,Nagaland,63740.0,126460,10947982.4,23583.8,1.982727273
maize,2019,Rabi       ,Nagaland,5390.0,10700,925786.4,1994.3,1.983333333
potato,2019,Rabi       ,Nagaland,7540.0,75460,1295070.4,2789.8,9.997272727
rice,2019,Kharif     ,Nagaland,211280.0,528920,36289452.8,78173.6,2.459090909
rice,2019,Rabi       ,Nagaland,5670.0,16050,973879.2,2097.9,2.83
potato,2019,Kharif     ,Nagaland,1880.0,16010,322908.8,695.6,8.515454545
maize,2019,Autumn     ,Odisha,61041.0,175675,10484402.16,22585.17,2.048181818
maize,2019,Summer     ,Odisha,3934.0,13113,675703.84,1455.58,2.243
maize,2019,Winter     ,Odisha,95.0,226,16317.2,35.15,2.48125
potato,2019,Winter     ,Odisha,4397.0,46961,755228.72,1626.89,11.34730769
rice,2019,Autumn     ,Odisha,426080.0,769480,73183500.8,157649.6,1.8825
rice,2019,Summer     ,Odisha,292610.0,932910,50258693.6,108265.7,2.796896552
rice,2019,Winter     ,Odisha,3222020.0,8052660,553414155.2,1192147.4,2.564666667
potato,2019,Kharif     ,Odisha,36270.0,350740,6229735.2,13419.9,9.507666667
potato,2019,Rabi       ,Odisha,6610.0,59200,1135333.6,2445.7,8.970909091
maize,2019,Kharif     ,Punjab,114600.0,410500,19683696.0,42402.0,3.539444444
rice,2019,Kharif     ,Punjab,3142000.0,12675000,539669920.0,1162540.0,3.930909091
maize,2019,Kharif     ,Telangana,390692.0,1893085,67105257.92,144556.04,5.12125
maize,2019,Rabi       ,Telangana,252561.0,1750601,43379877.36,93447.57,6.5721875
potato,2019,Kharif     ,Telangana,3.0,0,515.28,1.11,0.0
potato,2019,Rabi       ,Telangana,994.0,12455,170729.44,367.78,12.98
rice,2019,Kharif     ,Telangana,1631151.0,5985349,280166495.8,603525.87,3.575625
rice,2019,Rabi       ,Telangana,1585062.0,5900447,272250249.1,586472.94,3.610625
potato,2019,Kharif     ,Telangana,15.0,235,2576.4,5.55,15.76666667
potato,2019,Rabi       ,Telangana,108.0,1693,18550.08,39.96,15.6875
maize,2019,Kharif     ,Tripura,12485.0,17757,2144423.6,4619.45,1.42
maize,2019,Rabi       ,Tripura,2150.0,5217,369284.0,795.5,2.41875
rice,2019,Autumn     ,Tripura,34235.0,94357,5880203.6,12666.95,2.6425
rice,2019,Kharif     ,Tripura,15228.0,16175,2615561.28,5634.36,1.06875
rice,2019,Summer     ,Tripura,70577.0,228104,12122305.52,26113.49,3.13
rice,2019,Winter     ,Tripura,147295.0,471608,25299389.2,54499.15,3.17375
maize,2019,Kharif     ,Uttar Pradesh,665264.0,1641286,114265744.6,246147.68,2.039466667
maize,2019,Rabi       ,Uttar Pradesh,14992.0,42414,2575025.92,5547.04,2.745813953
maize,2019,Summer     ,Uttar Pradesh,48817.0,120432,8384807.92,18062.29,2.467962963
potato,2019,Rabi       ,Uttar Pradesh,552382.0,14869966,94877132.32,204381.34,25.4704
rice,2019,Kharif     ,Uttar Pradesh,5898690.0,16947998,1013158994.0,2182515.3,2.823466667
rice,2019,Summer     ,Uttar Pradesh,25659.0,79891,4407189.84,9493.83,2.968717949
potato,2019,Kharif     ,Uttar Pradesh,15852.0,186148,2722739.52,5865.24,11.75044118
maize,2019,Kharif     ,Uttarakhand,21193.0,40823,3640109.68,7841.41,1.706923077
maize,2019,Summer     ,Uttarakhand,362.0,491,62177.12,133.94,1.7
potato,2019,Kharif     ,Uttarakhand,8156.0,86509,1400874.56,3017.72,11.09181818
potato,2019,Rabi       ,Uttarakhand,6411.0,76031,1101153.36,2372.07,11.32923077
rice,2019,Kharif     ,Uttarakhand,240411.0,615514,41292993.36,88952.07,1.933846154
rice,2019,Summer     ,Uttarakhand,17370.0,61915,2983471.2,6426.9,3.563333333
maize,2019,Autumn     ,West Bengal,50026.0,170292,8592465.76,18509.62,3.178333333
maize,2019,Rabi       ,West Bengal,171547.0,1284319,29464912.72,63472.39,4.138235294
maize,2019,Summer     ,West Bengal,140811.0,992934,24185697.36,52100.07,3.916666667
potato,2019,Rabi       ,West Bengal,433051.0,12539819,74380839.76,160228.87,27.68363636
potato,2019,Summer     ,West Bengal,1630.0,19421,279968.8,603.1,8.525
rice,2019,Autumn     ,West Bengal,215126.0,514586,36950041.76,79596.62,2.434285714
rice,2019,Summer     ,West Bengal,1271772.0,4616835,218439558.7,470555.64,3.464285714
rice,2019,Winter     ,West Bengal,4004077.0,11344600,687740265.5,1481508.49,2.771363636
maize,2020,Kharif     ,Uttarakhand,19697.0,41108,3813536.17,7287.89,1.973076923
maize,2020,Summer     ,Uttarakhand,198.0,430,38334.78,73.26,2.125
potato,2020,Kharif     ,Uttarakhand,6020.0,51902,1165532.2,2227.4,9.942
potato,2020,Rabi       ,Uttarakhand,5427.0,62736,1050721.47,2007.99,11.83
rice,2020,Kharif     ,Uttarakhand,241936.0,669372,46841228.96,89516.32,2.093076923
rice,2020,Summer     ,Uttarakhand,15315.0,55057,2965137.15,5666.55,3.563333333
maize,1997,Kharif     ,Haryana,26000.0,50000,2474420.0,8060.0,1.9725
rice,1997,Kharif     ,Haryana,913000.0,2556000,86890210.0,283030.0,2.730588235
maize,1997,Kharif     ,Nagaland,30000.0,30000,2855100.0,9300.0,0.998571429
rice,1997,Kharif     ,Nagaland,145000.0,188000,13799650.0,44950.0,1.29
rice,1997,Rabi       ,Nagaland,200.0,250,19034.0,62.0,1.3
maize,1998,Kharif     ,Delhi,165.0,132,16302.0,47.85,0.8
potato,1998,Whole Year ,Delhi,142.0,1048,14029.6,41.18,7.38
rice,1998,Kharif     ,Delhi,7303.0,10799,721536.4,2117.87,1.48
maize,1999,Kharif     ,Andhra Pradesh,360070.0,1091197,38214229.1,97218.9,2.909090909
maize,1999,Rabi       ,Andhra Pradesh,91938.0,381497,9757379.94,24823.26,4.394761905
rice,1999,Kharif     ,Andhra Pradesh,2848794.0,7056175,302342507.2,769174.38,2.400869565
rice,1999,Rabi       ,Andhra Pradesh,1165454.0,3581740,123689633.0,314672.58,2.73
maize,1999,Kharif     ,Delhi,58.0,42,6155.54,15.66,0.72
potato,1999,Whole Year ,Delhi,157.0,1155,16662.41,42.39,7.36
rice,1999,Kharif     ,Delhi,8105.0,15279,860183.65,2188.35,1.89
maize,1999,Kharif     ,Jammu and Kashmir,317324.0,471210,33677596.12,85677.48,1.288333333
rice,1999,Kharif     ,Jammu and Kashmir,250625.0,391529,26598831.25,67668.75,1.489166667
maize,2000,Kharif     ,Delhi,55.0,90,5399.35,14.3,1.64
potato,2000,Whole Year ,Delhi,2487.0,45950,244148.79,646.62,18.48
rice,2000,Kharif     ,Delhi,6053.0,11420,594223.01,1573.78,1.89
maize,2000,Kharif     ,Jammu and Kashmir,330208.0,525800,32416519.36,85854.08,1.490833333
rice,2000,Kharif     ,Jammu and Kashmir,244051.0,415342,23958486.67,63453.26,1.6
maize,2001,Kharif     ,Delhi,53.0,95,5412.89,13.78,1.79
potato,2001,Whole Year ,Delhi,63.0,461,6434.19,16.38,7.32
rice,2001,Kharif     ,Delhi,6405.0,12063,654142.65,1665.3,1.88
maize,2001,Kharif     ,Jammu and Kashmir,326476.0,538070,33342993.88,84883.76,1.493333333
potato,2001,Whole Year ,Jammu and Kashmir,1835.0,19616,187408.55,477.1,10.07090909
rice,2001,Kharif     ,Jammu and Kashmir,249830.0,422298,25515137.9,64955.8,1.634166667
maize,2002,Kharif     ,Delhi,94.0,228,8898.98,23.5,2.43
potato,2002,Whole Year ,Delhi,61.0,446,5774.87,15.25,7.31
rice,2002,Kharif     ,Delhi,6096.0,12907,577108.32,1524.0,2.12
maize,2002,Kharif     ,Jammu and Kashmir,329465.0,465090,31190451.55,82366.25,1.3475
potato,2002,Whole Year ,Jammu and Kashmir,1737.0,18011,164441.79,434.25,9.146666667
rice,2002,Kharif     ,Jammu and Kashmir,236199.0,421457,22360959.33,59049.75,1.708333333
rice,2002,Kharif     ,Puducherry,24142.0,57514,2285523.14,6035.5,2.56
maize,2002,Kharif     ,Uttar Pradesh,755265.0,836410,71500937.55,188816.25,1.069565217
maize,2002,Rabi       ,Uttar Pradesh,19933.0,22064,1887057.11,4983.25,1.100689655
potato,2002,Whole Year ,Uttar Pradesh,442030.0,10244139,41846980.1,110507.5,22.26231884
rice,2002,Kharif     ,Uttar Pradesh,5209137.0,9586935,493148999.8,1302284.25,1.765942029
rice,2002,Summer     ,Uttar Pradesh,4292.0,9411,406323.64,1073.0,1.960952381
maize,2003,Kharif     ,Himachal Pradesh,298467.0,729571,29542263.66,71632.08,2.503333333
potato,2003,Whole Year ,Himachal Pradesh,15036.0,173169,1488263.28,3608.64,11.48666667
rice,2003,Kharif     ,Himachal Pradesh,81335.0,120624,8050538.3,19520.4,1.469090909
maize,2003,Kharif     ,Jammu and Kashmir,321189.0,532620,31791287.22,77085.36,1.561666667
potato,2003,Whole Year ,Jammu and Kashmir,1614.0,17886,159753.72,387.36,10.385
rice,2003,Kharif     ,Jammu and Kashmir,259815.0,504797,25716488.7,62355.6,1.870833333
maize,2004,Kharif     ,Himachal Pradesh,297887.0,636294,32273077.58,62556.27,2.1625
potato,2004,Whole Year ,Himachal Pradesh,14808.0,147874,1604298.72,3109.68,10.27166667
rice,2004,Kharif     ,Himachal Pradesh,79519.0,109129,8615088.46,16698.99,1.454545455
maize,2004,Kharif     ,Jammu and Kashmir,322699.0,492270,34961209.66,67766.79,1.44
rice,2004,Kharif     ,Jammu and Kashmir,250044.0,492732,27089766.96,52509.24,1.838333333
maize,2004,Autumn     ,Odisha,58692.0,94954,6358691.28,12325.32,1.0572
maize,2004,Summer     ,Odisha,2071.0,4226,224372.14,434.91,1.267727273
maize,2004,Winter     ,Odisha,1575.0,3107,170635.5,330.75,1.461538462
potato,2004,Winter     ,Odisha,8506.0,80770,921540.04,1786.26,8.655
rice,2004,Autumn     ,Odisha,824000.0,677000,89272160.0,173040.0,0.98
rice,2004,Summer     ,Odisha,293000.0,652000,31743620.0,61530.0,1.938148148
rice,2004,Winter     ,Odisha,3375000.0,5207000,365647500.0,708750.0,1.511333333
potato,2004,Whole Year ,Odisha,47112.0,394287,5104114.08,9893.52,8.469666667
maize,2004,Kharif     ,Uttar Pradesh,841751.0,1294882,91195303.34,176767.71,1.431142857
maize,2004,Rabi       ,Uttar Pradesh,4156.0,19263,450261.04,872.76,4.646785714
potato,2004,Rabi       ,Uttar Pradesh,435135.0,9739656,47142525.9,91378.35,20.40014286
rice,2004,Kharif     ,Uttar Pradesh,5934405.0,10749989,642933437.7,1246225.05,1.827714286
potato,2004,Whole Year ,Uttar Pradesh,23096.0,257051,2502220.64,4850.16,11.46550725
maize,2005,Kharif     ,Jammu and Kashmir,320924.0,453450,38485206.08,67394.04,1.325833333
potato,2005,Kharif     ,Jammu and Kashmir,786.0,5762,94257.12,165.06,5.429
rice,2005,Kharif     ,Jammu and Kashmir,259014.0,556774,31060958.88,54392.94,2.040833333
maize,2005,Kharif     ,Uttar Pradesh,810306.0,1040607,97171895.52,170164.26,1.291940299
potato,2005,Rabi       ,Uttar Pradesh,445197.0,9986781,53388024.24,93491.37,22.26442857
rice,2005,Kharif     ,Uttar Pradesh,5571524.0,11119095,668137158.1,1170020.04,1.951714286
potato,2005,Whole Year ,Uttar Pradesh,20476.0,267901,2455481.92,4299.96,13.18318841
maize,2006,Kharif     ,Jammu and Kashmir,323598.0,486900,41326700.58,71191.56,1.449166667
potato,2006,Kharif     ,Jammu and Kashmir,889.0,5962,113534.19,195.58,6.66
potato,2006,Rabi       ,Jammu and Kashmir,857.0,12436,109447.47,188.54,14.57375
rice,2006,Kharif     ,Jammu and Kashmir,252516.0,554258,32248818.36,55553.52,2.060833333
maize,2007,Kharif     ,Delhi,69.0,126,9204.6,11.04,1.83
potato,2007,Whole Year ,Delhi,56.0,888,7470.4,8.96,15.86
rice,2007,Kharif     ,Delhi,7419.0,20946,989694.6,1187.04,2.82
maize,2007,Kharif     ,Jammu and Kashmir,302441.0,474484,40345629.4,48390.56,1.377
potato,2007,Kharif     ,Jammu and Kashmir,1380.0,7727,184092.0,220.8,4.94875
potato,2007,Rabi       ,Jammu and Kashmir,857.0,12435,114323.8,137.12,13.078
rice,2007,Kharif     ,Jammu and Kashmir,263246.0,561355,35117016.4,42119.36,1.9745
maize,2008,Kharif     ,Delhi,54.0,99,7724.16,4.86,1.83
potato,2008,Whole Year ,Delhi,79.0,1325,11300.16,7.11,16.77
rice,2008,Kharif     ,Delhi,7039.0,19873,1006858.56,633.51,2.82
maize,2009,Kharif     ,Delhi,48.0,1054,7479.36,8.16,21.96
potato,2009,Whole Year ,Delhi,88.0,21999,13712.16,14.96,249.99
rice,2009,Kharif     ,Delhi,6821.0,19008,1062848.22,1159.57,2.79
maize,2009,Kharif     ,Jammu and Kashmir,311022.0,486988,48463448.04,52873.74,1.507
potato,2009,Kharif     ,Jammu and Kashmir,1098.0,7684,171090.36,186.66,6.574615385
potato,2009,Rabi       ,Jammu and Kashmir,1184.0,15664,184490.88,201.28,12.63666667
rice,2009,Kharif     ,Jammu and Kashmir,259892.0,500880,40496371.44,44181.64,1.859
maize,2010,Kharif     ,Delhi,40.0,878,6644.4,9.6,21.95
potato,2010,Whole Year ,Delhi,51.0,15862,8471.61,12.24,311.02
rice,2010,Kharif     ,Delhi,6848.0,19083,1137521.28,1643.52,2.79
maize,2011,Kharif     ,Delhi,38.0,843,6365.76,12.54,22.18
potato,2011,Whole Year ,Delhi,48.0,14928,8040.96,15.84,311.0
rice,2011,Kharif     ,Delhi,7248.0,20198,1214184.96,2391.84,2.79
maize,2011,Kharif     ,Jammu and Kashmir,314034.0,504995,52606975.68,103631.22,1.4925
potato,2011,Kharif     ,Jammu and Kashmir,1015.0,7416,170032.8,334.95,7.66125
potato,2011,Rabi       ,Jammu and Kashmir,1045.0,10739,175058.4,344.85,11.048
rice,2011,Kharif     ,Jammu and Kashmir,262169.0,544396,43918550.88,86515.77,2.0225
maize,2012,Kharif     ,Delhi,37.0,828,5579.6,11.47,22.38
potato,2012,Whole Year ,Delhi,689.0,14652,103901.2,213.59,21.27
rice,2012,Kharif     ,Delhi,6068.0,19768,915054.4,1881.08,3.26
maize,2012,Kharif     ,Jammu and Kashmir,310909.0,512296,46885077.2,96381.79,1.407
potato,2012,Kharif     ,Jammu and Kashmir,1225.0,10346,184730.0,379.75,10.75
potato,2012,Rabi       ,Jammu and Kashmir,1161.0,13930,175078.8,359.91,12.59
rice,2012,Kharif     ,Jammu and Kashmir,261663.0,545186,39458780.4,81115.53,1.8875
rice,2012,Kharif     ,Puducherry,3559.0,11637,536697.2,1103.29,3.076666667
rice,2012,Rabi       ,Puducherry,8979.0,23373,1354033.2,2783.49,3.233333333
rice,2012,Summer     ,Puducherry,3743.0,11509,564444.4,1160.33,2.54
potato,2012,Kharif     ,Puducherry,2.0,24,301.6,0.62,12.0
potato,2012,Rabi       ,Puducherry,2.0,18,301.6,0.62,9.0
maize,2013,Kharif     ,Delhi,37.0,828,5346.13,9.99,22.38
potato,2013,Whole Year ,Delhi,689.0,14652,99553.61,186.03,21.27
rice,2013,Kharif     ,Delhi,6068.0,19768,876765.32,1638.36,3.26
rice,2013,Kharif     ,Puducherry,3671.0,12091,530422.79,991.17,2.696666667
rice,2013,Rabi       ,Puducherry,8382.0,24736,1211115.18,2263.14,3.78
rice,2013,Summer     ,Puducherry,3769.0,12965,544582.81,1017.63,3.41
potato,2013,Kharif     ,Puducherry,1.0,9,144.49,0.27,9.0
potato,2013,Rabi       ,Puducherry,1.0,10,144.49,0.27,10.0
maize,2014,Kharif     ,Delhi,35.0,783,5283.6,11.55,22.37
potato,2014,Whole Year ,Delhi,436.0,9273,65818.56,143.88,21.27
rice,2014,Kharif     ,Delhi,6035.0,17269,911043.6,1991.55,2.86
maize,2014,Kharif     ,Jammu and Kashmir,297496.0,359960,44909996.16,98173.68,1.048421053
potato,2014,Kharif     ,Jammu and Kashmir,1792.0,17412,270520.32,591.36,8.44625
rice,2014,Kharif     ,Jammu and Kashmir,275861.0,344823,41643976.56,91034.13,1.098947368
rice,2014,Kharif     ,Puducherry,3643.0,11821,549947.28,1202.19,2.936666667
rice,2014,Rabi       ,Puducherry,9006.0,26378,1359545.76,2971.98,3.506666667
rice,2014,Summer     ,Puducherry,4005.0,14518,604594.8,1321.65,3.62
potato,2014,Kharif     ,Puducherry,4.0,60,603.84,1.32,15.0
potato,2014,Rabi       ,Puducherry,2.0,23,301.92,0.66,11.5
maize,2015,Kharif     ,Delhi,34.0,174,5368.94,11.22,5.12
rice,2015,Kharif     ,Delhi,5884.0,16837,929142.44,1941.72,2.86
maize,2015,Kharif     ,Jammu and Kashmir,293858.0,523609,46403116.78,96973.14,1.5905
potato,2015,Kharif     ,Jammu and Kashmir,1710.0,12150,270026.1,564.3,5.697333333
potato,2015,Rabi       ,Jammu and Kashmir,1532.0,14418,241918.12,505.56,10.39166667
rice,2015,Kharif     ,Jammu and Kashmir,304503.0,646362,48084068.73,100485.99,2.05
maize,2016,Kharif     ,Delhi,34.0,174,5210.5,11.9,5.12
rice,2016,Kharif     ,Delhi,5973.0,17260,915362.25,2090.55,2.89
maize,2016,Kharif     ,Jammu and Kashmir,295174.0,541120,45235415.5,103310.9,1.6325
potato,2016,Kharif     ,Jammu and Kashmir,1692.0,12399,259299.0,592.2,7.245
potato,2016,Rabi       ,Jammu and Kashmir,1387.0,17243,212557.75,485.45,11.46928571
rice,2016,Kharif     ,Jammu and Kashmir,283443.0,572213,43437639.75,99205.05,2.0255
maize,2017,Kharif     ,Delhi,36.0,174,5667.84,13.68,4.83
rice,2017,Kharif     ,Delhi,5854.0,16837,921653.76,2224.52,2.88
maize,2017,Kharif     ,Jammu and Kashmir,302516.0,546169,47628119.04,114956.08,1.534
potato,2017,Kharif     ,Jammu and Kashmir,1897.0,20476,298663.68,720.86,11.97529412
potato,2017,Rabi       ,Jammu and Kashmir,1165.0,14298,183417.6,442.7,12.108
rice,2017,Kharif     ,Jammu and Kashmir,273582.0,663755,43072750.08,103961.16,2.31
maize,2018,Kharif     ,Delhi,20.0,102,3244.0,7.0,5.1
rice,2018,Kharif     ,Delhi,5848.0,16826,948545.6,2046.8,2.88
maize,2018,Kharif     ,Jammu and Kashmir,262353.0,574380,42553656.6,91823.55,1.949
potato,2018,Kharif     ,Jammu and Kashmir,1555.0,18663,252221.0,544.25,13.186875
potato,2018,Rabi       ,Jammu and Kashmir,1741.0,18907,282390.2,609.35,12.05
rice,2018,Kharif     ,Jammu and Kashmir,262012.0,615799,42498346.4,91704.2,2.35
maize,2019,Kharif     ,Delhi,20.0,102,3435.2,7.4,5.1
rice,2019,Kharif     ,Delhi,5848.0,17580,1004452.48,2163.76,3.01
maize,2019,Kharif     ,Jammu and Kashmir,268669.0,541451,46146587.44,99407.53,1.8985
potato,2019,Kharif     ,Jammu and Kashmir,1362.0,14417,233937.12,503.94,11.211875
potato,2019,Rabi       ,Jammu and Kashmir,1451.0,13726,249223.76,536.87,8.391666667
rice,2019,Kharif     ,Jammu and Kashmir,280513.0,587099,48180912.88,103789.81,2.0755
maize,1997,Kharif     ,Manipur,6.0,23,571.02,1.86,4.25
rice,1997,Kharif     ,Manipur,155.0,348,14751.35,48.05,2.075555556
maize,1998,Autumn     ,Manipur,2960.0,10090,292448.0,858.4,2.84
potato,1998,Autumn     ,Manipur,320.0,1670,31616.0,92.8,5.206666667
potato,1998,Rabi       ,Manipur,750.0,3930,74100.0,217.5,5.256666667
potato,1998,Winter     ,Manipur,1100.0,5750,108680.0,319.0,5.205714286
rice,1998,Autumn     ,Manipur,88370.0,200290,8730956.0,25627.3,2.094444444
rice,1998,Winter     ,Manipur,78520.0,181900,7757776.0,22770.8,2.2175
potato,1998,Autumn     ,Manipur,50.0,180,4940.0,14.5,3.6
potato,1998,Rabi       ,Manipur,20.0,70,1976.0,5.8,3.5
potato,1998,Winter     ,Manipur,10.0,30,988.0,2.9,3.0
maize,1999,Kharif     ,Manipur,4340.0,10710,460604.2,1171.8,2.254
potato,1999,Whole Year ,Manipur,2470.0,12920,262141.1,666.9,5.198888889
rice,1999,Kharif     ,Manipur,157050.0,364980,16667716.5,42403.5,2.171111111
maize,2000,Kharif     ,Manipur,4670.0,10860,458453.9,1214.2,2.55
potato,2000,Whole Year ,Manipur,2590.0,13550,254260.3,673.4,5.198888889
rice,2000,Kharif     ,Manipur,156890.0,381750,15401891.3,40791.4,2.26
potato,2000,Whole Year ,Manipur,50.0,180,4908.5,13.0,3.6
maize,2001,Kharif     ,Manipur,5060.0,10090,516777.8,1315.6,2.0125
rice,2001,Kharif     ,Manipur,162570.0,387270,16603274.1,42268.2,2.234444444
potato,2001,Whole Year ,Manipur,10.0,40,1021.3,2.6,4.0
maize,2002,Kharif     ,Manipur,3540.0,8270,335131.8,885.0,2.2
potato,2002,Whole Year ,Manipur,4470.0,23380,423174.9,1117.5,5.20375
rice,2002,Kharif     ,Manipur,153110.0,335700,14494923.7,38277.5,2.034444444
potato,2002,Whole Year ,Manipur,122.0,787,11549.74,30.5,4.9025
maize,2004,Kharif     ,Manipur,3220.0,8900,348854.8,676.2,2.5225
potato,2004,Whole Year ,Manipur,2960.0,15480,320686.4,621.6,5.2175
rice,2004,Kharif     ,Manipur,176310.0,435930,19101425.4,37025.1,2.327777778
potato,2004,Whole Year ,Manipur,130.0,460,14084.2,27.3,3.54
rice,2004,Autumn     ,Puducherry,6237.0,17257,675716.58,1309.77,2.76
rice,2004,Summer     ,Puducherry,5689.0,15537,616346.26,1194.69,2.73
rice,2004,Winter     ,Puducherry,12896.0,28242,1397152.64,2708.16,2.803333333
maize,2005,Kharif     ,Manipur,2850.0,7940,341772.0,598.5,2.56
potato,2005,Whole Year ,Manipur,4870.0,25470,584010.4,1022.7,5.2
rice,2005,Kharif     ,Manipur,166260.0,386070,19937899.2,34914.6,2.238888889
rice,2005,Autumn     ,Puducherry,5348.0,15278,641332.16,1123.08,2.57
rice,2005,Summer     ,Puducherry,5167.0,13013,619626.64,1085.07,1.845
rice,2005,Winter     ,Puducherry,12410.0,25326,1488207.2,2606.1,2.89
maize,2006,Kharif     ,Manipur,3340.0,8270,426551.4,734.8,2.48
potato,2006,Summer     ,Manipur,850.0,4440,108553.5,187.0,5.22
potato,2006,Whole Year ,Manipur,2870.0,15010,366527.7,631.4,5.23125
rice,2006,Kharif     ,Manipur,165370.0,389170,21119402.7,36381.4,2.276666667
maize,2007,Kharif     ,Manipur,2960.0,8450,394864.0,473.6,2.8025
potato,2007,Whole Year ,Manipur,1950.0,10200,260130.0,312.0,5.191111111
rice,2007,Kharif     ,Manipur,166150.0,406150,22164410.0,26584.0,2.378888889
potato,2007,Whole Year ,Manipur,450.0,1580,60030.0,72.0,3.51
maize,1997,Kharif     ,Sikkim,39393.0,55710,3749031.81,12211.83,1.425
maize,1997,Whole Year ,Sikkim,9580.0,7605,911728.6,2969.8,0.7875
rice,1997,Kharif     ,Sikkim,15691.0,21447,1493312.47,4864.21,1.365
maize,1998,Kharif     ,Sikkim,39463.0,53840,3898944.4,11444.27,0.937142857
rice,1998,Kharif     ,Sikkim,15874.0,21957,1568351.2,4603.46,1.3775
maize,1999,Kharif     ,Sikkim,39093.0,52834,4148940.09,10555.11,1.355
rice,1999,Kharif     ,Sikkim,15908.0,23439,1688316.04,4295.16,1.465
maize,2000,Kharif     ,Sikkim,39903.0,59611,3917277.51,10374.78,1.49
rice,2000,Kharif     ,Sikkim,15218.0,21358,1493951.06,3956.68,1.4225
maize,2001,Kharif     ,Sikkim,40110.0,57014,4096434.3,10428.6,1.405
maize,2001,Whole Year ,Sikkim,8000.0,4000,817040.0,2080.0,0.5
rice,2001,Kharif     ,Sikkim,14900.0,21372,1521737.0,3874.0,1.4275
maize,2002,Kharif     ,Sikkim,36720.0,53210,3476282.4,9180.0,1.415
maize,2002,Whole Year ,Sikkim,6000.0,3000,568020.0,1500.0,0.5
potato,2002,Whole Year ,Sikkim,5760.0,27020,545299.2,1440.0,5.1
rice,2002,Kharif     ,Sikkim,14790.0,21220,1400169.3,3697.5,1.4325
maize,2003,Kharif     ,Sikkim,36700.0,57050,3632566.0,8808.0,1.5375
potato,2003,Whole Year ,Sikkim,7470.0,33440,739380.6,1792.8,4.455
rice,2003,Kharif     ,Sikkim,14740.0,21190,1458965.2,3537.6,1.4275
maize,2004,Kharif     ,Sikkim,36700.0,58280,3976078.0,7707.0,1.635
rice,2004,Kharif     ,Sikkim,9070.0,21610,982643.8,1904.7,4.7875
maize,2005,Kharif     ,Sikkim,25450.0,61100,3051964.0,5344.5,5.21
rice,2005,Kharif     ,Sikkim,9790.0,23690,1174016.8,2055.9,5.3425
maize,2006,Kharif     ,Sikkim,40850.0,64890,5216953.5,8987.0,1.605
rice,2006,Kharif     ,Sikkim,9200.0,21450,1174932.0,2024.0,4.84
maize,2007,Kharif     ,Sikkim,39770.0,59120,5305318.0,6363.2,1.415
rice,2007,Kharif     ,Sikkim,11860.0,19480,1582124.0,1897.6,1.5475
maize,2008,Kharif     ,Sikkim,39200.0,65740,5607168.0,3528.0,1.8
rice,2008,Kharif     ,Sikkim,13000.0,22230,1859520.0,1170.0,1.5925
maize,2009,Kharif     ,Sikkim,39500.0,64690,6154890.0,6715.0,1.5875
rice,2009,Kharif     ,Sikkim,12270.0,20930,1911911.4,2085.9,1.595
maize,2010,Kharif     ,Sikkim,40170.0,276023,6672638.7,9640.8,5.2675
rice,2010,Kharif     ,Sikkim,12140.0,20973,2016575.4,2913.6,1.6225
maize,2011,Kharif     ,Sikkim,39950.0,66210,6692424.0,13183.5,1.6125
rice,2011,Kharif     ,Sikkim,12070.0,20880,2021966.4,3983.1,1.6225
maize,2012,Kharif     ,Sikkim,39970.0,67950,6027476.0,12390.7,1.66
rice,2012,Kharif     ,Sikkim,11920.0,21340,1797536.0,3695.2,1.7175
potato,2013,Rabi       ,Jammu and Kashmir,1312.0,15339,189570.88,354.24,12.0475
maize,2013,Kharif     ,Sikkim,39930.0,68825,5769485.7,10781.1,1.685
rice,2013,Kharif     ,Sikkim,11158.0,20260,1612219.42,3012.66,1.76
maize,2014,Kharif     ,Sikkim,39880.0,68890,6020284.8,13160.4,1.69
rice,2014,Kharif     ,Sikkim,11040.0,20070,1666598.4,3643.2,1.76
maize,2015,Kharif     ,Sikkim,38955.0,68310,6151384.05,12855.15,1.72
rice,2015,Kharif     ,Sikkim,10669.0,19687,1684741.79,3520.77,1.7925
maize,2016,Kharif     ,Sikkim,38498.0,67992,5899818.5,13474.3,1.73
rice,2016,Kharif     ,Sikkim,10481.0,19453,1606213.25,3668.35,1.8075
maize,2017,Kharif     ,Sikkim,38458.0,67968,6054827.52,14614.04,1.7325
rice,2017,Kharif     ,Sikkim,9501.0,17636,1495837.44,3610.38,1.815
maize,2018,Kharif     ,Sikkim,37778.0,66789,6127591.6,13222.3,1.7325
rice,2018,Kharif     ,Sikkim,9256.0,17182,1501323.2,3239.6,1.82
maize,2019,Kharif     ,Sikkim,38387.0,67908,6593351.12,14203.19,1.735
rice,2019,Kharif     ,Sikkim,8685.0,16137,1491735.6,3213.45,1.8225
rice,2004,Kharif     ,Goa,52442.0,145174,5681566.28,11012.82,2.75
rice,2005,Kharif     ,Goa,52177.0,147236,6257065.84,10957.17,2.81
rice,2006,Kharif     ,Goa,52985.0,128945,6766714.35,11656.7,2.41
rice,2007,Kharif     ,Goa,52191.0,121679,6962279.4,8350.56,2.32
maize,1998,Kharif     ,Mizoram,8562.0,16347,845925.6,2482.98,2.0175
maize,1998,Rabi       ,Mizoram,119.0,242,11757.2,34.51,1.74
potato,1998,Kharif     ,Mizoram,180.0,865,17784.0,52.2,4.74
potato,1998,Rabi       ,Mizoram,80.0,350,7904.0,23.2,4.38
rice,1998,Kharif     ,Mizoram,62372.0,95115,6162353.6,18087.88,1.5225
rice,1998,Rabi       ,Mizoram,6020.0,15698,594776.0,1745.8,4.39
maize,1999,Kharif     ,Mizoram,5092.0,9512,540413.96,1374.84,1.7675
maize,1999,Rabi       ,Mizoram,185.0,190,19634.05,49.95,1.15
potato,1999,Whole Year ,Mizoram,530.0,3924,56248.9,143.1,6.35
rice,1999,Kharif     ,Mizoram,49713.0,88397,5276040.69,13422.51,1.655
maize,1999,Kharif     ,Tripura,1250.0,1000,132662.5,337.5,0.8025
potato,1999,Whole Year ,Tripura,5550.0,100000,589021.5,1498.5,17.855
rice,1999,Kharif     ,Tripura,232160.0,505680,24639140.8,62683.2,2.075
maize,2000,Kharif     ,Tripura,1580.0,1580,155108.6,410.8,1.0
potato,2000,Whole Year ,Tripura,5590.0,105870,548770.3,1453.4,17.575
rice,2000,Kharif     ,Tripura,243070.0,547520,23862181.9,63198.2,2.185
maize,2001,Kharif     ,Tripura,2080.0,2080,212430.4,540.8,0.99
potato,2001,Whole Year ,Tripura,5370.0,106280,548438.1,1396.2,19.0
rice,2001,Kharif     ,Tripura,246750.0,587390,25200577.5,64155.0,2.28
maize,2002,Kharif     ,Tripura,2305.0,2205,218214.35,576.25,0.9525
potato,2002,Whole Year ,Tripura,5735.0,112070,542932.45,1433.75,18.61
rice,2002,Kharif     ,Tripura,255270.0,602410,24166410.9,63817.5,2.255
maize,2003,Kharif     ,Tripura,2240.0,2150,221715.2,537.6,0.9575
potato,2003,Whole Year ,Tripura,5665.0,89565,560721.7,1359.6,15.6275
rice,2003,Kharif     ,Tripura,257440.0,616820,25481411.2,61785.6,2.31
maize,2004,Kharif     ,Mizoram,9785.0,18257,1060106.9,2054.85,2.14125
maize,2004,Rabi       ,Mizoram,719.0,1530,77896.46,150.99,2.61
rice,2004,Kharif     ,Mizoram,57085.0,107660,6184588.9,11987.85,1.9225
maize,2006,Kharif     ,Mizoram,10436.0,20219,1332781.56,2295.92,1.885
maize,2006,Rabi       ,Mizoram,339.0,750,43293.69,74.58,2.106666667
potato,2006,Kharif     ,Mizoram,639.0,1652,81606.69,140.58,3.26
rice,2006,Kharif     ,Mizoram,50619.0,25789,6464552.49,11136.18,0.4525
rice,2006,Rabi       ,Mizoram,2232.0,3675,285048.72,491.04,1.58
maize,2007,Kharif     ,Mizoram,7153.0,506,954210.2,1144.48,0.12375
maize,2007,Rabi       ,Mizoram,175.0,223,23345.0,28.0,1.22
potato,2007,Kharif     ,Mizoram,330.0,1158,44022.0,52.8,2.625
rice,2007,Kharif     ,Mizoram,54393.0,15501,7256026.2,8702.88,0.2625
rice,2007,Rabi       ,Mizoram,148.0,187,19743.2,23.68,1.264
maize,2008,Kharif     ,Mizoram,9173.0,8906,1312105.92,825.57,0.9125
maize,2008,Rabi       ,Mizoram,385.0,412,55070.4,34.65,1.884
potato,2008,Kharif     ,Mizoram,269.0,1569,38477.76,24.21,5.286666667
rice,2008,Kharif     ,Mizoram,51859.0,68637,7417911.36,4667.31,1.20625
rice,2008,Rabi       ,Mizoram,131.0,280,18738.24,11.79,2.555
maize,2009,Kharif     ,Mizoram,8310.0,11136,1294864.2,1412.7,1.3625
maize,2009,Rabi       ,Mizoram,241.0,374,37552.62,40.97,1.61
potato,2009,Kharif     ,Mizoram,284.0,2235,44252.88,48.28,7.766666667
rice,2009,Kharif     ,Mizoram,47085.0,65893,7336784.7,8004.45,1.3175
rice,2009,Rabi       ,Mizoram,119.0,238,18542.58,20.23,2.0
maize,1998,Kharif     ,Arunachal Pradesh,36244.0,47022,3580907.2,10510.76,1.458461538
potato,1998,Whole Year ,Arunachal Pradesh,4846.0,31567,478784.8,1405.34,6.744615385
rice,1998,Kharif     ,Arunachal Pradesh,115481.0,114116,11409522.8,33489.49,0.965384615
maize,1999,Kharif     ,Arunachal Pradesh,35637.0,48328,3782154.81,9621.99,1.516923077
potato,1999,Whole Year ,Arunachal Pradesh,4960.0,32434,526404.8,1339.2,6.365833333
rice,1999,Kharif     ,Arunachal Pradesh,122740.0,134807,13026396.2,33139.8,1.097692308
maize,2000,Kharif     ,Arunachal Pradesh,38429.0,52297,3772574.93,9991.54,1.478461538
potato,2000,Whole Year ,Arunachal Pradesh,5621.0,36743,551813.57,1461.46,6.783076923
rice,2000,Kharif     ,Arunachal Pradesh,118601.0,132690,11643060.17,30836.26,1.066153846
maize,2001,Kharif     ,Arunachal Pradesh,38577.0,52511,3939869.01,10030.02,1.455384615
potato,2001,Whole Year ,Arunachal Pradesh,4646.0,32635,474495.98,1207.96,6.809230769
rice,2001,Kharif     ,Arunachal Pradesh,119455.0,134621,12199939.15,31058.3,1.135384615
maize,2002,Kharif     ,Arunachal Pradesh,40548.0,55941,3838679.16,10137.0,1.402
potato,2002,Whole Year ,Arunachal Pradesh,4335.0,30183,410394.45,1083.75,6.894
rice,2002,Kharif     ,Arunachal Pradesh,124584.0,152500,11794367.28,31146.0,1.182666667
maize,2003,Kharif     ,Arunachal Pradesh,38605.0,54510,3821122.9,9265.2,1.446666667
potato,2003,Whole Year ,Arunachal Pradesh,4022.0,29569,398097.56,965.28,7.232666667
rice,2003,Kharif     ,Arunachal Pradesh,119205.0,154589,11798910.9,28609.2,1.201333333
maize,2004,Kharif     ,Arunachal Pradesh,37800.0,54985,4095252.0,7938.0,1.495
potato,2004,Whole Year ,Arunachal Pradesh,4217.0,27518,456869.78,885.57,6.794666667
rice,2004,Kharif     ,Arunachal Pradesh,121642.0,134950,13178694.28,25544.82,1.080625
maize,2005,Kharif     ,Arunachal Pradesh,41853.0,57898,5019011.76,8789.13,1.4125
potato,2005,Whole Year ,Arunachal Pradesh,3963.0,29838,475242.96,832.23,7.205333333
rice,2005,Kharif     ,Arunachal Pradesh,122267.0,146191,14662258.64,25676.07,1.16125
maize,2006,Kharif     ,Arunachal Pradesh,46281.0,63524,5910546.51,10181.82,1.439375
potato,2006,Whole Year ,Arunachal Pradesh,3985.0,31689,508924.35,876.7,7.649375
rice,2006,Kharif     ,Arunachal Pradesh,123038.0,144635,15713182.98,27068.36,1.151875
maize,2007,Kharif     ,Arunachal Pradesh,42736.0,57430,5700982.4,6837.76,1.4625
potato,2007,Whole Year ,Arunachal Pradesh,3843.0,29173,512656.2,614.88,6.91
rice,2007,Kharif     ,Arunachal Pradesh,124029.0,158146,16545468.6,19844.64,1.225625
maize,2008,Kharif     ,Arunachal Pradesh,42897.0,58830,6135986.88,3860.73,1.459375
potato,2008,Whole Year ,Arunachal Pradesh,4063.0,33405,581171.52,365.67,7.076875
rice,2008,Kharif     ,Arunachal Pradesh,126799.0,164538,18137328.96,11411.91,1.183125
maize,2009,Kharif     ,Arunachal Pradesh,43630.0,60144,6798426.6,7417.1,1.47875
potato,2009,Whole Year ,Arunachal Pradesh,4235.0,36449,659897.7,719.95,7.4525
rice,2009,Kharif     ,Arunachal Pradesh,121468.0,143893,18927143.76,20649.56,1.12
maize,2010,Kharif     ,Arunachal Pradesh,45061.0,64714,7485082.71,10814.64,1.515625
potato,2010,Whole Year ,Arunachal Pradesh,4334.0,35832,719920.74,1040.16,7.283125
rice,2010,Kharif     ,Arunachal Pradesh,121570.0,155993,20193992.7,29176.8,1.219375
maize,2011,Kharif     ,Arunachal Pradesh,46500.0,68500,7789680.0,15345.0,1.554375
potato,2011,Whole Year ,Arunachal Pradesh,4600.0,40000,770592.0,1518.0,7.655
rice,2011,Kharif     ,Arunachal Pradesh,123500.0,159543,20688720.0,40755.0,1.21875
maize,2012,Kharif     ,Arunachal Pradesh,47486.0,68192,7160888.8,14720.66,1.5375
potato,2012,Whole Year ,Arunachal Pradesh,4817.0,38872,726403.6,1493.27,7.26
rice,2012,Kharif     ,Arunachal Pradesh,126085.0,174662,19013618.0,39086.35,1.308125
maize,2013,Kharif     ,Arunachal Pradesh,47018.0,68978,6793630.82,12694.86,1.607647059
potato,2013,Whole Year ,Arunachal Pradesh,4933.0,40664,712769.17,1331.91,7.618235294
rice,2013,Kharif     ,Arunachal Pradesh,131989.0,184104,19071090.61,35637.03,1.300588235
maize,2014,Kharif     ,Arunachal Pradesh,48000.0,75000,7246080.0,15840.0,1.752941176
potato,2014,Whole Year ,Arunachal Pradesh,5090.0,42000,768386.4,1679.7,7.872352941
rice,2014,Kharif     ,Arunachal Pradesh,127200.0,189992,19202112.0,41976.0,1.447058824
maize,2015,Kharif     ,Arunachal Pradesh,48800.0,75226,7706008.0,16104.0,1.687
potato,2015,Whole Year ,Arunachal Pradesh,5970.0,44775,942722.7,1970.1,6.9065
rice,2015,Kharif     ,Arunachal Pradesh,128800.0,204001,20338808.0,42504.0,2.0875
rice,1997,Kharif     ,Goa,15169.0,40864,1443633.73,4702.39,2.69
rice,1997,Rabi       ,Goa,6417.0,19052,610705.89,1989.27,2.97
maize,1997,Kharif     ,Arunachal Pradesh,34504.0,50025,3283745.68,10696.24,1.686923077
rice,1997,Kharif     ,Arunachal Pradesh,120020.0,129505,11422303.4,37206.2,1.06
maize,1998,Autumn     ,Odisha,50230.0,65866,4962724.0,14566.7,0.838846154
maize,1998,Summer     ,Odisha,276.0,240,27268.8,80.04,0.94125
maize,1998,Winter     ,Odisha,417.0,247,41199.6,120.93,0.717142857
potato,1998,Winter     ,Odisha,7955.0,92624,785954.0,2306.95,9.830666667
rice,1998,Autumn     ,Odisha,819731.0,501365,80989422.8,237721.99,0.837666667
rice,1998,Summer     ,Odisha,268081.0,506455,26486402.8,77743.49,1.582666667
rice,1998,Winter     ,Odisha,3358901.0,4383502,331859418.8,974081.29,1.342333333
maize,2005,Autumn     ,Odisha,56216.0,85608,6741422.72,11805.36,0.9388
maize,2005,Summer     ,Odisha,1585.0,3455,190073.2,332.85,1.497142857
maize,2005,Winter     ,Odisha,5786.0,12841,693857.12,1215.06,1.32
potato,2005,Winter     ,Odisha,8305.0,75078,995935.6,1744.05,8.475517241
rice,2005,Autumn     ,Odisha,781000.0,681000,93657520.0,164010.0,1.016428571
rice,2005,Summer     ,Odisha,325000.0,702000,38974000.0,68250.0,2.04
rice,2005,Winter     ,Odisha,3373000.0,5475000,404490160.0,708330.0,1.639666667
maize,2006,Autumn     ,Odisha,53460.0,82868,6827376.6,11761.2,0.964583333
maize,2006,Summer     ,Odisha,1916.0,4497,244692.36,421.52,1.6265
maize,2006,Winter     ,Odisha,5894.0,15471,752722.74,1296.68,1.662857143
potato,2006,Winter     ,Odisha,8176.0,79316,1044156.96,1798.72,8.693793103
rice,2006,Autumn     ,Odisha,757000.0,765000,96676470.0,166540.0,1.056785714
rice,2006,Summer     ,Odisha,315000.0,720000,40228650.0,69300.0,2.012
rice,2006,Winter     ,Odisha,3379000.0,5338000,431532090.0,743380.0,1.580333333
maize,2007,Autumn     ,Odisha,64690.0,122879,8629646.0,10350.4,1.096923077
maize,2007,Summer     ,Odisha,2874.0,6495,383391.6,459.84,1.383043478
maize,2007,Winter     ,Odisha,6505.0,17797,867767.0,1040.8,1.561333333
potato,2007,Winter     ,Odisha,8514.0,94255,1135767.6,1362.24,9.788
rice,2007,Autumn     ,Odisha,742000.0,814000,98982800.0,118720.0,1.082857143
rice,2007,Summer     ,Odisha,334000.0,816000,44555600.0,53440.0,2.108928571
rice,2007,Winter     ,Odisha,3376000.0,5910000,450358400.0,540160.0,1.747
maize,2008,Autumn     ,Odisha,64461.0,128056,9220501.44,5801.49,1.1028
maize,2008,Summer     ,Odisha,2249.0,5960,321696.96,202.41,1.528888889
maize,2008,Winter     ,Odisha,307.0,676,43913.28,27.63,1.625333333
potato,2008,Winter     ,Odisha,7315.0,75577,1046337.6,658.35,9.706896552
rice,2008,Autumn     ,Odisha,707000.0,735000,101129280.0,63630.0,1.062142857
rice,2008,Summer     ,Odisha,331000.0,811000,47346240.0,29790.0,2.051538462
rice,2008,Winter     ,Odisha,3417000.0,5266000,488767680.0,307530.0,1.545333333
rice,2008,Kharif     ,Goa,33638.0,78705,4811579.52,3027.42,2.325
rice,2008,Rabi       ,Goa,15688.0,43162,2244011.52,1411.92,2.755
maize,2009,Autumn     ,Odisha,78682.0,169659,12260229.24,13375.94,1.0184
maize,2009,Summer     ,Odisha,2265.0,5048,352932.3,385.05,1.505217391
maize,2009,Winter     ,Odisha,211.0,302,32878.02,35.87,1.5675
potato,2009,Winter     ,Odisha,7877.0,97000,1227394.14,1339.09,11.02241379
rice,2009,Autumn     ,Odisha,687000.0,618000,107048340.0,116790.0,1.024074074
rice,2009,Summer     ,Odisha,265000.0,714000,41292300.0,45050.0,2.163636364
rice,2009,Winter     ,Odisha,3413000.0,5581000,531813660.0,580210.0,1.575666667
rice,2009,Kharif     ,Goa,31166.0,59267,4856286.12,5298.22,1.895
rice,2009,Rabi       ,Goa,15938.0,41338,2483459.16,2709.46,2.57
maize,2010,Autumn     ,Odisha,111982.0,284745,18601330.02,26875.68,1.3952
maize,2010,Summer     ,Odisha,4454.0,12540,739853.94,1068.96,1.8296
maize,2010,Winter     ,Odisha,740.0,1529,122921.4,177.6,1.978666667
potato,2010,Winter     ,Odisha,6528.0,76208,1084366.08,1566.72,10.70074074
rice,2010,Autumn     ,Odisha,678000.0,563000,112622580.0,162720.0,0.939642857
rice,2010,Summer     ,Odisha,293000.0,863000,48670230.0,70320.0,2.1024
rice,2010,Winter     ,Odisha,3255000.0,5398000,540688050.0,781200.0,1.633
rice,2010,Kharif     ,Goa,30632.0,72221,5088281.52,7351.68,2.35
rice,2010,Rabi       ,Goa,15980.0,42773,2654437.8,3835.2,2.68
maize,2011,Autumn     ,Odisha,98714.0,202050,16536569.28,32575.62,1.3072
maize,2011,Summer     ,Odisha,3971.0,9914,665221.92,1310.43,2.039130435
maize,2011,Winter     ,Odisha,177.0,227,29651.04,58.41,1.776153846
potato,2011,Winter     ,Odisha,5779.0,63010,968098.08,1907.07,10.49888889
rice,2011,Autumn     ,Odisha,536000.0,418000,89790720.0,176880.0,0.8
rice,2011,Summer     ,Odisha,236000.0,755000,39534720.0,77880.0,2.363913043
rice,2011,Winter     ,Odisha,3233000.0,4633000,541592160.0,1066890.0,1.405333333
rice,2011,Kharif     ,Goa,31247.0,78770,5234497.44,10311.51,2.495
rice,2011,Rabi       ,Goa,15990.0,43221,2678644.8,5276.7,2.7
maize,2012,Autumn     ,Odisha,90572.0,216990,13658257.6,28077.32,1.4536
maize,2012,Summer     ,Odisha,3578.0,10000,539562.4,1109.18,1.860909091
maize,2012,Winter     ,Odisha,331.0,483,49914.8,102.61,2.008461538
potato,2012,Winter     ,Odisha,5324.0,65017,802859.2,1650.44,11.66964286
rice,2012,Autumn     ,Odisha,561000.0,970000,84598800.0,173910.0,1.56
rice,2012,Summer     ,Odisha,8629000.0,868000,1301253200.0,2674990.0,0.077333333
rice,2012,Winter     ,Odisha,3188000.0,7658000,480750400.0,988280.0,2.490666667
rice,2012,Kharif     ,Goa,31255.0,81229,4713254.0,9689.05,2.59
rice,2012,Rabi       ,Goa,14575.0,41592,2197910.0,4518.25,2.85
maize,2013,Autumn     ,Odisha,91261.0,252778,13186301.89,24640.47,1.566666667
maize,2013,Summer     ,Odisha,3591.0,10430,518863.59,969.57,1.905454545
maize,2013,Winter     ,Odisha,278.0,420,40168.22,75.06,1.802222222
potato,2013,Winter     ,Odisha,6151.0,71342,888757.99,1660.77,11.84296296
rice,2013,Autumn     ,Odisha,582000.0,851000,84093180.0,157140.0,1.2972
rice,2013,Summer     ,Odisha,300000.0,1025000,43347000.0,81000.0,2.857307692
rice,2013,Winter     ,Odisha,3298000.0,5734000,476528020.0,890460.0,1.853
maize,2014,Autumn     ,Odisha,89218.0,181982,13468349.28,29441.94,1.46875
maize,2014,Summer     ,Odisha,2266.0,5918,342075.36,747.78,2.085
maize,2014,Winter     ,Odisha,180.0,302,27172.8,59.4,2.656363636
potato,2014,Winter     ,Odisha,8445.0,104081,1274857.2,2786.85,12.0725
rice,2014,Autumn     ,Odisha,583000.0,1036000,88009680.0,192390.0,1.599166667
rice,2014,Summer     ,Odisha,301000.0,1002000,45438960.0,99330.0,2.62
rice,2014,Winter     ,Odisha,3282000.0,7802000,495450720.0,1083060.0,2.379333333
maize,2015,Autumn     ,Odisha,52843.0,103999,8344438.13,17438.19,1.629130435
maize,2015,Summer     ,Odisha,2489.0,6521,393037.99,821.37,1.936111111
maize,2015,Winter     ,Odisha,255.0,458,40267.05,84.15,2.528
potato,2015,Winter     ,Odisha,5626.0,57236,888401.66,1856.58,9.88962963
rice,2015,Autumn     ,Odisha,541000.0,390000,85429310.0,178530.0,0.864583333
rice,2015,Summer     ,Odisha,234000.0,782000,36950940.0,77220.0,2.619090909
rice,2015,Winter     ,Odisha,3167000.0,4702000,500100970.0,1045110.0,1.417666667
maize,2016,Autumn     ,Odisha,68457.0,195388,10491035.25,23959.95,1.746521739
maize,2016,Summer     ,Odisha,2589.0,7542,396764.25,906.15,1.770769231
maize,2016,Winter     ,Odisha,1344.0,1736,205968.0,470.4,1.541818182
potato,2016,Winter     ,Odisha,6524.0,82158,999803.0,2283.4,12.69703704
rice,2016,Autumn     ,Odisha,511550.0,657520,78395037.5,179042.5,1.444074074
rice,2016,Summer     ,Odisha,224780.0,793690,34447535.0,78673.0,2.745333333
rice,2016,Winter     ,Odisha,3226450.0,8343100,494453462.5,1129257.5,2.543
maize,2017,Autumn     ,Odisha,44436.0,111619,6996003.84,16885.68,1.745714286
maize,2017,Summer     ,Odisha,2132.0,5803,335662.08,810.16,2.552857143
maize,2017,Winter     ,Odisha,374.0,527,58882.56,142.12,2.14625
potato,2017,Winter     ,Odisha,3966.0,41812,624407.04,1507.08,11.95545455
rice,2017,Autumn     ,Odisha,530320.0,576840,83493580.8,201521.6,1.218928571
rice,2017,Summer     ,Odisha,221940.0,695400,34942233.6,84337.2,2.673571429
rice,2017,Winter     ,Odisha,3014130.0,5279130,474544627.2,1145369.4,1.747
maize,2018,Autumn     ,Odisha,49126.0,113342,7968237.2,17194.1,1.665652174
maize,2018,Summer     ,Odisha,2855.0,7452,463081.0,999.25,2.334615385
maize,2018,Winter     ,Odisha,67.0,164,10867.4,23.45,2.231
potato,2018,Winter     ,Odisha,4900.0,54455,794780.0,1715.0,13.01730769
rice,2018,Autumn     ,Odisha,454370.0,527490,73698814.0,159029.5,1.322916667
rice,2018,Summer     ,Odisha,274230.0,925810,44480106.0,95980.5,2.586071429
rice,2018,Winter     ,Odisha,3130820.0,6280410,507819004.0,1095787.0,1.982333333
maize,1998,Kharif     ,Nagaland,30000.0,37000,2964000.0,8700.0,1.225714286
rice,1998,Kharif     ,Nagaland,141000.0,205000,13930800.0,40890.0,1.441428571
maize,1997,Kharif     ,Jammu and Kashmir,310883.0,440900,29586735.11,96373.73,1.285
rice,1997,Kharif     ,Jammu and Kashmir,275746.0,5488,26242746.82,85481.26,0.016666667
