Unnamed: 0,Area,Item,Year,hg/ha_yield,average_rain_fall_mm_per_year,pesticides_tonnes,avg_temp
0,Albania,maize,1990,36613,1485.0,121.0,16.37
1,Albania,potato,1990,66667,1485.0,121.0,16.37
2,Albania,rice,1990,23333,1485.0,121.0,16.37
6,Albania,maize,1991,29068,1485.0,121.0,15.36
7,Albania,potato,1991,77818,1485.0,121.0,15.36
8,Albania,rice,1991,28538,1485.0,121.0,15.36
12,Albania,maize,1992,24876,1485.0,121.0,16.06
13,Albania,potato,1992,82920,1485.0,121.0,16.06
14,Albania,rice,1992,40000,1485.0,121.0,16.06
18,Albania,maize,1993,24185,1485.0,121.0,16.05
19,Albania,potato,1993,98446,1485.0,121.0,16.05
20,Albania,rice,1993,41786,1485.0,121.0,16.05
23,Albania,maize,1994,25848,1485.0,201.0,16.96
24,Albania,potato,1994,81404,1485.0,201.0,16.96
27,Albania,maize,1995,31300,1485.0,251.0,15.67
28,Albania,potato,1995,111323,1485.0,251.0,15.67
31,Albania,maize,1996,32604,1485.0,313.96,15.64
32,Albania,potato,1996,106138,1485.0,313.96,15.64
35,Albania,maize,1997,31862,1485.0,376.93,15.9
36,Albania,potato,1997,109874,1485.0,376.93,15.9
39,Albania,maize,1998,33416,1485.0,439.89,16.27
40,Albania,potato,1998,127212,1485.0,439.89,16.27
43,Albania,maize,1999,37455,1485.0,502.86,16.57
44,Albania,potato,1999,142018,1485.0,502.86,16.57
47,Albania,maize,2000,38811,1485.0,565.82,16.67
48,Albania,potato,2000,141228,1485.0,565.82,16.67
51,Albania,maize,2001,38135,1485.0,628.79,16.59
52,Albania,potato,2001,148818,1485.0,628.79,16.59
55,Albania,maize,2002,39460,1485.0,691.75,16.47
56,Albania,potato,2002,153868,1485.0,691.75,16.47
59,Albania,maize,2004,46197,1485.0,817.68,16.16
60,Albania,potato,2004,149346,1485.0,817.68,16.16
63,Albania,maize,2005,45442,1485.0,880.64,15.67
64,Albania,potato,2005,167061,1485.0,880.64,15.67
67,Albania,maize,2006,50111,1485.0,943.61,15.92
68,Albania,potato,2006,170745,1485.0,943.61,15.92
71,Albania,maize,2007,46732,1485.0,1006.57,16.67
72,Albania,potato,2007,188902,1485.0,1006.57,16.67
75,Albania,maize,2008,50000,1485.0,1069.54,16.71
76,Albania,potato,2008,193878,1485.0,1069.54,16.71
79,Albania,maize,2009,55693,1485.0,1132.5,16.73
80,Albania,potato,2009,219780,1485.0,1132.5,16.73
83,Albania,maize,2010,66790,1485.0,1311.17,16.52
84,Albania,potato,2010,231111,1485.0,1311.17,16.52
87,Albania,maize,2011,59869,1485.0,1302.63,16.45
88,Albania,potato,2011,242211,1485.0,1302.63,16.45
91,Albania,maize,2012,67290,1485.0,766.25,16.7
92,Albania,potato,2012,250538,1485.0,766.25,16.7
95,Albania,maize,2013,69533,1485.0,982.32,17.41
96,Albania,potato,2013,260110,1485.0,982.32,17.41
99,Algeria,maize,1990,16500,89.0,1828.92,17.48
100,Algeria,potato,1990,78936,89.0,1828.92,17.48
101,Algeria,rice,1990,28000,89.0,1828.92,17.48
104,Algeria,maize,1991,19231,89.0,2461.8,16.26
105,Algeria,potato,1991,90747,89.0,2461.8,16.26
106,Algeria,rice,1991,26786,89.0,2461.8,16.26
109,Algeria,maize,1992,22828,89.0,1215.47,16.27
110,Algeria,potato,1992,107917,89.0,1215.47,16.27
111,Algeria,rice,1992,24733,89.0,1215.47,16.27
114,Algeria,maize,1993,12500,89.0,1021.89,17.0
115,Algeria,potato,1993,111215,89.0,1021.89,17.0
116,Algeria,rice,1993,23111,89.0,1021.89,17.0
119,Algeria,maize,1994,4512,89.0,1255.02,17.88
120,Algeria,potato,1994,95078,89.0,1255.02,17.88
121,Algeria,rice,1994,21374,89.0,1255.02,17.88
123,Algeria,maize,1995,16115,89.0,2697.09,17.36
124,Algeria,potato,1995,136768,89.0,2697.09,17.36
125,Algeria,rice,1995,19598,89.0,2697.09,17.36
128,Algeria,maize,1996,17154,89.0,479.77,16.76
129,Algeria,potato,1996,134629,89.0,479.77,16.76
130,Algeria,rice,1996,17861,89.0,479.77,16.76
133,Algeria,maize,1997,21417,89.0,401.22,17.84
134,Algeria,potato,1997,141042,89.0,401.22,17.84
135,Algeria,rice,1997,15000,89.0,401.22,17.84
138,Algeria,maize,1998,17222,89.0,322.84,17.14
139,Algeria,potato,1998,160256,89.0,322.84,17.14
140,Algeria,rice,1998,15000,89.0,322.84,17.14
143,Algeria,maize,1999,22375,89.0,654.45,17.97
144,Algeria,potato,1999,153532,89.0,654.45,17.97
145,Algeria,rice,1999,13942,89.0,654.45,17.97
148,Algeria,maize,2000,36186,89.0,603.67,17.9
149,Algeria,potato,2000,166143,89.0,603.67,17.9
150,Algeria,rice,2000,13052,89.0,603.67,17.9
153,Algeria,maize,2001,27175,89.0,710.11,18.13
154,Algeria,potato,2001,147018,89.0,710.11,18.13
155,Algeria,rice,2001,12314,89.0,710.11,18.13
158,Algeria,maize,2002,33480,89.0,816.55,17.85
159,Algeria,potato,2002,183774,89.0,816.55,17.85
160,Algeria,rice,2002,12959,89.0,816.55,17.85
163,Algeria,maize,2004,31729,89.0,3747.86,17.38
164,Algeria,potato,2004,203585,89.0,3747.86,17.38
165,Algeria,rice,2004,12829,89.0,3747.86,17.38
168,Algeria,maize,2005,33864,89.0,3662.87,17.19
169,Algeria,potato,2005,216267,89.0,3662.87,17.19
170,Algeria,rice,2005,12998,89.0,3662.87,17.19
173,Algeria,maize,2006,65668,89.0,4110.72,18.13
174,Algeria,potato,2006,220689,89.0,4110.72,18.13
175,Algeria,rice,2006,12769,89.0,4110.72,18.13
178,Algeria,maize,2007,85625,89.0,5390.79,17.42
179,Algeria,potato,2007,189927,89.0,5390.79,17.42
180,Algeria,rice,2007,13375,89.0,5390.79,17.42
183,Algeria,maize,2008,44714,89.0,11556.12,17.55
184,Algeria,potato,2008,236393,89.0,11556.12,17.55
185,Algeria,rice,2008,13952,89.0,11556.12,17.55
188,Algeria,maize,2009,30914,89.0,3867.99,17.78
189,Algeria,potato,2009,250764,89.0,3867.99,17.78
190,Algeria,rice,2009,14594,89.0,3867.99,17.78
193,Algeria,maize,2010,25827,89.0,1295.88,17.59
194,Algeria,potato,2010,270526,89.0,1295.88,17.59
195,Algeria,rice,2010,15305,89.0,1295.88,17.59
198,Algeria,maize,2011,23374,89.0,13861.76,17.79
199,Algeria,potato,2011,292806,89.0,13861.76,17.79
200,Algeria,rice,2011,16081,89.0,13861.76,17.79
203,Algeria,maize,2012,25583,89.0,17379.76,17.91
204,Algeria,potato,2012,304291,89.0,17379.76,17.91
205,Algeria,rice,2012,16667,89.0,17379.76,17.91
208,Algeria,maize,2013,33649,89.0,17278.65,17.65
209,Algeria,potato,2013,303218,89.0,17278.65,17.65
210,Algeria,rice,2013,17778,89.0,17278.65,17.65
214,Angola,maize,1990,2736,1010.0,64.0,24.12
215,Angola,potato,1990,40000,1010.0,64.0,24.12
216,Angola,rice,1990,9512,1010.0,64.0,24.12
217,Angola,potato,1990,89342,1010.0,64.0,24.12
220,Angola,maize,1991,4013,1010.0,79.0,24.02
221,Angola,potato,1991,40000,1010.0,79.0,24.02
222,Angola,rice,1991,10000,1010.0,79.0,24.02
223,Angola,potato,1991,83001,1010.0,79.0,24.02
226,Angola,maize,1992,3778,1010.0,23.0,23.96
227,Angola,potato,1992,40000,1010.0,23.0,23.96
228,Angola,rice,1992,9106,1010.0,23.0,23.96
229,Angola,potato,1992,90000,1010.0,23.0,23.96
232,Angola,maize,1993,2627,1010.0,169.0,24.15
233,Angola,potato,1993,70000,1010.0,169.0,24.15
234,Angola,rice,1993,8000,1010.0,169.0,24.15
235,Angola,potato,1993,88095,1010.0,169.0,24.15
238,Angola,maize,1994,2463,1010.0,25.5,24.04
239,Angola,potato,1994,90000,1010.0,25.5,24.04
240,Angola,rice,1994,8750,1010.0,25.5,24.04
241,Angola,potato,1994,83192,1010.0,25.5,24.04
244,Angola,maize,1995,3517,1010.0,336.0,24.56
245,Angola,potato,1995,76738,1010.0,336.0,24.56
246,Angola,rice,1995,14615,1010.0,336.0,24.56
247,Angola,potato,1995,81138,1010.0,336.0,24.56
250,Angola,maize,1996,6993,1010.0,40.0,24.11
251,Angola,potato,1996,70000,1010.0,40.0,24.11
252,Angola,rice,1996,17500,1010.0,40.0,24.11
253,Angola,potato,1996,85455,1010.0,40.0,24.11
256,Angola,maize,1997,5959,1010.0,40.0,24.06
257,Angola,potato,1997,68571,1010.0,40.0,24.06
258,Angola,rice,1997,20000,1010.0,40.0,24.06
259,Angola,potato,1997,78098,1010.0,40.0,24.06
262,Angola,maize,1998,7396,1010.0,40.0,24.96
263,Angola,potato,1998,62724,1010.0,40.0,24.96
264,Angola,rice,1998,20000,1010.0,40.0,24.96
265,Angola,potato,1998,76256,1010.0,40.0,24.96
268,Angola,maize,1999,6361,1010.0,40.0,24.37
269,Angola,potato,1999,54597,1010.0,40.0,24.37
270,Angola,rice,1999,14235,1010.0,40.0,24.37
271,Angola,potato,1999,82865,1010.0,40.0,24.37
274,Angola,maize,2000,5745,1010.0,40.0,24.41
275,Angola,potato,2000,29885,1010.0,40.0,24.41
276,Angola,rice,2000,13454,1010.0,40.0,24.41
279,Angola,potato,2000,34938,1010.0,40.0,24.41
282,Angola,maize,2001,5754,1010.0,40.0,24.43
283,Angola,potato,2001,42552,1010.0,40.0,24.43
284,Angola,rice,2001,13701,1010.0,40.0,24.43
287,Angola,potato,2001,44458,1010.0,40.0,24.43
290,Angola,maize,2002,6706,1010.0,40.0,24.79
291,Angola,potato,2002,42754,1010.0,40.0,24.79
292,Angola,rice,2002,13198,1010.0,40.0,24.79
295,Angola,potato,2002,42190,1010.0,40.0,24.79
298,Angola,maize,2004,5404,1010.0,40.0,24.22
299,Angola,potato,2004,20150,1010.0,40.0,24.22
300,Angola,rice,2004,11584,1010.0,40.0,24.22
303,Angola,potato,2004,45360,1010.0,40.0,24.22
306,Angola,maize,2005,6736,1010.0,40.0,24.41
307,Angola,potato,2005,23646,1010.0,40.0,24.41
308,Angola,rice,2005,6977,1010.0,40.0,24.41
311,Angola,potato,2005,46159,1010.0,40.0,24.41
314,Angola,maize,2006,4687,1010.0,40.0,24.14
315,Angola,potato,2006,52148,1010.0,40.0,24.14
316,Angola,rice,2006,4947,1010.0,40.0,24.14
319,Angola,potato,2006,44240,1010.0,40.0,24.14
322,Angola,maize,2007,5091,1010.0,40.0,24.24
323,Angola,potato,2007,62138,1010.0,40.0,24.24
324,Angola,rice,2007,5143,1010.0,40.0,24.24
327,Angola,potato,2007,58855,1010.0,40.0,24.24
330,Angola,maize,2008,7946,1010.0,40.0,24.27
331,Angola,potato,2008,85085,1010.0,40.0,24.27
332,Angola,rice,2008,5084,1010.0,40.0,24.27
335,Angola,potato,2008,65437,1010.0,40.0,24.27
338,Angola,maize,2009,6614,1010.0,40.0,24.33
339,Angola,potato,2009,86509,1010.0,40.0,24.33
340,Angola,rice,2009,6028,1010.0,40.0,24.33
343,Angola,potato,2009,66475,1010.0,40.0,24.33
346,Angola,maize,2010,7200,1010.0,40.0,24.44
347,Angola,potato,2010,87425,1010.0,40.0,24.44
348,Angola,rice,2010,7403,1010.0,40.0,24.44
351,Angola,potato,2010,63001,1010.0,40.0,24.44
354,Angola,maize,2011,7376,1010.0,40.0,24.15
355,Angola,potato,2011,81366,1010.0,40.0,24.15
356,Angola,rice,2011,8914,1010.0,40.0,24.15
359,Angola,potato,2011,65512,1010.0,40.0,24.15
362,Angola,maize,2012,7770,1010.0,40.0,24.24
363,Angola,potato,2012,69381,1010.0,40.0,24.24
364,Angola,rice,2012,7703,1010.0,40.0,24.24
367,Angola,potato,2012,52954,1010.0,40.0,24.24
370,Angola,maize,2013,9467,1010.0,40.0,24.55
371,Angola,potato,2013,63303,1010.0,40.0,24.55
372,Angola,rice,2013,12744,1010.0,40.0,24.55
375,Angola,potato,2013,73409,1010.0,40.0,24.55
379,Argentina,maize,1990,34608,591.0,26156.0,17.46
380,Argentina,maize,1990,34608,591.0,26156.0,17.67
381,Argentina,potato,1990,202747,591.0,26156.0,17.46
382,Argentina,potato,1990,202747,591.0,26156.0,17.67
383,Argentina,rice,1990,36709,591.0,26156.0,17.46
384,Argentina,rice,1990,36709,591.0,26156.0,17.67
389,Argentina,potato,1990,131864,591.0,26156.0,17.46
390,Argentina,potato,1990,131864,591.0,26156.0,17.67
395,Argentina,maize,1991,40444,591.0,26156.0,17.64
396,Argentina,maize,1991,40444,591.0,26156.0,17.86
397,Argentina,potato,1991,205692,591.0,26156.0,17.64
398,Argentina,potato,1991,205692,591.0,26156.0,17.86
399,Argentina,rice,1991,40294,591.0,26156.0,17.64
400,Argentina,rice,1991,40294,591.0,26156.0,17.86
405,Argentina,potato,1991,131364,591.0,26156.0,17.64
406,Argentina,potato,1991,131364,591.0,26156.0,17.86
411,Argentina,maize,1992,45237,591.0,26156.0,17.09
412,Argentina,maize,1992,45237,591.0,26156.0,17.51
413,Argentina,potato,1992,199039,591.0,26156.0,17.09
414,Argentina,potato,1992,199039,591.0,26156.0,17.51
415,Argentina,rice,1992,52075,591.0,26156.0,17.09
416,Argentina,rice,1992,52075,591.0,26156.0,17.51
421,Argentina,potato,1992,127273,591.0,26156.0,17.09
422,Argentina,potato,1992,127273,591.0,26156.0,17.51
427,Argentina,maize,1993,43552,591.0,26156.0,17.32
428,Argentina,maize,1993,43552,591.0,26156.0,17.53
429,Argentina,potato,1993,210314,591.0,26156.0,17.32
430,Argentina,potato,1993,210314,591.0,26156.0,17.53
431,Argentina,rice,1993,43559,591.0,26156.0,17.32
432,Argentina,rice,1993,43559,591.0,26156.0,17.53
437,Argentina,potato,1993,122955,591.0,26156.0,17.32
438,Argentina,potato,1993,122955,591.0,26156.0,17.53
443,Argentina,maize,1994,42371,591.0,30195.0,18.17
444,Argentina,maize,1994,42371,591.0,30195.0,18.31
445,Argentina,potato,1994,230166,591.0,30195.0,18.17
446,Argentina,potato,1994,230166,591.0,30195.0,18.31
447,Argentina,rice,1994,42989,591.0,30195.0,18.17
448,Argentina,rice,1994,42989,591.0,30195.0,18.31
453,Argentina,potato,1994,176667,591.0,30195.0,18.17
454,Argentina,potato,1994,176667,591.0,30195.0,18.31
459,Argentina,maize,1995,45223,591.0,37842.0,17.74
460,Argentina,maize,1995,45223,591.0,37842.0,17.62
461,Argentina,potato,1995,274272,591.0,37842.0,17.74
462,Argentina,potato,1995,274272,591.0,37842.0,17.62
463,Argentina,rice,1995,50306,591.0,37842.0,17.74
464,Argentina,rice,1995,50306,591.0,37842.0,17.62
469,Argentina,potato,1995,168000,591.0,37842.0,17.74
470,Argentina,potato,1995,168000,591.0,37842.0,17.62
475,Argentina,maize,1996,40397,591.0,54595.0,17.64
476,Argentina,maize,1996,40397,591.0,54595.0,17.97
477,Argentina,potato,1996,228877,591.0,54595.0,17.64
478,Argentina,potato,1996,228877,591.0,54595.0,17.97
479,Argentina,rice,1996,51031,591.0,54595.0,17.64
480,Argentina,rice,1996,51031,591.0,54595.0,17.97
485,Argentina,potato,1996,170000,591.0,54595.0,17.64
486,Argentina,potato,1996,170000,591.0,54595.0,17.97
491,Argentina,maize,1997,45557,591.0,77691.0,18.29
492,Argentina,maize,1997,45557,591.0,77691.0,18.54
493,Argentina,potato,1997,268502,591.0,77691.0,18.29
494,Argentina,potato,1997,268502,591.0,77691.0,18.54
495,Argentina,rice,1997,53703,591.0,77691.0,18.29
496,Argentina,rice,1997,53703,591.0,77691.0,18.54
501,Argentina,potato,1997,145662,591.0,77691.0,18.29
502,Argentina,potato,1997,145662,591.0,77691.0,18.54
507,Argentina,maize,1998,60780,591.0,62397.0,17.23
508,Argentina,maize,1998,60780,591.0,62397.0,17.52
509,Argentina,potato,1998,293744,591.0,62397.0,17.23
510,Argentina,potato,1998,293744,591.0,62397.0,17.52
511,Argentina,rice,1998,47762,591.0,62397.0,17.23
512,Argentina,rice,1998,47762,591.0,62397.0,17.52
517,Argentina,potato,1998,175055,591.0,62397.0,17.23
518,Argentina,potato,1998,175055,591.0,62397.0,17.52
523,Argentina,maize,1999,53702,591.0,62831.39,17.15
524,Argentina,maize,1999,53702,591.0,62831.39,17.71
525,Argentina,potato,1999,238938,591.0,62831.39,17.15
526,Argentina,potato,1999,238938,591.0,62831.39,17.71
527,Argentina,rice,1999,57337,591.0,62831.39,17.15
528,Argentina,rice,1999,57337,591.0,62831.39,17.71
533,Argentina,potato,1999,143991,591.0,62831.39,17.15
534,Argentina,potato,1999,143991,591.0,62831.39,17.71
539,Argentina,maize,2000,54329,591.0,63265.78,16.98
540,Argentina,maize,2000,54329,591.0,63265.78,17.66
541,Argentina,potato,2000,277566,591.0,63265.78,16.98
542,Argentina,potato,2000,277566,591.0,63265.78,17.66
543,Argentina,rice,2000,47798,591.0,63265.78,16.98
544,Argentina,rice,2000,47798,591.0,63265.78,17.66
549,Argentina,potato,2000,151462,591.0,63265.78,16.98
550,Argentina,potato,2000,151462,591.0,63265.78,17.66
555,Argentina,maize,2001,54553,591.0,63700.17,17.71
556,Argentina,maize,2001,54553,591.0,63700.17,18.42
557,Argentina,potato,2001,283768,591.0,63700.17,17.71
558,Argentina,potato,2001,283768,591.0,63700.17,18.42
559,Argentina,rice,2001,57495,591.0,63700.17,17.71
560,Argentina,rice,2001,57495,591.0,63700.17,18.42
565,Argentina,potato,2001,155212,591.0,63700.17,17.71
566,Argentina,potato,2001,155212,591.0,63700.17,18.42
571,Argentina,maize,2002,60791,591.0,64134.56,17.58
572,Argentina,maize,2002,60791,591.0,64134.56,18.07
573,Argentina,potato,2002,251347,591.0,64134.56,17.58
574,Argentina,potato,2002,251347,591.0,64134.56,18.07
575,Argentina,rice,2002,57197,591.0,64134.56,17.58
576,Argentina,rice,2002,57197,591.0,64134.56,18.07
581,Argentina,potato,2002,155890,591.0,64134.56,17.58
582,Argentina,potato,2002,155890,591.0,64134.56,18.07
587,Argentina,maize,2004,63931,591.0,65003.34,17.67
588,Argentina,maize,2004,63931,591.0,65003.34,18.11
589,Argentina,potato,2004,288717,591.0,65003.34,17.67
590,Argentina,potato,2004,288717,591.0,65003.34,18.11
591,Argentina,rice,2004,62661,591.0,65003.34,17.67
592,Argentina,rice,2004,62661,591.0,65003.34,18.11
597,Argentina,potato,2004,154867,591.0,65003.34,17.67
598,Argentina,potato,2004,154867,591.0,65003.34,18.11
603,Argentina,maize,2005,73587,591.0,65437.73,17.32
604,Argentina,maize,2005,73587,591.0,65437.73,17.83
605,Argentina,potato,2005,283917,591.0,65437.73,17.32
606,Argentina,potato,2005,283917,591.0,65437.73,17.83
607,Argentina,rice,2005,60165,591.0,65437.73,17.32
608,Argentina,rice,2005,60165,591.0,65437.73,17.83
613,Argentina,potato,2005,154472,591.0,65437.73,17.32
614,Argentina,potato,2005,154472,591.0,65437.73,17.83
619,Argentina,maize,2006,59030,591.0,65872.12,18.1
620,Argentina,maize,2006,59030,591.0,65872.12,18.35
621,Argentina,potato,2006,285828,591.0,65872.12,18.1
622,Argentina,potato,2006,285828,591.0,65872.12,18.35
623,Argentina,rice,2006,70610,591.0,65872.12,18.1
624,Argentina,rice,2006,70610,591.0,65872.12,18.35
629,Argentina,potato,2006,143478,591.0,65872.12,18.1
630,Argentina,potato,2006,143478,591.0,65872.12,18.35
635,Argentina,maize,2007,76655,591.0,81582.64,16.71
636,Argentina,maize,2007,76655,591.0,81582.64,17.14
637,Argentina,potato,2007,286765,591.0,81582.64,16.71
638,Argentina,potato,2007,286765,591.0,81582.64,17.14
639,Argentina,rice,2007,65604,591.0,81582.64,16.71
640,Argentina,rice,2007,65604,591.0,81582.64,17.14
645,Argentina,potato,2007,141667,591.0,81582.64,16.71
646,Argentina,potato,2007,141667,591.0,81582.64,17.14
651,Argentina,maize,2008,64525,591.0,87149.01,17.71
652,Argentina,maize,2008,64525,591.0,87149.01,18.39
653,Argentina,potato,2008,279412,591.0,87149.01,17.71
654,Argentina,potato,2008,279412,591.0,87149.01,18.39
655,Argentina,rice,2008,68278,591.0,87149.01,17.71
656,Argentina,rice,2008,68278,591.0,87149.01,18.39
661,Argentina,potato,2008,145105,591.0,87149.01,17.71
662,Argentina,potato,2008,145105,591.0,87149.01,18.39
667,Argentina,maize,2009,55760,591.0,61586.56,18.16
668,Argentina,maize,2009,55760,591.0,61586.56,18.09
669,Argentina,potato,2009,284439,591.0,61586.56,18.16
670,Argentina,potato,2009,284439,591.0,61586.56,18.09
671,Argentina,rice,2009,68842,591.0,61586.56,18.16
672,Argentina,rice,2009,68842,591.0,61586.56,18.09
677,Argentina,potato,2009,151208,591.0,61586.56,18.16
678,Argentina,potato,2009,151208,591.0,61586.56,18.09
683,Argentina,maize,2010,78040,591.0,105915.04,17.33
684,Argentina,maize,2010,78040,591.0,105915.04,17.84
685,Argentina,potato,2010,289849,591.0,105915.04,17.33
686,Argentina,potato,2010,289849,591.0,105915.04,17.84
687,Argentina,rice,2010,57646,591.0,105915.04,17.33
688,Argentina,rice,2010,57646,591.0,105915.04,17.84
693,Argentina,potato,2010,149382,591.0,105915.04,17.33
694,Argentina,potato,2010,149382,591.0,105915.04,17.84
699,Argentina,maize,2011,63503,591.0,100424.62,17.58
700,Argentina,maize,2011,63503,591.0,100424.62,17.93
701,Argentina,potato,2011,286657,591.0,100424.62,17.58
702,Argentina,potato,2011,286657,591.0,100424.62,17.93
703,Argentina,rice,2011,67901,591.0,100424.62,17.58
704,Argentina,rice,2011,67901,591.0,100424.62,17.93
709,Argentina,potato,2011,148754,591.0,100424.62,17.58
710,Argentina,potato,2011,148754,591.0,100424.62,17.93
715,Argentina,maize,2012,57346,591.0,136185.08,18.18
716,Argentina,maize,2012,57346,591.0,136185.08,18.43
717,Argentina,potato,2012,287821,591.0,136185.08,18.18
718,Argentina,potato,2012,287821,591.0,136185.08,18.43
719,Argentina,rice,2012,66617,591.0,136185.08,18.18
720,Argentina,rice,2012,66617,591.0,136185.08,18.43
725,Argentina,potato,2012,148126,591.0,136185.08,18.18
726,Argentina,potato,2012,148126,591.0,136185.08,18.43
731,Argentina,maize,2013,66037,591.0,171945.54,16.45
732,Argentina,maize,2013,66037,591.0,171945.54,16.88
733,Argentina,potato,2013,288984,591.0,171945.54,16.45
734,Argentina,potato,2013,288984,591.0,171945.54,16.88
735,Argentina,rice,2013,67187,591.0,171945.54,16.45
736,Argentina,rice,2013,67187,591.0,171945.54,16.88
741,Argentina,potato,2013,147498,591.0,171945.54,16.45
742,Argentina,potato,2013,147498,591.0,171945.54,16.88
745,Armenia,maize,1992,32344,562.0,8.0,7.44
746,Armenia,potato,1992,111301,562.0,8.0,7.44
748,Armenia,maize,1993,32261,562.0,8.0,7.69
749,Armenia,potato,1993,134416,562.0,8.0,7.69
751,Armenia,maize,1994,32667,562.0,23.0,8.84
752,Armenia,potato,1994,131195,562.0,23.0,8.84
754,Armenia,maize,1995,18261,562.0,23.9,9.76
755,Armenia,potato,1995,131196,562.0,23.9,9.76
757,Armenia,maize,1996,22239,562.0,32.0,9.55
758,Armenia,potato,1996,129626,562.0,32.0,9.55
760,Armenia,maize,1997,45548,562.0,41.46,9.1
761,Armenia,potato,1997,109362,562.0,41.46,9.1
763,Armenia,maize,1998,26082,562.0,50.92,10.28
764,Armenia,potato,1998,134409,562.0,50.92,10.28
766,Armenia,maize,1999,40303,562.0,60.38,10.11
767,Armenia,potato,1999,130618,562.0,60.38,10.11
769,Armenia,maize,2000,23178,562.0,69.85,9.68
770,Armenia,potato,2000,87349,562.0,69.85,9.68
772,Armenia,maize,2001,37913,562.0,79.31,10.18
773,Armenia,potato,2001,114619,562.0,79.31,10.18
775,Armenia,maize,2002,37380,562.0,88.77,9.41
776,Armenia,potato,2002,122814,562.0,88.77,9.41
778,Armenia,maize,2004,61791,562.0,204.77,9.55
779,Armenia,potato,2004,161509,562.0,204.77,9.55
781,Armenia,maize,2005,44692,562.0,220.51,9.58
782,Armenia,potato,2005,164459,562.0,220.51,9.58
784,Armenia,maize,2006,33271,562.0,227.55,9.89
785,Armenia,potato,2006,163418,562.0,227.55,9.89
787,Armenia,maize,2007,53262,562.0,241.71,9.44
788,Armenia,potato,2007,184719,562.0,241.71,9.44
790,Armenia,maize,2008,53424,562.0,218.2,9.51
791,Armenia,potato,2008,189096,562.0,218.2,9.51
793,Armenia,maize,2009,57763,562.0,198.36,9.67
794,Armenia,potato,2009,185496,562.0,198.36,9.67
796,Armenia,maize,2010,46724,562.0,278.72,11.31
797,Armenia,potato,2010,170146,562.0,278.72,11.31
799,Armenia,maize,2011,54257,562.0,278.72,8.93
800,Armenia,potato,2011,194426,562.0,278.72,8.93
802,Armenia,maize,2012,62215,562.0,278.72,10.2
803,Armenia,potato,2012,207151,562.0,278.72,10.2
805,Armenia,maize,2013,67114,562.0,278.72,11.08
806,Armenia,potato,2013,215290,562.0,278.72,11.08
808,Australia,maize,1990,41821,534.0,17866.0,16.8
809,Australia,maize,1990,41821,534.0,17866.0,20.06
810,Australia,maize,1990,41821,534.0,17866.0,12.11
811,Australia,maize,1990,41821,534.0,17866.0,14.16
812,Australia,maize,1990,41821,534.0,17866.0,18.05
813,Australia,maize,1990,41821,534.0,17866.0,17.47
814,Australia,potato,1990,289832,534.0,17866.0,16.8
815,Australia,potato,1990,289832,534.0,17866.0,20.06
816,Australia,potato,1990,289832,534.0,17866.0,12.11
817,Australia,potato,1990,289832,534.0,17866.0,14.16
818,Australia,potato,1990,289832,534.0,17866.0,18.05
819,Australia,potato,1990,289832,534.0,17866.0,17.47
820,Australia,rice,1990,88000,534.0,17866.0,16.8
821,Australia,rice,1990,88000,534.0,17866.0,20.06
822,Australia,rice,1990,88000,534.0,17866.0,12.11
823,Australia,rice,1990,88000,534.0,17866.0,14.16
824,Australia,rice,1990,88000,534.0,17866.0,18.05
825,Australia,rice,1990,88000,534.0,17866.0,17.47
838,Australia,potato,1990,137140,534.0,17866.0,16.8
839,Australia,potato,1990,137140,534.0,17866.0,20.06
840,Australia,potato,1990,137140,534.0,17866.0,12.11
841,Australia,potato,1990,137140,534.0,17866.0,14.16
842,Australia,potato,1990,137140,534.0,17866.0,18.05
843,Australia,potato,1990,137140,534.0,17866.0,17.47
850,Australia,maize,1991,39938,534.0,17866.0,16.78
851,Australia,maize,1991,39938,534.0,17866.0,20.29
852,Australia,maize,1991,39938,534.0,17866.0,12.22
853,Australia,maize,1991,39938,534.0,17866.0,13.77
854,Australia,maize,1991,39938,534.0,17866.0,18.73
855,Australia,maize,1991,39938,534.0,17866.0,17.85
856,Australia,potato,1991,285359,534.0,17866.0,16.78
857,Australia,potato,1991,285359,534.0,17866.0,20.29
858,Australia,potato,1991,285359,534.0,17866.0,12.22
859,Australia,potato,1991,285359,534.0,17866.0,13.77
860,Australia,potato,1991,285359,534.0,17866.0,18.73
861,Australia,potato,1991,285359,534.0,17866.0,17.85
862,Australia,rice,1991,88427,534.0,17866.0,16.78
863,Australia,rice,1991,88427,534.0,17866.0,20.29
864,Australia,rice,1991,88427,534.0,17866.0,12.22
865,Australia,rice,1991,88427,534.0,17866.0,13.77
866,Australia,rice,1991,88427,534.0,17866.0,18.73
867,Australia,rice,1991,88427,534.0,17866.0,17.85
880,Australia,potato,1991,151142,534.0,17866.0,16.78
881,Australia,potato,1991,151142,534.0,17866.0,20.29
882,Australia,potato,1991,151142,534.0,17866.0,12.22
883,Australia,potato,1991,151142,534.0,17866.0,13.77
884,Australia,potato,1991,151142,534.0,17866.0,18.73
885,Australia,potato,1991,151142,534.0,17866.0,17.85
892,Australia,maize,1992,51721,534.0,22234.0,15.78
893,Australia,maize,1992,51721,534.0,22234.0,19.79
894,Australia,maize,1992,51721,534.0,22234.0,11.21
895,Australia,maize,1992,51721,534.0,22234.0,13.31
896,Australia,maize,1992,51721,534.0,22234.0,18.45
897,Australia,maize,1992,51721,534.0,22234.0,16.89
898,Australia,potato,1992,289220,534.0,22234.0,15.78
899,Australia,potato,1992,289220,534.0,22234.0,19.79
900,Australia,potato,1992,289220,534.0,22234.0,11.21
901,Australia,potato,1992,289220,534.0,22234.0,13.31
902,Australia,potato,1992,289220,534.0,22234.0,18.45
903,Australia,potato,1992,289220,534.0,22234.0,16.89
904,Australia,rice,1992,88346,534.0,22234.0,15.78
905,Australia,rice,1992,88346,534.0,22234.0,19.79
906,Australia,rice,1992,88346,534.0,22234.0,11.21
907,Australia,rice,1992,88346,534.0,22234.0,13.31
908,Australia,rice,1992,88346,534.0,22234.0,18.45
909,Australia,rice,1992,88346,534.0,22234.0,16.89
922,Australia,potato,1992,127548,534.0,22234.0,15.78
923,Australia,potato,1992,127548,534.0,22234.0,19.79
924,Australia,potato,1992,127548,534.0,22234.0,11.21
925,Australia,potato,1992,127548,534.0,22234.0,13.31
926,Australia,potato,1992,127548,534.0,22234.0,18.45
927,Australia,potato,1992,127548,534.0,22234.0,16.89
934,Australia,maize,1993,44261,534.0,23899.0,16.71
935,Australia,maize,1993,44261,534.0,23899.0,20.19
936,Australia,maize,1993,44261,534.0,23899.0,11.84
937,Australia,maize,1993,44261,534.0,23899.0,13.81
938,Australia,maize,1993,44261,534.0,23899.0,18.03
939,Australia,maize,1993,44261,534.0,23899.0,17.42
940,Australia,potato,1993,290981,534.0,23899.0,16.71
941,Australia,potato,1993,290981,534.0,23899.0,20.19
942,Australia,potato,1993,290981,534.0,23899.0,11.84
943,Australia,potato,1993,290981,534.0,23899.0,13.81
944,Australia,potato,1993,290981,534.0,23899.0,18.03
945,Australia,potato,1993,290981,534.0,23899.0,17.42
946,Australia,rice,1993,76400,534.0,23899.0,16.71
947,Australia,rice,1993,76400,534.0,23899.0,20.19
948,Australia,rice,1993,76400,534.0,23899.0,11.84
949,Australia,rice,1993,76400,534.0,23899.0,13.81
950,Australia,rice,1993,76400,534.0,23899.0,18.03
951,Australia,rice,1993,76400,534.0,23899.0,17.42
964,Australia,potato,1993,132702,534.0,23899.0,16.71
965,Australia,potato,1993,132702,534.0,23899.0,20.19
966,Australia,potato,1993,132702,534.0,23899.0,11.84
967,Australia,potato,1993,132702,534.0,23899.0,13.81
968,Australia,potato,1993,132702,534.0,23899.0,18.03
969,Australia,potato,1993,132702,534.0,23899.0,17.42
976,Australia,maize,1994,46620,534.0,21057.0,16.43
977,Australia,maize,1994,46620,534.0,21057.0,19.59
978,Australia,maize,1994,46620,534.0,21057.0,11.6
979,Australia,maize,1994,46620,534.0,21057.0,13.52
980,Australia,maize,1994,46620,534.0,21057.0,19.17
981,Australia,maize,1994,46620,534.0,21057.0,17.36
982,Australia,potato,1994,294270,534.0,21057.0,16.43
983,Australia,potato,1994,294270,534.0,21057.0,19.59
984,Australia,potato,1994,294270,534.0,21057.0,11.6
985,Australia,potato,1994,294270,534.0,21057.0,13.52
986,Australia,potato,1994,294270,534.0,21057.0,19.17
987,Australia,potato,1994,294270,534.0,21057.0,17.36
988,Australia,rice,1994,81537,534.0,21057.0,16.43
989,Australia,rice,1994,81537,534.0,21057.0,19.59
990,Australia,rice,1994,81537,534.0,21057.0,11.6
991,Australia,rice,1994,81537,534.0,21057.0,13.52
992,Australia,rice,1994,81537,534.0,21057.0,19.17
993,Australia,rice,1994,81537,534.0,21057.0,17.36
1006,Australia,potato,1994,140961,534.0,21057.0,16.43
1007,Australia,potato,1994,140961,534.0,21057.0,19.59
1008,Australia,potato,1994,140961,534.0,21057.0,11.6
1009,Australia,potato,1994,140961,534.0,21057.0,13.52
1010,Australia,potato,1994,140961,534.0,21057.0,19.17
1011,Australia,potato,1994,140961,534.0,21057.0,17.36
1018,Australia,maize,1995,48263,534.0,25598.0,16.14
1019,Australia,maize,1995,48263,534.0,25598.0,20.12
1020,Australia,maize,1995,48263,534.0,25598.0,11.39
1021,Australia,maize,1995,48263,534.0,25598.0,13.14
1022,Australia,maize,1995,48263,534.0,25598.0,18.88
1023,Australia,maize,1995,48263,534.0,25598.0,16.95
1024,Australia,potato,1995,298183,534.0,25598.0,16.14
1025,Australia,potato,1995,298183,534.0,25598.0,20.12
1026,Australia,potato,1995,298183,534.0,25598.0,11.39
1027,Australia,potato,1995,298183,534.0,25598.0,13.14
1028,Australia,potato,1995,298183,534.0,25598.0,18.88
1029,Australia,potato,1995,298183,534.0,25598.0,16.95
1030,Australia,rice,1995,88003,534.0,25598.0,16.14
1031,Australia,rice,1995,88003,534.0,25598.0,20.12
1032,Australia,rice,1995,88003,534.0,25598.0,11.39
1033,Australia,rice,1995,88003,534.0,25598.0,13.14
1034,Australia,rice,1995,88003,534.0,25598.0,18.88
1035,Australia,rice,1995,88003,534.0,25598.0,16.95
1048,Australia,potato,1995,155252,534.0,25598.0,16.14
1049,Australia,potato,1995,155252,534.0,25598.0,20.12
1050,Australia,potato,1995,155252,534.0,25598.0,11.39
1051,Australia,potato,1995,155252,534.0,25598.0,13.14
1052,Australia,potato,1995,155252,534.0,25598.0,18.88
1053,Australia,potato,1995,155252,534.0,25598.0,16.95
1060,Australia,maize,1996,57689,534.0,31185.0,16.12
1061,Australia,maize,1996,57689,534.0,31185.0,20.06
1062,Australia,maize,1996,57689,534.0,31185.0,11.29
1063,Australia,maize,1996,57689,534.0,31185.0,13.05
1064,Australia,maize,1996,57689,534.0,31185.0,19.13
1065,Australia,maize,1996,57689,534.0,31185.0,17.05
1066,Australia,potato,1996,312853,534.0,31185.0,16.12
1067,Australia,potato,1996,312853,534.0,31185.0,20.06
1068,Australia,potato,1996,312853,534.0,31185.0,11.29
1069,Australia,potato,1996,312853,534.0,31185.0,13.05
1070,Australia,potato,1996,312853,534.0,31185.0,19.13
1071,Australia,potato,1996,312853,534.0,31185.0,17.05
1072,Australia,rice,1996,63540,534.0,31185.0,16.12
1073,Australia,rice,1996,63540,534.0,31185.0,20.06
1074,Australia,rice,1996,63540,534.0,31185.0,11.29
1075,Australia,rice,1996,63540,534.0,31185.0,13.05
1076,Australia,rice,1996,63540,534.0,31185.0,19.13
1077,Australia,rice,1996,63540,534.0,31185.0,17.05
1090,Australia,potato,1996,172474,534.0,31185.0,16.12
1091,Australia,potato,1996,172474,534.0,31185.0,20.06
1092,Australia,potato,1996,172474,534.0,31185.0,11.29
1093,Australia,potato,1996,172474,534.0,31185.0,13.05
1094,Australia,potato,1996,172474,534.0,31185.0,19.13
1095,Australia,potato,1996,172474,534.0,31185.0,17.05
1102,Australia,maize,1997,59403,534.0,34091.0,16.48
1103,Australia,maize,1997,59403,534.0,34091.0,20.16
1104,Australia,maize,1997,59403,534.0,34091.0,12.13
1105,Australia,maize,1997,59403,534.0,34091.0,13.93
1106,Australia,maize,1997,59403,534.0,34091.0,18.94
1107,Australia,maize,1997,59403,534.0,34091.0,17.51
1108,Australia,potato,1997,313056,534.0,34091.0,16.48
1109,Australia,potato,1997,313056,534.0,34091.0,20.16
1110,Australia,potato,1997,313056,534.0,34091.0,12.13
1111,Australia,potato,1997,313056,534.0,34091.0,13.93
1112,Australia,potato,1997,313056,534.0,34091.0,18.94
1113,Australia,potato,1997,313056,534.0,34091.0,17.51
1114,Australia,rice,1997,83263,534.0,34091.0,16.48
1115,Australia,rice,1997,83263,534.0,34091.0,20.16
1116,Australia,rice,1997,83263,534.0,34091.0,12.13
1117,Australia,rice,1997,83263,534.0,34091.0,13.93
1118,Australia,rice,1997,83263,534.0,34091.0,18.94
1119,Australia,rice,1997,83263,534.0,34091.0,17.51
1132,Australia,potato,1997,244444,534.0,34091.0,16.48
1133,Australia,potato,1997,244444,534.0,34091.0,20.16
1134,Australia,potato,1997,244444,534.0,34091.0,12.13
1135,Australia,potato,1997,244444,534.0,34091.0,13.93
1136,Australia,potato,1997,244444,534.0,34091.0,18.94
1137,Australia,potato,1997,244444,534.0,34091.0,17.51
1144,Australia,maize,1998,47544,534.0,37215.0,16.28
1145,Australia,maize,1998,47544,534.0,37215.0,20.62
1146,Australia,maize,1998,47544,534.0,37215.0,12.46
1147,Australia,maize,1998,47544,534.0,37215.0,13.61
1148,Australia,maize,1998,47544,534.0,37215.0,18.9
1149,Australia,maize,1998,47544,534.0,37215.0,18.05
1150,Australia,potato,1998,322292,534.0,37215.0,16.28
1151,Australia,potato,1998,322292,534.0,37215.0,20.62
1152,Australia,potato,1998,322292,534.0,37215.0,12.46
1153,Australia,potato,1998,322292,534.0,37215.0,13.61
1154,Australia,potato,1998,322292,534.0,37215.0,18.9
1155,Australia,potato,1998,322292,534.0,37215.0,18.05
1156,Australia,rice,1998,94256,534.0,37215.0,16.28
1157,Australia,rice,1998,94256,534.0,37215.0,20.62
1158,Australia,rice,1998,94256,534.0,37215.0,12.46
1159,Australia,rice,1998,94256,534.0,37215.0,13.61
1160,Australia,rice,1998,94256,534.0,37215.0,18.9
1161,Australia,rice,1998,94256,534.0,37215.0,18.05
1174,Australia,potato,1998,276923,534.0,37215.0,16.28
1175,Australia,potato,1998,276923,534.0,37215.0,20.62
1176,Australia,potato,1998,276923,534.0,37215.0,12.46
1177,Australia,potato,1998,276923,534.0,37215.0,13.61
1178,Australia,potato,1998,276923,534.0,37215.0,18.9
1179,Australia,potato,1998,276923,534.0,37215.0,18.05
1186,Australia,maize,1999,51212,534.0,34200.0,16.77
1187,Australia,maize,1999,51212,534.0,34200.0,19.75
1188,Australia,maize,1999,51212,534.0,34200.0,12.1
1189,Australia,maize,1999,51212,534.0,34200.0,14.2
1190,Australia,maize,1999,51212,534.0,34200.0,19.28
1191,Australia,maize,1999,51212,534.0,34200.0,17.55
1192,Australia,potato,1999,321265,534.0,34200.0,16.77
1193,Australia,potato,1999,321265,534.0,34200.0,19.75
1194,Australia,potato,1999,321265,534.0,34200.0,12.1
1195,Australia,potato,1999,321265,534.0,34200.0,14.2
1196,Australia,potato,1999,321265,534.0,34200.0,19.28
1197,Australia,potato,1999,321265,534.0,34200.0,17.55
1198,Australia,rice,1999,91615,534.0,34200.0,16.77
1199,Australia,rice,1999,91615,534.0,34200.0,19.75
1200,Australia,rice,1999,91615,534.0,34200.0,12.1
1201,Australia,rice,1999,91615,534.0,34200.0,14.2
1202,Australia,rice,1999,91615,534.0,34200.0,19.28
1203,Australia,rice,1999,91615,534.0,34200.0,17.55
1216,Australia,potato,1999,275000,534.0,34200.0,16.77
1217,Australia,potato,1999,275000,534.0,34200.0,19.75
1218,Australia,potato,1999,275000,534.0,34200.0,12.1
1219,Australia,potato,1999,275000,534.0,34200.0,14.2
1220,Australia,potato,1999,275000,534.0,34200.0,19.28
1221,Australia,potato,1999,275000,534.0,34200.0,17.55
1228,Australia,maize,2000,49360,534.0,33475.0,17.08
1229,Australia,maize,2000,49360,534.0,33475.0,19.89
1230,Australia,maize,2000,49360,534.0,33475.0,12.09
1231,Australia,maize,2000,49360,534.0,33475.0,14.32
1232,Australia,maize,2000,49360,534.0,33475.0,19.07
1233,Australia,maize,2000,49360,534.0,33475.0,17.57
1234,Australia,potato,2000,284527,534.0,33475.0,17.08
1235,Australia,potato,2000,284527,534.0,33475.0,19.89
1236,Australia,potato,2000,284527,534.0,33475.0,12.09
1237,Australia,potato,2000,284527,534.0,33475.0,14.32
1238,Australia,potato,2000,284527,534.0,33475.0,19.07
1239,Australia,potato,2000,284527,534.0,33475.0,17.57
1240,Australia,rice,2000,82573,534.0,33475.0,17.08
1241,Australia,rice,2000,82573,534.0,33475.0,19.89
1242,Australia,rice,2000,82573,534.0,33475.0,12.09
1243,Australia,rice,2000,82573,534.0,33475.0,14.32
1244,Australia,rice,2000,82573,534.0,33475.0,19.07
1245,Australia,rice,2000,82573,534.0,33475.0,17.57
1258,Australia,potato,2000,317647,534.0,33475.0,17.08
1259,Australia,potato,2000,317647,534.0,33475.0,19.89
1260,Australia,potato,2000,317647,534.0,33475.0,12.09
1261,Australia,potato,2000,317647,534.0,33475.0,14.32
1262,Australia,potato,2000,317647,534.0,33475.0,19.07
1263,Australia,potato,2000,317647,534.0,33475.0,17.57
1270,Australia,maize,2001,46471,534.0,32710.0,16.63
1271,Australia,maize,2001,46471,534.0,32710.0,20.21
1272,Australia,maize,2001,46471,534.0,32710.0,12.29
1273,Australia,maize,2001,46471,534.0,32710.0,14.18
1274,Australia,maize,2001,46471,534.0,32710.0,18.39
1275,Australia,maize,2001,46471,534.0,32710.0,17.85
1276,Australia,potato,2001,328633,534.0,32710.0,16.63
1277,Australia,potato,2001,328633,534.0,32710.0,20.21
1278,Australia,potato,2001,328633,534.0,32710.0,12.29
1279,Australia,potato,2001,328633,534.0,32710.0,14.18
1280,Australia,potato,2001,328633,534.0,32710.0,18.39
1281,Australia,potato,2001,328633,534.0,32710.0,17.85
1282,Australia,rice,2001,93071,534.0,32710.0,16.63
1283,Australia,rice,2001,93071,534.0,32710.0,20.21
1284,Australia,rice,2001,93071,534.0,32710.0,12.29
1285,Australia,rice,2001,93071,534.0,32710.0,14.18
1286,Australia,rice,2001,93071,534.0,32710.0,18.39
1287,Australia,rice,2001,93071,534.0,32710.0,17.85
1300,Australia,potato,2001,333333,534.0,32710.0,16.63
1301,Australia,potato,2001,333333,534.0,32710.0,20.21
1302,Australia,potato,2001,333333,534.0,32710.0,12.29
1303,Australia,potato,2001,333333,534.0,32710.0,14.18
1304,Australia,potato,2001,333333,534.0,32710.0,18.39
1305,Australia,potato,2001,333333,534.0,32710.0,17.85
1312,Australia,maize,2002,54929,534.0,26651.0,16.63
1313,Australia,maize,2002,54929,534.0,26651.0,20.38
1314,Australia,maize,2002,54929,534.0,26651.0,12.31
1315,Australia,maize,2002,54929,534.0,26651.0,14.08
1316,Australia,maize,2002,54929,534.0,26651.0,18.93
1317,Australia,maize,2002,54929,534.0,26651.0,17.73
1318,Australia,potato,2002,351358,534.0,26651.0,16.63
1319,Australia,potato,2002,351358,534.0,26651.0,20.38
1320,Australia,potato,2002,351358,534.0,26651.0,12.31
1321,Australia,potato,2002,351358,534.0,26651.0,14.08
1322,Australia,potato,2002,351358,534.0,26651.0,18.93
1323,Australia,potato,2002,351358,534.0,26651.0,17.73
1324,Australia,rice,2002,82580,534.0,26651.0,16.63
1325,Australia,rice,2002,82580,534.0,26651.0,20.38
1326,Australia,rice,2002,82580,534.0,26651.0,12.31
1327,Australia,rice,2002,82580,534.0,26651.0,14.08
1328,Australia,rice,2002,82580,534.0,26651.0,18.93
1329,Australia,rice,2002,82580,534.0,26651.0,17.73
1342,Australia,potato,2002,347368,534.0,26651.0,16.63
1343,Australia,potato,2002,347368,534.0,26651.0,20.38
1344,Australia,potato,2002,347368,534.0,26651.0,12.31
1345,Australia,potato,2002,347368,534.0,26651.0,14.08
1346,Australia,potato,2002,347368,534.0,26651.0,18.93
1347,Australia,potato,2002,347368,534.0,26651.0,17.73
1354,Australia,maize,2004,56326,534.0,36276.0,16.64
1355,Australia,maize,2004,56326,534.0,36276.0,20.42
1356,Australia,maize,2004,56326,534.0,36276.0,12.35
1357,Australia,maize,2004,56326,534.0,36276.0,13.74
1358,Australia,maize,2004,56326,534.0,36276.0,18.87
1359,Australia,maize,2004,56326,534.0,36276.0,17.87
1360,Australia,potato,2004,362787,534.0,36276.0,16.64
1361,Australia,potato,2004,362787,534.0,36276.0,20.42
1362,Australia,potato,2004,362787,534.0,36276.0,12.35
1363,Australia,potato,2004,362787,534.0,36276.0,13.74
1364,Australia,potato,2004,362787,534.0,36276.0,18.87
1365,Australia,potato,2004,362787,534.0,36276.0,17.87
1366,Australia,rice,2004,83305,534.0,36276.0,16.64
1367,Australia,rice,2004,83305,534.0,36276.0,20.42
1368,Australia,rice,2004,83305,534.0,36276.0,12.35
1369,Australia,rice,2004,83305,534.0,36276.0,13.74
1370,Australia,rice,2004,83305,534.0,36276.0,18.87
1371,Australia,rice,2004,83305,534.0,36276.0,17.87
1384,Australia,potato,2004,333333,534.0,36276.0,16.64
1385,Australia,potato,2004,333333,534.0,36276.0,20.42
1386,Australia,potato,2004,333333,534.0,36276.0,12.35
1387,Australia,potato,2004,333333,534.0,36276.0,13.74
1388,Australia,potato,2004,333333,534.0,36276.0,18.87
1389,Australia,potato,2004,333333,534.0,36276.0,17.87
1396,Australia,maize,2005,57983,534.0,34310.0,16.93
1397,Australia,maize,2005,57983,534.0,34310.0,20.71
1398,Australia,maize,2005,57983,534.0,34310.0,12.48
1399,Australia,maize,2005,57983,534.0,34310.0,14.38
1400,Australia,maize,2005,57983,534.0,34310.0,18.26
1401,Australia,maize,2005,57983,534.0,34310.0,18.03
1402,Australia,potato,2005,344117,534.0,34310.0,16.93
1403,Australia,potato,2005,344117,534.0,34310.0,20.71
1404,Australia,potato,2005,344117,534.0,34310.0,12.48
1405,Australia,potato,2005,344117,534.0,34310.0,14.38
1406,Australia,potato,2005,344117,534.0,34310.0,18.26
1407,Australia,potato,2005,344117,534.0,34310.0,18.03
1408,Australia,rice,2005,66168,534.0,34310.0,16.93
1409,Australia,rice,2005,66168,534.0,34310.0,20.71
1410,Australia,rice,2005,66168,534.0,34310.0,12.48
1411,Australia,rice,2005,66168,534.0,34310.0,14.38
1412,Australia,rice,2005,66168,534.0,34310.0,18.26
1413,Australia,rice,2005,66168,534.0,34310.0,18.03
1426,Australia,potato,2005,336000,534.0,34310.0,16.93
1427,Australia,potato,2005,336000,534.0,34310.0,20.71
1428,Australia,potato,2005,336000,534.0,34310.0,12.48
1429,Australia,potato,2005,336000,534.0,34310.0,14.38
1430,Australia,potato,2005,336000,534.0,34310.0,18.26
1431,Australia,potato,2005,336000,534.0,34310.0,18.03
1438,Australia,maize,2006,53856,534.0,35900.0,16.75
1439,Australia,maize,2006,53856,534.0,35900.0,20.17
1440,Australia,maize,2006,53856,534.0,35900.0,12.51
1441,Australia,maize,2006,53856,534.0,35900.0,13.99
1442,Australia,maize,2006,53856,534.0,35900.0,18.99
1443,Australia,maize,2006,53856,534.0,35900.0,17.75
1444,Australia,potato,2006,354317,534.0,35900.0,16.75
1445,Australia,potato,2006,354317,534.0,35900.0,20.17
1446,Australia,potato,2006,354317,534.0,35900.0,12.51
1447,Australia,potato,2006,354317,534.0,35900.0,13.99
1448,Australia,potato,2006,354317,534.0,35900.0,18.99
1449,Australia,potato,2006,354317,534.0,35900.0,17.75
1450,Australia,rice,2006,98176,534.0,35900.0,16.75
1451,Australia,rice,2006,98176,534.0,35900.0,20.17
1452,Australia,rice,2006,98176,534.0,35900.0,12.51
1453,Australia,rice,2006,98176,534.0,35900.0,13.99
1454,Australia,rice,2006,98176,534.0,35900.0,18.99
1455,Australia,rice,2006,98176,534.0,35900.0,17.75
1468,Australia,potato,2006,278748,534.0,35900.0,16.75
1469,Australia,potato,2006,278748,534.0,35900.0,20.17
1470,Australia,potato,2006,278748,534.0,35900.0,12.51
1471,Australia,potato,2006,278748,534.0,35900.0,13.99
1472,Australia,potato,2006,278748,534.0,35900.0,18.99
1473,Australia,potato,2006,278748,534.0,35900.0,17.75
1480,Australia,maize,2007,49103,534.0,32446.25,17.49
1481,Australia,maize,2007,49103,534.0,32446.25,20.31
1482,Australia,maize,2007,49103,534.0,32446.25,12.83
1483,Australia,maize,2007,49103,534.0,32446.25,14.99
1484,Australia,maize,2007,49103,534.0,32446.25,18.84
1485,Australia,maize,2007,49103,534.0,32446.25,18.02
1486,Australia,potato,2007,355463,534.0,32446.25,17.49
1487,Australia,potato,2007,355463,534.0,32446.25,20.31
1488,Australia,potato,2007,355463,534.0,32446.25,12.83
1489,Australia,potato,2007,355463,534.0,32446.25,14.99
1490,Australia,potato,2007,355463,534.0,32446.25,18.84
1491,Australia,potato,2007,355463,534.0,32446.25,18.02
1492,Australia,rice,2007,82609,534.0,32446.25,17.49
1493,Australia,rice,2007,82609,534.0,32446.25,20.31
1494,Australia,rice,2007,82609,534.0,32446.25,12.83
1495,Australia,rice,2007,82609,534.0,32446.25,14.99
1496,Australia,rice,2007,82609,534.0,32446.25,18.84
1497,Australia,rice,2007,82609,534.0,32446.25,18.02
1510,Australia,potato,2007,346237,534.0,32446.25,17.49
1511,Australia,potato,2007,346237,534.0,32446.25,20.31
1512,Australia,potato,2007,346237,534.0,32446.25,12.83
1513,Australia,potato,2007,346237,534.0,32446.25,14.99
1514,Australia,potato,2007,346237,534.0,32446.25,18.84
1515,Australia,potato,2007,346237,534.0,32446.25,18.02
1522,Australia,maize,2008,56912,534.0,42935.38,16.7
1523,Australia,maize,2008,56912,534.0,42935.38,19.79
1524,Australia,maize,2008,56912,534.0,42935.38,12.0
1525,Australia,maize,2008,56912,534.0,42935.38,14.11
1526,Australia,maize,2008,56912,534.0,42935.38,18.78
1527,Australia,maize,2008,56912,534.0,42935.38,17.32
1528,Australia,potato,2008,381224,534.0,42935.38,16.7
1529,Australia,potato,2008,381224,534.0,42935.38,19.79
1530,Australia,potato,2008,381224,534.0,42935.38,12.0
1531,Australia,potato,2008,381224,534.0,42935.38,14.11
1532,Australia,potato,2008,381224,534.0,42935.38,18.78
1533,Australia,potato,2008,381224,534.0,42935.38,17.32
1534,Australia,rice,2008,75988,534.0,42935.38,16.7
1535,Australia,rice,2008,75988,534.0,42935.38,19.79
1536,Australia,rice,2008,75988,534.0,42935.38,12.0
1537,Australia,rice,2008,75988,534.0,42935.38,14.11
1538,Australia,rice,2008,75988,534.0,42935.38,18.78
1539,Australia,rice,2008,75988,534.0,42935.38,17.32
1552,Australia,potato,2008,266530,534.0,42935.38,16.7
1553,Australia,potato,2008,266530,534.0,42935.38,19.79
1554,Australia,potato,2008,266530,534.0,42935.38,12.0
1555,Australia,potato,2008,266530,534.0,42935.38,14.11
1556,Australia,potato,2008,266530,534.0,42935.38,18.78
1557,Australia,potato,2008,266530,534.0,42935.38,17.32
1564,Australia,maize,2009,58171,534.0,38065.68,17.39
1565,Australia,maize,2009,58171,534.0,38065.68,20.65
1566,Australia,maize,2009,58171,534.0,38065.68,12.87
1567,Australia,maize,2009,58171,534.0,38065.68,14.65
1568,Australia,maize,2009,58171,534.0,38065.68,19.01
1569,Australia,maize,2009,58171,534.0,38065.68,18.18
1570,Australia,potato,2009,361747,534.0,38065.68,17.39
1571,Australia,potato,2009,361747,534.0,38065.68,20.65
1572,Australia,potato,2009,361747,534.0,38065.68,12.87
1573,Australia,potato,2009,361747,534.0,38065.68,14.65
1574,Australia,potato,2009,361747,534.0,38065.68,19.01
1575,Australia,potato,2009,361747,534.0,38065.68,18.18
1576,Australia,rice,2009,84609,534.0,38065.68,17.39
1577,Australia,rice,2009,84609,534.0,38065.68,20.65
1578,Australia,rice,2009,84609,534.0,38065.68,12.87
1579,Australia,rice,2009,84609,534.0,38065.68,14.65
1580,Australia,rice,2009,84609,534.0,38065.68,19.01
1581,Australia,rice,2009,84609,534.0,38065.68,18.18
1594,Australia,potato,2009,250797,534.0,38065.68,17.39
1595,Australia,potato,2009,250797,534.0,38065.68,20.65
1596,Australia,potato,2009,250797,534.0,38065.68,12.87
1597,Australia,potato,2009,250797,534.0,38065.68,14.65
1598,Australia,potato,2009,250797,534.0,38065.68,19.01
1599,Australia,potato,2009,250797,534.0,38065.68,18.18
1606,Australia,maize,2010,55593,534.0,42169.39,16.72
1607,Australia,maize,2010,55593,534.0,42169.39,20.33
1608,Australia,maize,2010,55593,534.0,42169.39,12.37
1609,Australia,maize,2010,55593,534.0,42169.39,14.23
1610,Australia,maize,2010,55593,534.0,42169.39,19.09
1611,Australia,maize,2010,55593,534.0,42169.39,18.0
1612,Australia,potato,2010,351334,534.0,42169.39,16.72
1613,Australia,potato,2010,351334,534.0,42169.39,20.33
1614,Australia,potato,2010,351334,534.0,42169.39,12.37
1615,Australia,potato,2010,351334,534.0,42169.39,14.23
1616,Australia,potato,2010,351334,534.0,42169.39,19.09
1617,Australia,potato,2010,351334,534.0,42169.39,18.0
1618,Australia,rice,2010,103895,534.0,42169.39,16.72
1619,Australia,rice,2010,103895,534.0,42169.39,20.33
1620,Australia,rice,2010,103895,534.0,42169.39,12.37
1621,Australia,rice,2010,103895,534.0,42169.39,14.23
1622,Australia,rice,2010,103895,534.0,42169.39,19.09
1623,Australia,rice,2010,103895,534.0,42169.39,18.0
1636,Australia,potato,2010,305974,534.0,42169.39,16.72
1637,Australia,potato,2010,305974,534.0,42169.39,20.33
1638,Australia,potato,2010,305974,534.0,42169.39,12.37
1639,Australia,potato,2010,305974,534.0,42169.39,14.23
1640,Australia,potato,2010,305974,534.0,42169.39,19.09
1641,Australia,potato,2010,305974,534.0,42169.39,18.0
1648,Australia,maize,2011,57390,534.0,47632.99,16.9
1649,Australia,maize,2011,57390,534.0,47632.99,19.88
1650,Australia,maize,2011,57390,534.0,47632.99,12.16
1651,Australia,maize,2011,57390,534.0,47632.99,14.19
1652,Australia,maize,2011,57390,534.0,47632.99,19.99
1653,Australia,maize,2011,57390,534.0,47632.99,17.71
1654,Australia,potato,2011,350887,534.0,47632.99,16.9
1655,Australia,potato,2011,350887,534.0,47632.99,19.88
1656,Australia,potato,2011,350887,534.0,47632.99,12.16
1657,Australia,potato,2011,350887,534.0,47632.99,14.19
1658,Australia,potato,2011,350887,534.0,47632.99,19.99
1659,Australia,potato,2011,350887,534.0,47632.99,17.71
1660,Australia,rice,2011,95441,534.0,47632.99,16.9
1661,Australia,rice,2011,95441,534.0,47632.99,19.88
1662,Australia,rice,2011,95441,534.0,47632.99,12.16
1663,Australia,rice,2011,95441,534.0,47632.99,14.19
1664,Australia,rice,2011,95441,534.0,47632.99,19.99
1665,Australia,rice,2011,95441,534.0,47632.99,17.71
1678,Australia,potato,2011,319252,534.0,47632.99,16.9
1679,Australia,potato,2011,319252,534.0,47632.99,19.88
1680,Australia,potato,2011,319252,534.0,47632.99,12.16
1681,Australia,potato,2011,319252,534.0,47632.99,14.19
1682,Australia,potato,2011,319252,534.0,47632.99,19.99
1683,Australia,potato,2011,319252,534.0,47632.99,17.71
1690,Australia,maize,2012,64654,534.0,48687.88,16.84
1691,Australia,maize,2012,64654,534.0,48687.88,20.08
1692,Australia,maize,2012,64654,534.0,48687.88,11.79
1693,Australia,maize,2012,64654,534.0,48687.88,14.27
1694,Australia,maize,2012,64654,534.0,48687.88,19.55
1695,Australia,maize,2012,64654,534.0,48687.88,17.47
1696,Australia,potato,2012,382592,534.0,48687.88,16.84
1697,Australia,potato,2012,382592,534.0,48687.88,20.08
1698,Australia,potato,2012,382592,534.0,48687.88,11.79
1699,Australia,potato,2012,382592,534.0,48687.88,14.27
1700,Australia,potato,2012,382592,534.0,48687.88,19.55
1701,Australia,potato,2012,382592,534.0,48687.88,17.47
1702,Australia,rice,2012,89098,534.0,48687.88,16.84
1703,Australia,rice,2012,89098,534.0,48687.88,20.08
1704,Australia,rice,2012,89098,534.0,48687.88,11.79
1705,Australia,rice,2012,89098,534.0,48687.88,14.27
1706,Australia,rice,2012,89098,534.0,48687.88,19.55
1707,Australia,rice,2012,89098,534.0,48687.88,17.47
1720,Australia,potato,2012,331853,534.0,48687.88,16.84
1721,Australia,potato,2012,331853,534.0,48687.88,20.08
1722,Australia,potato,2012,331853,534.0,48687.88,11.79
1723,Australia,potato,2012,331853,534.0,48687.88,14.27
1724,Australia,potato,2012,331853,534.0,48687.88,19.55
1725,Australia,potato,2012,331853,534.0,48687.88,17.47
1732,Australia,maize,2013,64441,534.0,45177.18,17.39
1733,Australia,maize,2013,64441,534.0,45177.18,20.14
1734,Australia,maize,2013,64441,534.0,45177.18,12.19
1735,Australia,maize,2013,64441,534.0,45177.18,14.74
1736,Australia,maize,2013,64441,534.0,45177.18,19.98
1737,Australia,maize,2013,64441,534.0,45177.18,18.09
1738,Australia,potato,2013,385434,534.0,45177.18,17.39
1739,Australia,potato,2013,385434,534.0,45177.18,20.14
1740,Australia,potato,2013,385434,534.0,45177.18,12.19
1741,Australia,potato,2013,385434,534.0,45177.18,14.74
1742,Australia,potato,2013,385434,534.0,45177.18,19.98
1743,Australia,potato,2013,385434,534.0,45177.18,18.09
1744,Australia,rice,2013,102177,534.0,45177.18,17.39
1745,Australia,rice,2013,102177,534.0,45177.18,20.14
1746,Australia,rice,2013,102177,534.0,45177.18,12.19
1747,Australia,rice,2013,102177,534.0,45177.18,14.74
1748,Australia,rice,2013,102177,534.0,45177.18,19.98
1749,Australia,rice,2013,102177,534.0,45177.18,18.09
1762,Australia,potato,2013,344391,534.0,45177.18,17.39
1763,Australia,potato,2013,344391,534.0,45177.18,20.14
1764,Australia,potato,2013,344391,534.0,45177.18,12.19
1765,Australia,potato,2013,344391,534.0,45177.18,14.74
1766,Australia,potato,2013,344391,534.0,45177.18,19.98
1767,Australia,potato,2013,344391,534.0,45177.18,18.09
1774,Austria,maize,1990,81800,1110.0,4246.0,9.23
1775,Austria,potato,1990,249854,1110.0,4246.0,9.23
1778,Austria,maize,1991,84800,1110.0,4487.0,8.15
1779,Austria,potato,1991,236372,1110.0,4487.0,8.15
1782,Austria,maize,1992,64800,1110.0,3897.0,9.49
1783,Austria,potato,1992,223470,1110.0,3897.0,9.49
1786,Austria,maize,1993,89710,1110.0,3984.0,8.48
1787,Austria,potato,1993,284925,1110.0,3984.0,8.48
1790,Austria,maize,1994,79160,1110.0,3619.0,9.89
1791,Austria,potato,1994,199650,1110.0,3619.0,9.89
1794,Austria,maize,1995,85000,1110.0,3402.0,8.79
1795,Austria,potato,1995,267949,1110.0,3402.0,8.79
1798,Austria,maize,1996,86200,1110.0,3565.0,7.4
1799,Austria,potato,1996,291997,1110.0,3565.0,7.4
1802,Austria,maize,1997,97800,1110.0,3689.6,8.37
1803,Austria,potato,1997,288325,1110.0,3689.6,8.37
1806,Austria,maize,1998,96100,1110.0,3340.3,9.01
1807,Austria,potato,1998,283064,1110.0,3340.3,9.01
1810,Austria,maize,1999,96000,1110.0,3418.6,9.17
1811,Austria,potato,1999,307044,1110.0,3418.6,9.17
1814,Austria,maize,2000,98600,1110.0,3563.2,10.08
1815,Austria,potato,2000,292627,1110.0,3563.2,10.08
1818,Austria,maize,2001,90869,1110.0,3132.2,8.75
1819,Austria,potato,2001,300394,1110.0,3132.2,8.75
1822,Austria,maize,2002,99815,1110.0,3079.2,9.62
1823,Austria,potato,2002,303832,1110.0,3079.2,9.62
1826,Austria,maize,2004,96544,1110.0,3301.7,8.76
1827,Austria,potato,2004,316117,1110.0,3301.7,8.76
1830,Austria,maize,2005,106570,1110.0,3404.0,8.6
1831,Austria,potato,2005,343985,1110.0,3404.0,8.6
1834,Austria,maize,2006,96370,1110.0,3415.7,9.13
1835,Austria,potato,2006,298641,1110.0,3415.7,9.13
1838,Austria,maize,2007,103128,1110.0,3526.6,10.03
1839,Austria,potato,2007,294931,1110.0,3526.6,10.03
1842,Austria,maize,2008,113173,1110.0,4246.7,9.96
1843,Austria,potato,2008,331993,1110.0,4246.7,9.96
1846,Austria,maize,2009,108293,1110.0,3531.8,9.48
1847,Austria,potato,2009,324947,1110.0,3531.8,9.48
1850,Austria,maize,2010,97247,1110.0,3692.4,8.36
1851,Austria,potato,2010,305703,1110.0,3692.4,8.36
1855,Austria,maize,2011,112996,1110.0,3441.5,9.42
1856,Austria,potato,2011,357127,1110.0,3441.5,9.42
1860,Austria,maize,2012,107025,1110.0,3563.3,9.42
1861,Austria,potato,2012,305491,1110.0,3563.3,9.42
1865,Austria,maize,2013,81173,1110.0,3108.6,10.03
1866,Austria,potato,2013,285897,1110.0,3108.6,10.03
1870,Azerbaijan,maize,1992,18740,447.0,148.68,10.93
1871,Azerbaijan,potato,1992,82701,447.0,148.68,10.93
1872,Azerbaijan,rice,1992,7292,447.0,148.68,10.93
1876,Azerbaijan,maize,1993,13918,447.0,148.68,10.53
1877,Azerbaijan,potato,1993,78059,447.0,148.68,10.53
1878,Azerbaijan,rice,1993,9461,447.0,148.68,10.53
1882,Azerbaijan,maize,1994,14619,447.0,148.68,11.32
1883,Azerbaijan,potato,1994,82623,447.0,148.68,11.32
1884,Azerbaijan,rice,1994,10059,447.0,148.68,11.32
1888,Azerbaijan,maize,1995,11810,447.0,148.68,12.81
1889,Azerbaijan,potato,1995,97450,447.0,148.68,12.81
1890,Azerbaijan,rice,1995,19890,447.0,148.68,12.81
1894,Azerbaijan,maize,1996,17369,447.0,148.68,11.96
1895,Azerbaijan,potato,1996,101359,447.0,148.68,11.96
1896,Azerbaijan,rice,1996,36917,447.0,148.68,11.96
1900,Azerbaijan,maize,1997,24340,447.0,148.68,11.89
1901,Azerbaijan,potato,1997,82711,447.0,148.68,11.89
1902,Azerbaijan,rice,1997,46082,447.0,148.68,11.89
1906,Azerbaijan,maize,1998,29541,447.0,148.68,12.79
1907,Azerbaijan,potato,1998,95259,447.0,148.68,12.79
1908,Azerbaijan,rice,1998,48046,447.0,148.68,12.79
1912,Azerbaijan,maize,1999,35343,447.0,148.68,12.74
1913,Azerbaijan,potato,1999,95214,447.0,148.68,12.74
1914,Azerbaijan,rice,1999,44415,447.0,148.68,12.74
1917,Azerbaijan,maize,2000,32484,447.0,148.68,12.61
1918,Azerbaijan,potato,2000,89357,447.0,148.68,12.61
1919,Azerbaijan,rice,2000,50191,447.0,148.68,12.61
1923,Azerbaijan,maize,2001,37823,447.0,148.68,12.97
1924,Azerbaijan,potato,2001,109774,447.0,148.68,12.97
1925,Azerbaijan,rice,2001,48495,447.0,148.68,12.97
1928,Azerbaijan,maize,2002,43463,447.0,148.68,12.45
1929,Azerbaijan,potato,2002,121132,447.0,148.68,12.45
1930,Azerbaijan,rice,2002,46532,447.0,148.68,12.45
1932,Azerbaijan,maize,2004,46071,447.0,148.68,12.76
1933,Azerbaijan,potato,2004,141416,447.0,148.68,12.76
1934,Azerbaijan,rice,2004,39810,447.0,148.68,12.76
1937,Azerbaijan,maize,2005,47703,447.0,148.68,12.88
1938,Azerbaijan,potato,2005,153215,447.0,148.68,12.88
1939,Azerbaijan,rice,2005,35903,447.0,148.68,12.88
1942,Azerbaijan,maize,2006,45777,447.0,148.68,12.66
1943,Azerbaijan,potato,2006,149497,447.0,148.68,12.66
1944,Azerbaijan,rice,2006,42375,447.0,148.68,12.66
1948,Azerbaijan,maize,2007,46175,447.0,148.68,12.75
1949,Azerbaijan,potato,2007,154570,447.0,148.68,12.75
1950,Azerbaijan,rice,2007,33886,447.0,148.68,12.75
1953,Azerbaijan,maize,2008,47784,447.0,262.99,12.3
1954,Azerbaijan,potato,2008,156430,447.0,262.99,12.3
1955,Azerbaijan,rice,2008,27973,447.0,262.99,12.3
1959,Azerbaijan,maize,2009,47990,447.0,316.18,12.6
1960,Azerbaijan,potato,2009,149950,447.0,316.18,12.6
1961,Azerbaijan,rice,2009,25279,447.0,316.18,12.6
1964,Azerbaijan,maize,2010,45551,447.0,333.85,13.85
1965,Azerbaijan,potato,2010,144945,447.0,333.85,13.85
1966,Azerbaijan,rice,2010,23963,447.0,333.85,13.85
1969,Azerbaijan,maize,2011,45460,447.0,461.84,11.79
1970,Azerbaijan,potato,2011,143973,447.0,461.84,11.79
1971,Azerbaijan,rice,2011,20947,447.0,461.84,11.79
1974,Azerbaijan,maize,2012,51029,447.0,516.35,13.0
1975,Azerbaijan,potato,2012,146740,447.0,516.35,13.0
1976,Azerbaijan,rice,2012,22249,447.0,516.35,13.0
1980,Azerbaijan,maize,2013,53903,447.0,489.8,14.12
1981,Azerbaijan,potato,2013,151999,447.0,489.8,14.12
1982,Azerbaijan,rice,2013,22808,447.0,489.8,14.12
1987,Bahamas,maize,1992,16667,1292.0,484.59,25.1
1988,Bahamas,potato,1992,31586,1292.0,484.59,25.1
1990,Bahamas,maize,1993,16000,1292.0,484.59,25.26
1991,Bahamas,potato,1993,31571,1292.0,484.59,25.26
1993,Bahamas,maize,1994,17931,1292.0,484.59,25.73
1994,Bahamas,potato,1994,31254,1292.0,484.59,25.73
1996,Bahamas,maize,1995,17931,1292.0,484.59,25.44
1997,Bahamas,potato,1995,30714,1292.0,484.59,25.44
1999,Bahamas,maize,1996,17931,1292.0,484.59,25.06
2000,Bahamas,potato,1996,31324,1292.0,484.59,25.06
2002,Bahamas,maize,1997,17400,1292.0,484.59,25.81
2003,Bahamas,potato,1997,30800,1292.0,484.59,25.81
2005,Bahamas,maize,1998,19842,1292.0,484.59,25.94
2006,Bahamas,potato,1998,31724,1292.0,484.59,25.94
2008,Bahamas,maize,1999,21657,1292.0,484.59,25.31
2009,Bahamas,potato,1999,38088,1292.0,484.59,25.31
2011,Bahamas,maize,2000,24762,1292.0,484.59,25.16
2012,Bahamas,potato,2000,35304,1292.0,484.59,25.16
2014,Bahamas,maize,2001,30000,1292.0,375.89,25.23
2015,Bahamas,potato,2001,30556,1292.0,375.89,25.23
2017,Bahamas,maize,2002,30500,1292.0,384.23,25.79
2018,Bahamas,potato,2002,34792,1292.0,384.23,25.79
2020,Bahamas,maize,2004,35500,1292.0,269.66,25.46
2021,Bahamas,potato,2004,33846,1292.0,269.66,25.46
2023,Bahamas,maize,2005,36000,1292.0,315.74,25.43
2024,Bahamas,potato,2005,34323,1292.0,315.74,25.43
2026,Bahamas,maize,2006,38000,1292.0,268.2,25.34
2027,Bahamas,potato,2006,34519,1292.0,268.2,25.34
2029,Bahamas,maize,2007,40000,1292.0,268.2,25.71
2030,Bahamas,potato,2007,34364,1292.0,268.2,25.71
2032,Bahamas,maize,2008,47619,1292.0,268.2,25.63
2033,Bahamas,potato,2008,34462,1292.0,268.2,25.63
2035,Bahamas,maize,2009,60000,1292.0,268.2,25.46
2036,Bahamas,potato,2009,34560,1292.0,268.2,25.46
2038,Bahamas,maize,2010,75333,1292.0,268.2,24.77
2040,Bahamas,potato,2010,34658,1292.0,268.2,24.77
2042,Bahamas,maize,2011,73085,1292.0,268.2,25.76
2044,Bahamas,potato,2011,34757,1292.0,268.2,25.76
2046,Bahamas,maize,2012,73404,1292.0,268.2,25.46
2048,Bahamas,potato,2012,34855,1292.0,268.2,25.46
2050,Bahamas,maize,2013,74465,1292.0,268.2,25.88
2052,Bahamas,potato,2013,34953,1292.0,268.2,25.88
2053,Bahrain,potato,1990,186667,83.0,14.05,26.26
2054,Bahrain,potato,1990,116667,83.0,14.05,26.26
2055,Bahrain,potato,1991,206667,83.0,14.05,25.73
2056,Bahrain,potato,1991,120000,83.0,14.05,25.73
2057,Bahrain,potato,1992,188000,83.0,14.05,25.09
2058,Bahrain,potato,1992,112500,83.0,14.05,25.09
2059,Bahrain,potato,1993,162857,83.0,14.05,26.09
2060,Bahrain,potato,1993,116667,83.0,14.05,26.09
2061,Bahrain,potato,1994,147500,83.0,30.86,26.66
2062,Bahrain,potato,1994,125000,83.0,30.86,26.66
2063,Bahrain,potato,1995,166667,83.0,12.46,26.18
2064,Bahrain,potato,1995,120000,83.0,12.46,26.18
2065,Bahrain,potato,1996,125000,83.0,12.16,26.76
2066,Bahrain,potato,1997,160000,83.0,9.42,26.11
2067,Bahrain,potato,1998,160000,83.0,11.15,27.54
2068,Bahrain,potato,1999,100000,83.0,12.5,27.67
2069,Bahrain,potato,2000,103333,83.0,8.65,26.99
2070,Bahrain,potato,2001,110000,83.0,9.2,27.36
2071,Bahrain,potato,2002,190000,83.0,0.91,27.19
2072,Bahrain,potato,2004,180000,83.0,12.24,27.07
2073,Bahrain,potato,2005,100000,83.0,12.75,26.89
2074,Bahrain,potato,2006,130000,83.0,12.12,27.15
2075,Bahrain,potato,2007,255556,83.0,16.25,27.13
2076,Bahrain,potato,2008,210000,83.0,10.45,26.96
2077,Bahrain,potato,2009,166667,83.0,12.59,27.24
2078,Bahrain,potato,2010,155598,83.0,9.84,28.0
2079,Bahrain,potato,2011,171162,83.0,9.14,27.01
2080,Bahrain,potato,2012,177812,83.0,9.14,27.45
2081,Bahrain,potato,2013,179569,83.0,9.14,27.86
2082,Bangladesh,maize,1990,10015,2666.0,1266.0,25.98
2083,Bangladesh,maize,1990,10015,2666.0,1266.0,25.98
2084,Bangladesh,potato,1990,91410,2666.0,1266.0,25.98
2085,Bangladesh,potato,1990,91410,2666.0,1266.0,25.98
2086,Bangladesh,rice,1990,25661,2666.0,1266.0,25.98
2087,Bangladesh,rice,1990,25661,2666.0,1266.0,25.98
2090,Bangladesh,potato,1990,98316,2666.0,1266.0,25.98
2091,Bangladesh,potato,1990,98316,2666.0,1266.0,25.98
2094,Bangladesh,maize,1991,9781,2666.0,1287.0,25.85
2095,Bangladesh,maize,1991,9781,2666.0,1287.0,25.85
2096,Bangladesh,potato,1991,99868,2666.0,1287.0,25.85
2097,Bangladesh,potato,1991,99868,2666.0,1287.0,25.85
2098,Bangladesh,rice,1991,26592,2666.0,1287.0,25.85
2099,Bangladesh,rice,1991,26592,2666.0,1287.0,25.85
2102,Bangladesh,potato,1991,96481,2666.0,1287.0,25.85
2103,Bangladesh,potato,1991,96481,2666.0,1287.0,25.85
2106,Bangladesh,maize,1992,9319,2666.0,1453.0,25.86
2107,Bangladesh,maize,1992,9319,2666.0,1453.0,25.86
2108,Bangladesh,potato,1992,107931,2666.0,1453.0,25.86
2109,Bangladesh,potato,1992,107931,2666.0,1453.0,25.86
2110,Bangladesh,rice,1992,26893,2666.0,1453.0,25.86
2111,Bangladesh,rice,1992,26893,2666.0,1453.0,25.86
2114,Bangladesh,potato,1992,96477,2666.0,1453.0,25.86
2115,Bangladesh,potato,1992,96477,2666.0,1453.0,25.86
2118,Bangladesh,maize,1993,9351,2666.0,1487.0,25.73
2119,Bangladesh,maize,1993,9351,2666.0,1487.0,25.73
2120,Bangladesh,potato,1993,106787,2666.0,1487.0,25.73
2121,Bangladesh,potato,1993,106787,2666.0,1487.0,25.73
2122,Bangladesh,rice,1993,27185,2666.0,1487.0,25.73
2123,Bangladesh,rice,1993,27185,2666.0,1487.0,25.73
2126,Bangladesh,potato,1993,95714,2666.0,1487.0,25.73
2127,Bangladesh,potato,1993,95714,2666.0,1487.0,25.73
2130,Bangladesh,maize,1994,9042,2666.0,1594.5,25.91
2131,Bangladesh,maize,1994,9042,2666.0,1594.5,25.91
2132,Bangladesh,potato,1994,109570,2666.0,1594.5,25.91
2133,Bangladesh,potato,1994,109570,2666.0,1594.5,25.91
2134,Bangladesh,rice,1994,25328,2666.0,1594.5,25.91
2135,Bangladesh,rice,1994,25328,2666.0,1594.5,25.91
2138,Bangladesh,potato,1994,95373,2666.0,1594.5,25.91
2139,Bangladesh,potato,1994,95373,2666.0,1594.5,25.91
2142,Bangladesh,maize,1995,10700,2666.0,1702.0,26.09
2143,Bangladesh,maize,1995,10700,2666.0,1702.0,26.09
2144,Bangladesh,potato,1995,111665,2666.0,1702.0,26.09
2145,Bangladesh,potato,1995,111665,2666.0,1702.0,26.09
2146,Bangladesh,rice,1995,26527,2666.0,1702.0,26.09
2147,Bangladesh,rice,1995,26527,2666.0,1702.0,26.09
2150,Bangladesh,potato,1995,95186,2666.0,1702.0,26.09
2151,Bangladesh,potato,1995,95186,2666.0,1702.0,26.09
2154,Bangladesh,maize,1996,10166,2666.0,1919.0,26.15
2155,Bangladesh,maize,1996,10166,2666.0,1919.0,26.15
2156,Bangladesh,potato,1996,112741,2666.0,1919.0,26.15
2157,Bangladesh,potato,1996,112741,2666.0,1919.0,26.15
2158,Bangladesh,rice,1996,27629,2666.0,1919.0,26.15
2159,Bangladesh,rice,1996,27629,2666.0,1919.0,26.15
2162,Bangladesh,potato,1996,96081,2666.0,1919.0,26.15
2163,Bangladesh,potato,1996,96081,2666.0,1919.0,26.15
2166,Bangladesh,maize,1997,10914,2666.0,2035.0,25.55
2167,Bangladesh,maize,1997,10914,2666.0,2035.0,25.55
2168,Bangladesh,potato,1997,112551,2666.0,2035.0,25.55
2169,Bangladesh,potato,1997,112551,2666.0,2035.0,25.55
2170,Bangladesh,rice,1997,27431,2666.0,2035.0,25.55
2171,Bangladesh,rice,1997,27431,2666.0,2035.0,25.55
2174,Bangladesh,potato,1997,93946,2666.0,2035.0,25.55
2175,Bangladesh,potato,1997,93946,2666.0,2035.0,25.55
2178,Bangladesh,maize,1998,7339,2666.0,2068.0,26.13
2179,Bangladesh,maize,1998,7339,2666.0,2068.0,26.13
2180,Bangladesh,potato,1998,113972,2666.0,2068.0,26.13
2181,Bangladesh,potato,1998,113972,2666.0,2068.0,26.13
2182,Bangladesh,rice,1998,29358,2666.0,2068.0,26.13
2183,Bangladesh,rice,1998,29358,2666.0,2068.0,26.13
2186,Bangladesh,potato,1998,95325,2666.0,2068.0,26.13
2187,Bangladesh,potato,1998,95325,2666.0,2068.0,26.13
2190,Bangladesh,maize,1999,12346,2666.0,2532.0,26.31
2191,Bangladesh,maize,1999,12346,2666.0,2532.0,26.31
2192,Bangladesh,potato,1999,112810,2666.0,2532.0,26.31
2193,Bangladesh,potato,1999,112810,2666.0,2532.0,26.31
2194,Bangladesh,rice,1999,32139,2666.0,2532.0,26.31
2195,Bangladesh,rice,1999,32139,2666.0,2532.0,26.31
2198,Bangladesh,potato,1999,92786,2666.0,2532.0,26.31
2199,Bangladesh,potato,1999,92786,2666.0,2532.0,26.31
2202,Bangladesh,maize,2000,20597,2666.0,3170.0,25.91
2203,Bangladesh,maize,2000,20597,2666.0,3170.0,25.91
2204,Bangladesh,potato,2000,120591,2666.0,3170.0,25.91
2205,Bangladesh,potato,2000,120591,2666.0,3170.0,25.91
2206,Bangladesh,rice,2000,34836,2666.0,3170.0,25.91
2207,Bangladesh,rice,2000,34836,2666.0,3170.0,25.91
2210,Bangladesh,potato,2000,92479,2666.0,3170.0,25.91
2211,Bangladesh,potato,2000,92479,2666.0,3170.0,25.91
2214,Bangladesh,maize,2001,32216,2666.0,3295.78,25.93
2215,Bangladesh,maize,2001,32216,2666.0,3295.78,25.93
2216,Bangladesh,potato,2001,129163,2666.0,3295.78,25.93
2217,Bangladesh,potato,2001,129163,2666.0,3295.78,25.93
2218,Bangladesh,rice,2001,34020,2666.0,3295.78,25.93
2219,Bangladesh,rice,2001,34020,2666.0,3295.78,25.93
2222,Bangladesh,potato,2001,90907,2666.0,3295.78,25.93
2223,Bangladesh,potato,2001,90907,2666.0,3295.78,25.93
2226,Bangladesh,maize,2002,40349,2666.0,2954.29,26.1
2227,Bangladesh,maize,2002,40349,2666.0,2954.29,26.1
2228,Bangladesh,potato,2002,126010,2666.0,2954.29,26.1
2229,Bangladesh,potato,2002,126010,2666.0,2954.29,26.1
2230,Bangladesh,rice,2002,34902,2666.0,2954.29,26.1
2231,Bangladesh,rice,2002,34902,2666.0,2954.29,26.1
2234,Bangladesh,potato,2002,90919,2666.0,2954.29,26.1
2235,Bangladesh,potato,2002,90919,2666.0,2954.29,26.1
2238,Bangladesh,maize,2004,48243,2666.0,5587.81,26.14
2239,Bangladesh,maize,2004,48243,2666.0,5587.81,26.14
2240,Bangladesh,potato,2004,144313,2666.0,5587.81,26.14
2241,Bangladesh,potato,2004,144313,2666.0,5587.81,26.14
2242,Bangladesh,rice,2004,35359,2666.0,5587.81,26.14
2243,Bangladesh,rice,2004,35359,2666.0,5587.81,26.14
2246,Bangladesh,potato,2004,89459,2666.0,5587.81,26.14
2247,Bangladesh,potato,2004,89459,2666.0,5587.81,26.14
2250,Bangladesh,maize,2005,53311,2666.0,7605.01,26.19
2251,Bangladesh,maize,2005,53311,2666.0,7605.01,26.19
2252,Bangladesh,potato,2005,148805,2666.0,7605.01,26.19
2253,Bangladesh,potato,2005,148805,2666.0,7605.01,26.19
2254,Bangladesh,rice,2005,37814,2666.0,7605.01,26.19
2255,Bangladesh,rice,2005,37814,2666.0,7605.01,26.19
2260,Bangladesh,potato,2005,88704,2666.0,7605.01,26.19
2261,Bangladesh,potato,2005,88704,2666.0,7605.01,26.19
2264,Bangladesh,maize,2006,52998,2666.0,9074.43,26.44
2265,Bangladesh,maize,2006,52998,2666.0,9074.43,26.44
2266,Bangladesh,potato,2006,143848,2666.0,9074.43,26.44
2267,Bangladesh,potato,2006,143848,2666.0,9074.43,26.44
2268,Bangladesh,rice,2006,38541,2666.0,9074.43,26.44
2269,Bangladesh,rice,2006,38541,2666.0,9074.43,26.44
2274,Bangladesh,potato,2006,90254,2666.0,9074.43,26.44
2275,Bangladesh,potato,2006,90254,2666.0,9074.43,26.44
2278,Bangladesh,maize,2007,59812,2666.0,10962.31,25.95
2279,Bangladesh,maize,2007,59812,2666.0,10962.31,25.95
2280,Bangladesh,potato,2007,149768,2666.0,10962.31,25.95
2281,Bangladesh,potato,2007,149768,2666.0,10962.31,25.95
2282,Bangladesh,rice,2007,40833,2666.0,10962.31,25.95
2283,Bangladesh,rice,2007,40833,2666.0,10962.31,25.95
2288,Bangladesh,potato,2007,90479,2666.0,10962.31,25.95
2289,Bangladesh,potato,2007,90479,2666.0,10962.31,25.95
2292,Bangladesh,maize,2008,60172,2666.0,12936.5,26.0
2293,Bangladesh,maize,2008,60172,2666.0,12936.5,26.0
2294,Bangladesh,potato,2008,165373,2666.0,12936.5,26.0
2295,Bangladesh,potato,2008,165373,2666.0,12936.5,26.0
2296,Bangladesh,rice,2008,41441,2666.0,12936.5,26.0
2297,Bangladesh,rice,2008,41441,2666.0,12936.5,26.0
2302,Bangladesh,potato,2008,97290,2666.0,12936.5,26.0
2303,Bangladesh,potato,2008,97290,2666.0,12936.5,26.0
2306,Bangladesh,maize,2009,56831,2666.0,13790.09,26.54
2307,Bangladesh,maize,2009,56831,2666.0,13790.09,26.54
2308,Bangladesh,potato,2009,133367,2666.0,13790.09,26.54
2309,Bangladesh,potato,2009,133367,2666.0,13790.09,26.54
2310,Bangladesh,rice,2009,42404,2666.0,13790.09,26.54
2311,Bangladesh,rice,2009,42404,2666.0,13790.09,26.54
2316,Bangladesh,potato,2009,96232,2666.0,13790.09,26.54
2317,Bangladesh,potato,2009,96232,2666.0,13790.09,26.54
2320,Bangladesh,maize,2010,58378,2666.0,13283.72,26.65
2321,Bangladesh,maize,2010,58378,2666.0,13283.72,26.65
2322,Bangladesh,potato,2010,182299,2666.0,13283.72,26.65
2323,Bangladesh,potato,2010,182299,2666.0,13283.72,26.65
2324,Bangladesh,rice,2010,43422,2666.0,13283.72,26.65
2325,Bangladesh,rice,2010,43422,2666.0,13283.72,26.65
2330,Bangladesh,potato,2010,98688,2666.0,13283.72,26.65
2331,Bangladesh,potato,2010,98688,2666.0,13283.72,26.65
2334,Bangladesh,maize,2011,61512,2666.0,14798.28,25.8
2335,Bangladesh,maize,2011,61512,2666.0,14798.28,25.8
2336,Bangladesh,potato,2011,180931,2666.0,14798.28,25.8
2337,Bangladesh,potato,2011,180931,2666.0,14798.28,25.8
2338,Bangladesh,rice,2011,43917,2666.0,14798.28,25.8
2339,Bangladesh,rice,2011,43917,2666.0,14798.28,25.8
2344,Bangladesh,potato,2011,97962,2666.0,14798.28,25.8
2345,Bangladesh,potato,2011,97962,2666.0,14798.28,25.8
2348,Bangladesh,maize,2012,65838,2666.0,13289.18,26.28
2349,Bangladesh,maize,2012,65838,2666.0,13289.18,26.28
2350,Bangladesh,potato,2012,190627,2666.0,13289.18,26.28
2351,Bangladesh,potato,2012,190627,2666.0,13289.18,26.28
2352,Bangladesh,rice,2012,44206,2666.0,13289.18,26.28
2353,Bangladesh,rice,2012,44206,2666.0,13289.18,26.28
2358,Bangladesh,potato,2012,102939,2666.0,13289.18,26.28
2359,Bangladesh,potato,2012,102939,2666.0,13289.18,26.28
2362,Bangladesh,maize,2013,65953,2666.0,15330.16,26.59
2363,Bangladesh,maize,2013,65953,2666.0,15330.16,26.59
2364,Bangladesh,potato,2013,193790,2666.0,15330.16,26.59
2365,Bangladesh,potato,2013,193790,2666.0,15330.16,26.59
2366,Bangladesh,rice,2013,45317,2666.0,15330.16,26.59
2367,Bangladesh,rice,2013,45317,2666.0,15330.16,26.59
2372,Bangladesh,potato,2013,97019,2666.0,15330.16,26.59
2373,Bangladesh,potato,2013,97019,2666.0,15330.16,26.59
2376,Belarus,maize,1992,30000,618.0,8306.31,6.74
2377,Belarus,potato,1992,115326,618.0,8306.31,6.74
2379,Belarus,maize,1993,12000,618.0,8306.31,5.61
2380,Belarus,potato,1993,155463,618.0,8306.31,5.61
2382,Belarus,maize,1994,5000,618.0,8306.31,6.26
2383,Belarus,potato,1994,118235,618.0,8306.31,6.26
2385,Belarus,maize,1995,24545,618.0,8306.31,6.68
2386,Belarus,potato,1995,131092,618.0,8306.31,6.68
2388,Belarus,maize,1996,23000,618.0,8306.31,5.32
2389,Belarus,potato,1996,151328,618.0,8306.31,5.32
2391,Belarus,maize,1997,20333,618.0,8306.31,5.98
2392,Belarus,potato,1997,99173,618.0,8306.31,5.98
2394,Belarus,maize,1998,26522,618.0,8306.31,6.11
2395,Belarus,potato,1998,108971,618.0,8306.31,6.11
2397,Belarus,maize,1999,26053,618.0,8306.31,7.38
2398,Belarus,potato,1999,113330,618.0,8306.31,7.38
2400,Belarus,maize,2000,23077,618.0,8306.31,7.52
2401,Belarus,potato,2000,131888,618.0,8306.31,7.52
2403,Belarus,maize,2001,25917,618.0,8306.31,6.71
2404,Belarus,potato,2001,122132,618.0,8306.31,6.71
2406,Belarus,maize,2002,32889,618.0,8306.31,7.34
2407,Belarus,potato,2002,134922,618.0,8306.31,7.34
2409,Belarus,maize,2004,35297,618.0,8306.31,6.49
2410,Belarus,potato,2004,195459,618.0,8306.31,6.49
2412,Belarus,maize,2005,39965,618.0,8306.31,6.53
2413,Belarus,potato,2005,177299,618.0,8306.31,6.53
2415,Belarus,maize,2006,39390,618.0,8306.31,6.6
2416,Belarus,potato,2006,191956,618.0,8306.31,6.6
2418,Belarus,maize,2007,50653,618.0,8306.31,7.51
2419,Belarus,potato,2007,211948,618.0,8306.31,7.51
2421,Belarus,maize,2008,43890,618.0,8306.31,7.75
2422,Belarus,potato,2008,220735,618.0,8306.31,7.75
2424,Belarus,maize,2009,46818,618.0,8306.31,6.75
2425,Belarus,potato,2009,186040,618.0,8306.31,6.75
2427,Belarus,maize,2010,49306,618.0,8306.31,6.71
2428,Belarus,potato,2010,213518,618.0,8306.31,6.71
2430,Belarus,maize,2011,65950,618.0,8306.31,7.29
2431,Belarus,potato,2011,209564,618.0,8306.31,7.29
2433,Belarus,maize,2012,50407,618.0,9578.67,6.33
2434,Belarus,potato,2012,208131,618.0,9578.67,6.33
2436,Belarus,maize,2013,55656,618.0,9163.51,7.83
2437,Belarus,potato,2013,193536,618.0,9163.51,7.83
2439,Belgium,maize,2000,111006,847.0,9560.49,11.37
2440,Belgium,potato,2000,444058,847.0,9560.49,11.37
2442,Belgium,maize,2001,113522,847.0,8529.07,10.94
2443,Belgium,potato,2001,412267,847.0,8529.07,10.94
2445,Belgium,maize,2002,111962,847.0,9204.0,11.44
2446,Belgium,potato,2002,471475,847.0,9204.0,11.44
2448,Belgium,maize,2004,122246,847.0,9186.0,10.94
2449,Belgium,potato,2004,483955,847.0,9186.0,10.94
2451,Belgium,maize,2005,116872,847.0,9776.0,11.16
2452,Belgium,potato,2005,428135,847.0,9776.0,11.16
2454,Belgium,maize,2006,101929,847.0,8244.02,11.48
2455,Belgium,potato,2006,385452,847.0,8244.02,11.48
2457,Belgium,maize,2007,131278,847.0,6712.05,11.52
2458,Belgium,potato,2007,469491,847.0,6712.05,11.52
2460,Belgium,maize,2008,119258,847.0,6516.47,10.9
2461,Belgium,potato,2008,460711,847.0,6516.47,10.9
2463,Belgium,maize,2009,121174,847.0,5496.04,11.0
2464,Belgium,potato,2009,447083,847.0,5496.04,11.0
2466,Belgium,maize,2010,119283,847.0,4644.53,9.74
2467,Belgium,potato,2010,422676,847.0,4644.53,9.74
2469,Belgium,maize,2011,119360,847.0,5740.44,11.69
2470,Belgium,potato,2011,501412,847.0,5740.44,11.69
2472,Belgium,maize,2012,102438,847.0,6139.3,10.68
2473,Belgium,potato,2012,454233,847.0,6139.3,10.68
2475,Belgium,maize,2013,111500,847.0,5905.6,10.36
2476,Belgium,potato,2013,454642,847.0,5905.6,10.36
2478,Botswana,maize,1990,2899,416.0,17.0,19.54
2481,Botswana,maize,1991,3962,416.0,19.0,19.29
2484,Botswana,maize,1992,1899,416.0,17.0,20.59
2487,Botswana,maize,1993,1353,416.0,17.0,19.97
2490,Botswana,maize,1994,1698,416.0,17.0,19.26
2493,Botswana,maize,1995,9477,416.0,17.0,19.96
2496,Botswana,maize,1996,2463,416.0,17.0,19.1
2499,Botswana,maize,1997,2867,416.0,17.0,19.26
2502,Botswana,maize,1998,910,416.0,17.0,20.05
2505,Botswana,maize,1999,1111,416.0,17.0,20.24
2508,Botswana,maize,2000,1123,416.0,17.0,18.97
2511,Botswana,maize,2001,1992,416.0,17.0,19.36
2514,Botswana,maize,2002,2947,416.0,17.0,19.89
2517,Botswana,maize,2004,1743,416.0,17.0,19.41
2520,Botswana,maize,2005,2297,416.0,17.0,20.42
2523,Botswana,maize,2006,2511,416.0,17.0,18.97
2526,Botswana,maize,2007,1219,416.0,17.0,19.71
2529,Botswana,maize,2008,1844,416.0,17.0,19.63
2532,Botswana,maize,2009,2429,416.0,17.0,19.25
2534,Botswana,maize,2010,1617,416.0,17.0,19.98
2536,Botswana,maize,2011,3473,416.0,17.0,19.19
2538,Botswana,maize,2012,1370,416.0,17.0,19.83
2540,Botswana,maize,2013,849,416.0,17.0,18.69
2553,Brazil,maize,1990,18735,1761.0,49695.0,21.88
2554,Brazil,maize,1990,18735,1761.0,49695.0,20.29
2555,Brazil,maize,1990,18735,1761.0,49695.0,17.77
2556,Brazil,maize,1990,18735,1761.0,49695.0,17.77
2557,Brazil,maize,1990,18735,1761.0,49695.0,27.65
2558,Brazil,maize,1990,18735,1761.0,49695.0,20.29
2559,Brazil,maize,1990,18735,1761.0,49695.0,27.07
2560,Brazil,maize,1990,18735,1761.0,49695.0,18.47
2561,Brazil,maize,1990,18735,1761.0,49695.0,25.76
2562,Brazil,maize,1990,18735,1761.0,49695.0,24.64
2563,Brazil,maize,1990,18735,1761.0,49695.0,25.29
2564,Brazil,potato,1990,141084,1761.0,49695.0,21.88
2565,Brazil,potato,1990,141084,1761.0,49695.0,20.29
2566,Brazil,potato,1990,141084,1761.0,49695.0,17.77
2567,Brazil,potato,1990,141084,1761.0,49695.0,17.77
2568,Brazil,potato,1990,141084,1761.0,49695.0,27.65
2569,Brazil,potato,1990,141084,1761.0,49695.0,20.29
2570,Brazil,potato,1990,141084,1761.0,49695.0,27.07
2571,Brazil,potato,1990,141084,1761.0,49695.0,18.47
2572,Brazil,potato,1990,141084,1761.0,49695.0,25.76
2573,Brazil,potato,1990,141084,1761.0,49695.0,24.64
2574,Brazil,potato,1990,141084,1761.0,49695.0,25.29
2575,Brazil,rice,1990,18803,1761.0,49695.0,21.88
2576,Brazil,rice,1990,18803,1761.0,49695.0,20.29
2577,Brazil,rice,1990,18803,1761.0,49695.0,17.77
2578,Brazil,rice,1990,18803,1761.0,49695.0,17.77
2579,Brazil,rice,1990,18803,1761.0,49695.0,27.65
2580,Brazil,rice,1990,18803,1761.0,49695.0,20.29
2581,Brazil,rice,1990,18803,1761.0,49695.0,27.07
2582,Brazil,rice,1990,18803,1761.0,49695.0,18.47
2583,Brazil,rice,1990,18803,1761.0,49695.0,25.76
2584,Brazil,rice,1990,18803,1761.0,49695.0,24.64
2585,Brazil,rice,1990,18803,1761.0,49695.0,25.29
2608,Brazil,potato,1990,101661,1761.0,49695.0,21.88
2609,Brazil,potato,1990,101661,1761.0,49695.0,20.29
2610,Brazil,potato,1990,101661,1761.0,49695.0,17.77
2611,Brazil,potato,1990,101661,1761.0,49695.0,17.77
2612,Brazil,potato,1990,101661,1761.0,49695.0,27.65
2613,Brazil,potato,1990,101661,1761.0,49695.0,20.29
2614,Brazil,potato,1990,101661,1761.0,49695.0,27.07
2615,Brazil,potato,1990,101661,1761.0,49695.0,18.47
2616,Brazil,potato,1990,101661,1761.0,49695.0,25.76
2617,Brazil,potato,1990,101661,1761.0,49695.0,24.64
2618,Brazil,potato,1990,101661,1761.0,49695.0,25.29
2652,Brazil,maize,1991,18084,1761.0,58349.44,21.43
2653,Brazil,maize,1991,18084,1761.0,58349.44,20.13
2654,Brazil,maize,1991,18084,1761.0,58349.44,17.95
2655,Brazil,maize,1991,18084,1761.0,58349.44,17.95
2656,Brazil,maize,1991,18084,1761.0,58349.44,27.34
2657,Brazil,maize,1991,18084,1761.0,58349.44,20.13
2658,Brazil,maize,1991,18084,1761.0,58349.44,27.21
2659,Brazil,maize,1991,18084,1761.0,58349.44,19.11
2660,Brazil,maize,1991,18084,1761.0,58349.44,25.57
2661,Brazil,maize,1991,18084,1761.0,58349.44,24.25
2662,Brazil,maize,1991,18084,1761.0,58349.44,25.06
2663,Brazil,potato,1991,140264,1761.0,58349.44,21.43
2664,Brazil,potato,1991,140264,1761.0,58349.44,20.13
2665,Brazil,potato,1991,140264,1761.0,58349.44,17.95
2666,Brazil,potato,1991,140264,1761.0,58349.44,17.95
2667,Brazil,potato,1991,140264,1761.0,58349.44,27.34
2668,Brazil,potato,1991,140264,1761.0,58349.44,20.13
2669,Brazil,potato,1991,140264,1761.0,58349.44,27.21
2670,Brazil,potato,1991,140264,1761.0,58349.44,19.11
2671,Brazil,potato,1991,140264,1761.0,58349.44,25.57
2672,Brazil,potato,1991,140264,1761.0,58349.44,24.25
2673,Brazil,potato,1991,140264,1761.0,58349.44,25.06
2674,Brazil,rice,1991,23020,1761.0,58349.44,21.43
2675,Brazil,rice,1991,23020,1761.0,58349.44,20.13
2676,Brazil,rice,1991,23020,1761.0,58349.44,17.95
2677,Brazil,rice,1991,23020,1761.0,58349.44,17.95
2678,Brazil,rice,1991,23020,1761.0,58349.44,27.34
2679,Brazil,rice,1991,23020,1761.0,58349.44,20.13
2680,Brazil,rice,1991,23020,1761.0,58349.44,27.21
2681,Brazil,rice,1991,23020,1761.0,58349.44,19.11
2682,Brazil,rice,1991,23020,1761.0,58349.44,25.57
2683,Brazil,rice,1991,23020,1761.0,58349.44,24.25
2684,Brazil,rice,1991,23020,1761.0,58349.44,25.06
2707,Brazil,potato,1991,101504,1761.0,58349.44,21.43
2708,Brazil,potato,1991,101504,1761.0,58349.44,20.13
2709,Brazil,potato,1991,101504,1761.0,58349.44,17.95
2710,Brazil,potato,1991,101504,1761.0,58349.44,17.95
2711,Brazil,potato,1991,101504,1761.0,58349.44,27.34
2712,Brazil,potato,1991,101504,1761.0,58349.44,20.13
2713,Brazil,potato,1991,101504,1761.0,58349.44,27.21
2714,Brazil,potato,1991,101504,1761.0,58349.44,19.11
2715,Brazil,potato,1991,101504,1761.0,58349.44,25.57
2716,Brazil,potato,1991,101504,1761.0,58349.44,24.25
2717,Brazil,potato,1991,101504,1761.0,58349.44,25.06
2751,Brazil,maize,1992,22828,1761.0,67003.89,21.35
2752,Brazil,maize,1992,22828,1761.0,67003.89,20.21
2753,Brazil,maize,1992,22828,1761.0,67003.89,17.8
2754,Brazil,maize,1992,22828,1761.0,67003.89,17.8
2755,Brazil,maize,1992,22828,1761.0,67003.89,27.58
2756,Brazil,maize,1992,22828,1761.0,67003.89,20.21
2757,Brazil,maize,1992,22828,1761.0,67003.89,27.42
2758,Brazil,maize,1992,22828,1761.0,67003.89,18.72
2759,Brazil,maize,1992,22828,1761.0,67003.89,25.61
2760,Brazil,maize,1992,22828,1761.0,67003.89,24.24
2761,Brazil,maize,1992,22828,1761.0,67003.89,24.97
2762,Brazil,potato,1992,140432,1761.0,67003.89,21.35
2763,Brazil,potato,1992,140432,1761.0,67003.89,20.21
2764,Brazil,potato,1992,140432,1761.0,67003.89,17.8
2765,Brazil,potato,1992,140432,1761.0,67003.89,17.8
2766,Brazil,potato,1992,140432,1761.0,67003.89,27.58
2767,Brazil,potato,1992,140432,1761.0,67003.89,20.21
2768,Brazil,potato,1992,140432,1761.0,67003.89,27.42
2769,Brazil,potato,1992,140432,1761.0,67003.89,18.72
2770,Brazil,potato,1992,140432,1761.0,67003.89,25.61
2771,Brazil,potato,1992,140432,1761.0,67003.89,24.24
2772,Brazil,potato,1992,140432,1761.0,67003.89,24.97
2773,Brazil,rice,1992,21349,1761.0,67003.89,21.35
2774,Brazil,rice,1992,21349,1761.0,67003.89,20.21
2775,Brazil,rice,1992,21349,1761.0,67003.89,17.8
2776,Brazil,rice,1992,21349,1761.0,67003.89,17.8
2777,Brazil,rice,1992,21349,1761.0,67003.89,27.58
2778,Brazil,rice,1992,21349,1761.0,67003.89,20.21
2779,Brazil,rice,1992,21349,1761.0,67003.89,27.42
2780,Brazil,rice,1992,21349,1761.0,67003.89,18.72
2781,Brazil,rice,1992,21349,1761.0,67003.89,25.61
2782,Brazil,rice,1992,21349,1761.0,67003.89,24.24
2783,Brazil,rice,1992,21349,1761.0,67003.89,24.97
2806,Brazil,potato,1992,104452,1761.0,67003.89,21.35
2807,Brazil,potato,1992,104452,1761.0,67003.89,20.21
2808,Brazil,potato,1992,104452,1761.0,67003.89,17.8
2809,Brazil,potato,1992,104452,1761.0,67003.89,17.8
2810,Brazil,potato,1992,104452,1761.0,67003.89,27.58
2811,Brazil,potato,1992,104452,1761.0,67003.89,20.21
2812,Brazil,potato,1992,104452,1761.0,67003.89,27.42
2813,Brazil,potato,1992,104452,1761.0,67003.89,18.72
2814,Brazil,potato,1992,104452,1761.0,67003.89,25.61
2815,Brazil,potato,1992,104452,1761.0,67003.89,24.24
2816,Brazil,potato,1992,104452,1761.0,67003.89,24.97
2850,Brazil,maize,1993,25321,1761.0,75658.33,21.94
2851,Brazil,maize,1993,25321,1761.0,75658.33,20.49
2852,Brazil,maize,1993,25321,1761.0,75658.33,17.93
2853,Brazil,maize,1993,25321,1761.0,75658.33,17.93
2854,Brazil,maize,1993,25321,1761.0,75658.33,28.18
2855,Brazil,maize,1993,25321,1761.0,75658.33,20.49
2856,Brazil,maize,1993,25321,1761.0,75658.33,26.89
2857,Brazil,maize,1993,25321,1761.0,75658.33,18.69
2858,Brazil,maize,1993,25321,1761.0,75658.33,26.06
2859,Brazil,maize,1993,25321,1761.0,75658.33,24.65
2860,Brazil,maize,1993,25321,1761.0,75658.33,25.41
2861,Brazil,potato,1993,146090,1761.0,75658.33,21.94
2862,Brazil,potato,1993,146090,1761.0,75658.33,20.49
2863,Brazil,potato,1993,146090,1761.0,75658.33,17.93
2864,Brazil,potato,1993,146090,1761.0,75658.33,17.93
2865,Brazil,potato,1993,146090,1761.0,75658.33,28.18
2866,Brazil,potato,1993,146090,1761.0,75658.33,20.49
2867,Brazil,potato,1993,146090,1761.0,75658.33,26.89
2868,Brazil,potato,1993,146090,1761.0,75658.33,18.69
2869,Brazil,potato,1993,146090,1761.0,75658.33,26.06
2870,Brazil,potato,1993,146090,1761.0,75658.33,24.65
2871,Brazil,potato,1993,146090,1761.0,75658.33,25.41
2872,Brazil,rice,1993,22912,1761.0,75658.33,21.94
2873,Brazil,rice,1993,22912,1761.0,75658.33,20.49
2874,Brazil,rice,1993,22912,1761.0,75658.33,17.93
2875,Brazil,rice,1993,22912,1761.0,75658.33,17.93
2876,Brazil,rice,1993,22912,1761.0,75658.33,28.18
2877,Brazil,rice,1993,22912,1761.0,75658.33,20.49
2878,Brazil,rice,1993,22912,1761.0,75658.33,26.89
2879,Brazil,rice,1993,22912,1761.0,75658.33,18.69
2880,Brazil,rice,1993,22912,1761.0,75658.33,26.06
2881,Brazil,rice,1993,22912,1761.0,75658.33,24.65
2882,Brazil,rice,1993,22912,1761.0,75658.33,25.41
2905,Brazil,potato,1993,107920,1761.0,75658.33,21.94
2906,Brazil,potato,1993,107920,1761.0,75658.33,20.49
2907,Brazil,potato,1993,107920,1761.0,75658.33,17.93
2908,Brazil,potato,1993,107920,1761.0,75658.33,17.93
2909,Brazil,potato,1993,107920,1761.0,75658.33,28.18
2910,Brazil,potato,1993,107920,1761.0,75658.33,20.49
2911,Brazil,potato,1993,107920,1761.0,75658.33,26.89
2912,Brazil,potato,1993,107920,1761.0,75658.33,18.69
2913,Brazil,potato,1993,107920,1761.0,75658.33,26.06
2914,Brazil,potato,1993,107920,1761.0,75658.33,24.65
2915,Brazil,potato,1993,107920,1761.0,75658.33,25.41
2949,Brazil,maize,1994,23629,1761.0,84312.78,21.91
2950,Brazil,maize,1994,23629,1761.0,84312.78,20.77
2951,Brazil,maize,1994,23629,1761.0,84312.78,18.42
2952,Brazil,maize,1994,23629,1761.0,84312.78,18.42
2953,Brazil,maize,1994,23629,1761.0,84312.78,27.53
2954,Brazil,maize,1994,23629,1761.0,84312.78,20.77
2955,Brazil,maize,1994,23629,1761.0,84312.78,26.9
2956,Brazil,maize,1994,23629,1761.0,84312.78,19.15
2957,Brazil,maize,1994,23629,1761.0,84312.78,26.05
2958,Brazil,maize,1994,23629,1761.0,84312.78,24.71
2959,Brazil,maize,1994,23629,1761.0,84312.78,25.42
2960,Brazil,potato,1994,144802,1761.0,84312.78,21.91
2961,Brazil,potato,1994,144802,1761.0,84312.78,20.77
2962,Brazil,potato,1994,144802,1761.0,84312.78,18.42
2963,Brazil,potato,1994,144802,1761.0,84312.78,18.42
2964,Brazil,potato,1994,144802,1761.0,84312.78,27.53
2965,Brazil,potato,1994,144802,1761.0,84312.78,20.77
2966,Brazil,potato,1994,144802,1761.0,84312.78,26.9
2967,Brazil,potato,1994,144802,1761.0,84312.78,19.15
2968,Brazil,potato,1994,144802,1761.0,84312.78,26.05
2969,Brazil,potato,1994,144802,1761.0,84312.78,24.71
2970,Brazil,potato,1994,144802,1761.0,84312.78,25.42
2971,Brazil,rice,1994,23876,1761.0,84312.78,21.91
2972,Brazil,rice,1994,23876,1761.0,84312.78,20.77
2973,Brazil,rice,1994,23876,1761.0,84312.78,18.42
2974,Brazil,rice,1994,23876,1761.0,84312.78,18.42
2975,Brazil,rice,1994,23876,1761.0,84312.78,27.53
2976,Brazil,rice,1994,23876,1761.0,84312.78,20.77
2977,Brazil,rice,1994,23876,1761.0,84312.78,26.9
2978,Brazil,rice,1994,23876,1761.0,84312.78,19.15
2979,Brazil,rice,1994,23876,1761.0,84312.78,26.05
2980,Brazil,rice,1994,23876,1761.0,84312.78,24.71
2981,Brazil,rice,1994,23876,1761.0,84312.78,25.42
3004,Brazil,potato,1994,113070,1761.0,84312.78,21.91
3005,Brazil,potato,1994,113070,1761.0,84312.78,20.77
3006,Brazil,potato,1994,113070,1761.0,84312.78,18.42
3007,Brazil,potato,1994,113070,1761.0,84312.78,18.42
3008,Brazil,potato,1994,113070,1761.0,84312.78,27.53
3009,Brazil,potato,1994,113070,1761.0,84312.78,20.77
3010,Brazil,potato,1994,113070,1761.0,84312.78,26.9
3011,Brazil,potato,1994,113070,1761.0,84312.78,19.15
3012,Brazil,potato,1994,113070,1761.0,84312.78,26.05
3013,Brazil,potato,1994,113070,1761.0,84312.78,24.71
3014,Brazil,potato,1994,113070,1761.0,84312.78,25.42
3048,Brazil,maize,1995,26005,1761.0,92967.22,22.07
3049,Brazil,maize,1995,26005,1761.0,92967.22,20.61
3050,Brazil,maize,1995,26005,1761.0,92967.22,18.27
3051,Brazil,maize,1995,26005,1761.0,92967.22,18.27
3052,Brazil,maize,1995,26005,1761.0,92967.22,27.52
3053,Brazil,maize,1995,26005,1761.0,92967.22,20.61
3054,Brazil,maize,1995,26005,1761.0,92967.22,27.34
3055,Brazil,maize,1995,26005,1761.0,92967.22,18.89
3056,Brazil,maize,1995,26005,1761.0,92967.22,26.05
3057,Brazil,maize,1995,26005,1761.0,92967.22,24.77
3058,Brazil,maize,1995,26005,1761.0,92967.22,25.65
3059,Brazil,potato,1995,152304,1761.0,92967.22,22.07
3060,Brazil,potato,1995,152304,1761.0,92967.22,20.61
3061,Brazil,potato,1995,152304,1761.0,92967.22,18.27
3062,Brazil,potato,1995,152304,1761.0,92967.22,18.27
3063,Brazil,potato,1995,152304,1761.0,92967.22,27.52
3064,Brazil,potato,1995,152304,1761.0,92967.22,20.61
3065,Brazil,potato,1995,152304,1761.0,92967.22,27.34
3066,Brazil,potato,1995,152304,1761.0,92967.22,18.89
3067,Brazil,potato,1995,152304,1761.0,92967.22,26.05
3068,Brazil,potato,1995,152304,1761.0,92967.22,24.77
3069,Brazil,potato,1995,152304,1761.0,92967.22,25.65
3070,Brazil,rice,1995,25668,1761.0,92967.22,22.07
3071,Brazil,rice,1995,25668,1761.0,92967.22,20.61
3072,Brazil,rice,1995,25668,1761.0,92967.22,18.27
3073,Brazil,rice,1995,25668,1761.0,92967.22,18.27
3074,Brazil,rice,1995,25668,1761.0,92967.22,27.52
3075,Brazil,rice,1995,25668,1761.0,92967.22,20.61
3076,Brazil,rice,1995,25668,1761.0,92967.22,27.34
3077,Brazil,rice,1995,25668,1761.0,92967.22,18.89
3078,Brazil,rice,1995,25668,1761.0,92967.22,26.05
3079,Brazil,rice,1995,25668,1761.0,92967.22,24.77
3080,Brazil,rice,1995,25668,1761.0,92967.22,25.65
3103,Brazil,potato,1995,110676,1761.0,92967.22,22.07
3104,Brazil,potato,1995,110676,1761.0,92967.22,20.61
3105,Brazil,potato,1995,110676,1761.0,92967.22,18.27
3106,Brazil,potato,1995,110676,1761.0,92967.22,18.27
3107,Brazil,potato,1995,110676,1761.0,92967.22,27.52
3108,Brazil,potato,1995,110676,1761.0,92967.22,20.61
3109,Brazil,potato,1995,110676,1761.0,92967.22,27.34
3110,Brazil,potato,1995,110676,1761.0,92967.22,18.89
3111,Brazil,potato,1995,110676,1761.0,92967.22,26.05
3112,Brazil,potato,1995,110676,1761.0,92967.22,24.77
3113,Brazil,potato,1995,110676,1761.0,92967.22,25.65
3147,Brazil,maize,1996,24761,1761.0,101621.67,21.56
3148,Brazil,maize,1996,24761,1761.0,101621.67,20.18
3149,Brazil,maize,1996,24761,1761.0,101621.67,17.83
3150,Brazil,maize,1996,24761,1761.0,101621.67,17.83
3151,Brazil,maize,1996,24761,1761.0,101621.67,27.6
3152,Brazil,maize,1996,24761,1761.0,101621.67,20.18
3153,Brazil,maize,1996,24761,1761.0,101621.67,27.07
3154,Brazil,maize,1996,24761,1761.0,101621.67,18.63
3155,Brazil,maize,1996,24761,1761.0,101621.67,25.94
3156,Brazil,maize,1996,24761,1761.0,101621.67,24.28
3157,Brazil,maize,1996,24761,1761.0,101621.67,25.45
3158,Brazil,potato,1996,146506,1761.0,101621.67,21.56
3159,Brazil,potato,1996,146506,1761.0,101621.67,20.18
3160,Brazil,potato,1996,146506,1761.0,101621.67,17.83
3161,Brazil,potato,1996,146506,1761.0,101621.67,17.83
3162,Brazil,potato,1996,146506,1761.0,101621.67,27.6
3163,Brazil,potato,1996,146506,1761.0,101621.67,20.18
3164,Brazil,potato,1996,146506,1761.0,101621.67,27.07
3165,Brazil,potato,1996,146506,1761.0,101621.67,18.63
3166,Brazil,potato,1996,146506,1761.0,101621.67,25.94
3167,Brazil,potato,1996,146506,1761.0,101621.67,24.28
3168,Brazil,potato,1996,146506,1761.0,101621.67,25.45
3169,Brazil,rice,1996,26578,1761.0,101621.67,21.56
3170,Brazil,rice,1996,26578,1761.0,101621.67,20.18
3171,Brazil,rice,1996,26578,1761.0,101621.67,17.83
3172,Brazil,rice,1996,26578,1761.0,101621.67,17.83
3173,Brazil,rice,1996,26578,1761.0,101621.67,27.6
3174,Brazil,rice,1996,26578,1761.0,101621.67,20.18
3175,Brazil,rice,1996,26578,1761.0,101621.67,27.07
3176,Brazil,rice,1996,26578,1761.0,101621.67,18.63
3177,Brazil,rice,1996,26578,1761.0,101621.67,25.94
3178,Brazil,rice,1996,26578,1761.0,101621.67,24.28
3179,Brazil,rice,1996,26578,1761.0,101621.67,25.45
3202,Brazil,potato,1996,86415,1761.0,101621.67,21.56
3203,Brazil,potato,1996,86415,1761.0,101621.67,20.18
3204,Brazil,potato,1996,86415,1761.0,101621.67,17.83
3205,Brazil,potato,1996,86415,1761.0,101621.67,17.83
3206,Brazil,potato,1996,86415,1761.0,101621.67,27.6
3207,Brazil,potato,1996,86415,1761.0,101621.67,20.18
3208,Brazil,potato,1996,86415,1761.0,101621.67,27.07
3209,Brazil,potato,1996,86415,1761.0,101621.67,18.63
3210,Brazil,potato,1996,86415,1761.0,101621.67,25.94
3211,Brazil,potato,1996,86415,1761.0,101621.67,24.28
3212,Brazil,potato,1996,86415,1761.0,101621.67,25.45
3246,Brazil,maize,1997,26228,1761.0,110276.11,21.91
3247,Brazil,maize,1997,26228,1761.0,110276.11,20.77
3248,Brazil,maize,1997,26228,1761.0,110276.11,18.36
3249,Brazil,maize,1997,26228,1761.0,110276.11,18.36
3250,Brazil,maize,1997,26228,1761.0,110276.11,27.85
3251,Brazil,maize,1997,26228,1761.0,110276.11,20.77
3252,Brazil,maize,1997,26228,1761.0,110276.11,27.57
3253,Brazil,maize,1997,26228,1761.0,110276.11,19.12
3254,Brazil,maize,1997,26228,1761.0,110276.11,25.96
3255,Brazil,maize,1997,26228,1761.0,110276.11,24.71
3256,Brazil,maize,1997,26228,1761.0,110276.11,25.2
3257,Brazil,potato,1997,152748,1761.0,110276.11,21.91
3258,Brazil,potato,1997,152748,1761.0,110276.11,20.77
3259,Brazil,potato,1997,152748,1761.0,110276.11,18.36
3260,Brazil,potato,1997,152748,1761.0,110276.11,18.36
3261,Brazil,potato,1997,152748,1761.0,110276.11,27.85
3262,Brazil,potato,1997,152748,1761.0,110276.11,20.77
3263,Brazil,potato,1997,152748,1761.0,110276.11,27.57
3264,Brazil,potato,1997,152748,1761.0,110276.11,19.12
3265,Brazil,potato,1997,152748,1761.0,110276.11,25.96
3266,Brazil,potato,1997,152748,1761.0,110276.11,24.71
3267,Brazil,potato,1997,152748,1761.0,110276.11,25.2
3268,Brazil,rice,1997,27310,1761.0,110276.11,21.91
3269,Brazil,rice,1997,27310,1761.0,110276.11,20.77
3270,Brazil,rice,1997,27310,1761.0,110276.11,18.36
3271,Brazil,rice,1997,27310,1761.0,110276.11,18.36
3272,Brazil,rice,1997,27310,1761.0,110276.11,27.85
3273,Brazil,rice,1997,27310,1761.0,110276.11,20.77
3274,Brazil,rice,1997,27310,1761.0,110276.11,27.57
3275,Brazil,rice,1997,27310,1761.0,110276.11,19.12
3276,Brazil,rice,1997,27310,1761.0,110276.11,25.96
3277,Brazil,rice,1997,27310,1761.0,110276.11,24.71
3278,Brazil,rice,1997,27310,1761.0,110276.11,25.2
3301,Brazil,potato,1997,98387,1761.0,110276.11,21.91
3302,Brazil,potato,1997,98387,1761.0,110276.11,20.77
3303,Brazil,potato,1997,98387,1761.0,110276.11,18.36
3304,Brazil,potato,1997,98387,1761.0,110276.11,18.36
3305,Brazil,potato,1997,98387,1761.0,110276.11,27.85
3306,Brazil,potato,1997,98387,1761.0,110276.11,20.77
3307,Brazil,potato,1997,98387,1761.0,110276.11,27.57
3308,Brazil,potato,1997,98387,1761.0,110276.11,19.12
3309,Brazil,potato,1997,98387,1761.0,110276.11,25.96
3310,Brazil,potato,1997,98387,1761.0,110276.11,24.71
3311,Brazil,potato,1997,98387,1761.0,110276.11,25.2
3345,Brazil,maize,1998,27964,1761.0,118930.56,22.35
3346,Brazil,maize,1998,27964,1761.0,118930.56,20.71
3347,Brazil,maize,1998,27964,1761.0,118930.56,18.2
3348,Brazil,maize,1998,27964,1761.0,118930.56,18.2
3349,Brazil,maize,1998,27964,1761.0,118930.56,28.76
3350,Brazil,maize,1998,27964,1761.0,118930.56,20.71
3351,Brazil,maize,1998,27964,1761.0,118930.56,27.54
3352,Brazil,maize,1998,27964,1761.0,118930.56,18.49
3353,Brazil,maize,1998,27964,1761.0,118930.56,26.63
3354,Brazil,maize,1998,27964,1761.0,118930.56,24.78
3355,Brazil,maize,1998,27964,1761.0,118930.56,26.08
3356,Brazil,potato,1998,156439,1761.0,118930.56,22.35
3357,Brazil,potato,1998,156439,1761.0,118930.56,20.71
3358,Brazil,potato,1998,156439,1761.0,118930.56,18.2
3359,Brazil,potato,1998,156439,1761.0,118930.56,18.2
3360,Brazil,potato,1998,156439,1761.0,118930.56,28.76
3361,Brazil,potato,1998,156439,1761.0,118930.56,20.71
3362,Brazil,potato,1998,156439,1761.0,118930.56,27.54
3363,Brazil,potato,1998,156439,1761.0,118930.56,18.49
3364,Brazil,potato,1998,156439,1761.0,118930.56,26.63
3365,Brazil,potato,1998,156439,1761.0,118930.56,24.78
3366,Brazil,potato,1998,156439,1761.0,118930.56,26.08
3367,Brazil,rice,1998,25198,1761.0,118930.56,22.35
3368,Brazil,rice,1998,25198,1761.0,118930.56,20.71
3369,Brazil,rice,1998,25198,1761.0,118930.56,18.2
3370,Brazil,rice,1998,25198,1761.0,118930.56,18.2
3371,Brazil,rice,1998,25198,1761.0,118930.56,28.76
3372,Brazil,rice,1998,25198,1761.0,118930.56,20.71
3373,Brazil,rice,1998,25198,1761.0,118930.56,27.54
3374,Brazil,rice,1998,25198,1761.0,118930.56,18.49
3375,Brazil,rice,1998,25198,1761.0,118930.56,26.63
3376,Brazil,rice,1998,25198,1761.0,118930.56,24.78
3377,Brazil,rice,1998,25198,1761.0,118930.56,26.08
3400,Brazil,potato,1998,103928,1761.0,118930.56,22.35
3401,Brazil,potato,1998,103928,1761.0,118930.56,20.71
3402,Brazil,potato,1998,103928,1761.0,118930.56,18.2
3403,Brazil,potato,1998,103928,1761.0,118930.56,18.2
3404,Brazil,potato,1998,103928,1761.0,118930.56,28.76
3405,Brazil,potato,1998,103928,1761.0,118930.56,20.71
3406,Brazil,potato,1998,103928,1761.0,118930.56,27.54
3407,Brazil,potato,1998,103928,1761.0,118930.56,18.49
3408,Brazil,potato,1998,103928,1761.0,118930.56,26.63
3409,Brazil,potato,1998,103928,1761.0,118930.56,24.78
3410,Brazil,potato,1998,103928,1761.0,118930.56,26.08
3444,Brazil,maize,1999,27765,1761.0,127585.0,21.59
3445,Brazil,maize,1999,27765,1761.0,127585.0,20.04
3446,Brazil,maize,1999,27765,1761.0,127585.0,17.66
3447,Brazil,maize,1999,27765,1761.0,127585.0,17.66
3448,Brazil,maize,1999,27765,1761.0,127585.0,27.64
3449,Brazil,maize,1999,27765,1761.0,127585.0,20.04
3450,Brazil,maize,1999,27765,1761.0,127585.0,26.66
3451,Brazil,maize,1999,27765,1761.0,127585.0,18.39
3452,Brazil,maize,1999,27765,1761.0,127585.0,25.88
3453,Brazil,maize,1999,27765,1761.0,127585.0,24.01
3454,Brazil,maize,1999,27765,1761.0,127585.0,25.32
3455,Brazil,potato,1999,164604,1761.0,127585.0,21.59
3456,Brazil,potato,1999,164604,1761.0,127585.0,20.04
3457,Brazil,potato,1999,164604,1761.0,127585.0,17.66
3458,Brazil,potato,1999,164604,1761.0,127585.0,17.66
3459,Brazil,potato,1999,164604,1761.0,127585.0,27.64
3460,Brazil,potato,1999,164604,1761.0,127585.0,20.04
3461,Brazil,potato,1999,164604,1761.0,127585.0,26.66
3462,Brazil,potato,1999,164604,1761.0,127585.0,18.39
3463,Brazil,potato,1999,164604,1761.0,127585.0,25.88
3464,Brazil,potato,1999,164604,1761.0,127585.0,24.01
3465,Brazil,potato,1999,164604,1761.0,127585.0,25.32
3466,Brazil,rice,1999,30708,1761.0,127585.0,21.59
3467,Brazil,rice,1999,30708,1761.0,127585.0,20.04
3468,Brazil,rice,1999,30708,1761.0,127585.0,17.66
3469,Brazil,rice,1999,30708,1761.0,127585.0,17.66
3470,Brazil,rice,1999,30708,1761.0,127585.0,27.64
3471,Brazil,rice,1999,30708,1761.0,127585.0,20.04
3472,Brazil,rice,1999,30708,1761.0,127585.0,26.66
3473,Brazil,rice,1999,30708,1761.0,127585.0,18.39
3474,Brazil,rice,1999,30708,1761.0,127585.0,25.88
3475,Brazil,rice,1999,30708,1761.0,127585.0,24.01
3476,Brazil,rice,1999,30708,1761.0,127585.0,25.32
3499,Brazil,potato,1999,109463,1761.0,127585.0,21.59
3500,Brazil,potato,1999,109463,1761.0,127585.0,20.04
3501,Brazil,potato,1999,109463,1761.0,127585.0,17.66
3502,Brazil,potato,1999,109463,1761.0,127585.0,17.66
3503,Brazil,potato,1999,109463,1761.0,127585.0,27.64
3504,Brazil,potato,1999,109463,1761.0,127585.0,20.04
3505,Brazil,potato,1999,109463,1761.0,127585.0,26.66
3506,Brazil,potato,1999,109463,1761.0,127585.0,18.39
3507,Brazil,potato,1999,109463,1761.0,127585.0,25.88
3508,Brazil,potato,1999,109463,1761.0,127585.0,24.01
3509,Brazil,potato,1999,109463,1761.0,127585.0,25.32
3543,Brazil,maize,2000,27182,1761.0,140423.0,21.69
3544,Brazil,maize,2000,27182,1761.0,140423.0,20.32
3545,Brazil,maize,2000,27182,1761.0,140423.0,18.01
3546,Brazil,maize,2000,27182,1761.0,140423.0,18.01
3547,Brazil,maize,2000,27182,1761.0,140423.0,27.5
3548,Brazil,maize,2000,27182,1761.0,140423.0,20.32
3549,Brazil,maize,2000,27182,1761.0,140423.0,26.82
3550,Brazil,maize,2000,27182,1761.0,140423.0,18.65
3551,Brazil,maize,2000,27182,1761.0,140423.0,25.71
3552,Brazil,maize,2000,27182,1761.0,140423.0,24.36
3553,Brazil,maize,2000,27182,1761.0,140423.0,25.35
3554,Brazil,potato,2000,171813,1761.0,140423.0,21.69
3555,Brazil,potato,2000,171813,1761.0,140423.0,20.32
3556,Brazil,potato,2000,171813,1761.0,140423.0,18.01
3557,Brazil,potato,2000,171813,1761.0,140423.0,18.01
3558,Brazil,potato,2000,171813,1761.0,140423.0,27.5
3559,Brazil,potato,2000,171813,1761.0,140423.0,20.32
3560,Brazil,potato,2000,171813,1761.0,140423.0,26.82
3561,Brazil,potato,2000,171813,1761.0,140423.0,18.65
3562,Brazil,potato,2000,171813,1761.0,140423.0,25.71
3563,Brazil,potato,2000,171813,1761.0,140423.0,24.36
3564,Brazil,potato,2000,171813,1761.0,140423.0,25.35
3565,Brazil,rice,2000,30382,1761.0,140423.0,21.69
3566,Brazil,rice,2000,30382,1761.0,140423.0,20.32
3567,Brazil,rice,2000,30382,1761.0,140423.0,18.01
3568,Brazil,rice,2000,30382,1761.0,140423.0,18.01
3569,Brazil,rice,2000,30382,1761.0,140423.0,27.5
3570,Brazil,rice,2000,30382,1761.0,140423.0,20.32
3571,Brazil,rice,2000,30382,1761.0,140423.0,26.82
3572,Brazil,rice,2000,30382,1761.0,140423.0,18.65
3573,Brazil,rice,2000,30382,1761.0,140423.0,25.71
3574,Brazil,rice,2000,30382,1761.0,140423.0,24.36
3575,Brazil,rice,2000,30382,1761.0,140423.0,25.35
3598,Brazil,potato,2000,110351,1761.0,140423.0,21.69
3599,Brazil,potato,2000,110351,1761.0,140423.0,20.32
3600,Brazil,potato,2000,110351,1761.0,140423.0,18.01
3601,Brazil,potato,2000,110351,1761.0,140423.0,18.01
3602,Brazil,potato,2000,110351,1761.0,140423.0,27.5
3603,Brazil,potato,2000,110351,1761.0,140423.0,20.32
3604,Brazil,potato,2000,110351,1761.0,140423.0,26.82
3605,Brazil,potato,2000,110351,1761.0,140423.0,18.65
3606,Brazil,potato,2000,110351,1761.0,140423.0,25.71
3607,Brazil,potato,2000,110351,1761.0,140423.0,24.36
3608,Brazil,potato,2000,110351,1761.0,140423.0,25.35
3642,Brazil,maize,2001,34019,1761.0,151523.0,22.14
3643,Brazil,maize,2001,34019,1761.0,151523.0,20.96
3644,Brazil,maize,2001,34019,1761.0,151523.0,18.67
3645,Brazil,maize,2001,34019,1761.0,151523.0,18.67
3646,Brazil,maize,2001,34019,1761.0,151523.0,27.69
3647,Brazil,maize,2001,34019,1761.0,151523.0,20.96
3648,Brazil,maize,2001,34019,1761.0,151523.0,27.08
3649,Brazil,maize,2001,34019,1761.0,151523.0,19.73
3650,Brazil,maize,2001,34019,1761.0,151523.0,26.08
3651,Brazil,maize,2001,34019,1761.0,151523.0,24.99
3652,Brazil,maize,2001,34019,1761.0,151523.0,25.59
3653,Brazil,potato,2001,184997,1761.0,151523.0,22.14
3654,Brazil,potato,2001,184997,1761.0,151523.0,20.96
3655,Brazil,potato,2001,184997,1761.0,151523.0,18.67
3656,Brazil,potato,2001,184997,1761.0,151523.0,18.67
3657,Brazil,potato,2001,184997,1761.0,151523.0,27.69
3658,Brazil,potato,2001,184997,1761.0,151523.0,20.96
3659,Brazil,potato,2001,184997,1761.0,151523.0,27.08
3660,Brazil,potato,2001,184997,1761.0,151523.0,19.73
3661,Brazil,potato,2001,184997,1761.0,151523.0,26.08
3662,Brazil,potato,2001,184997,1761.0,151523.0,24.99
3663,Brazil,potato,2001,184997,1761.0,151523.0,25.59
3664,Brazil,rice,2001,32405,1761.0,151523.0,22.14
3665,Brazil,rice,2001,32405,1761.0,151523.0,20.96
3666,Brazil,rice,2001,32405,1761.0,151523.0,18.67
3667,Brazil,rice,2001,32405,1761.0,151523.0,18.67
3668,Brazil,rice,2001,32405,1761.0,151523.0,27.69
3669,Brazil,rice,2001,32405,1761.0,151523.0,20.96
3670,Brazil,rice,2001,32405,1761.0,151523.0,27.08
3671,Brazil,rice,2001,32405,1761.0,151523.0,19.73
3672,Brazil,rice,2001,32405,1761.0,151523.0,26.08
3673,Brazil,rice,2001,32405,1761.0,151523.0,24.99
3674,Brazil,rice,2001,32405,1761.0,151523.0,25.59
3697,Brazil,potato,2001,113496,1761.0,151523.0,22.14
3698,Brazil,potato,2001,113496,1761.0,151523.0,20.96
3699,Brazil,potato,2001,113496,1761.0,151523.0,18.67
3700,Brazil,potato,2001,113496,1761.0,151523.0,18.67
3701,Brazil,potato,2001,113496,1761.0,151523.0,27.69
3702,Brazil,potato,2001,113496,1761.0,151523.0,20.96
3703,Brazil,potato,2001,113496,1761.0,151523.0,27.08
3704,Brazil,potato,2001,113496,1761.0,151523.0,19.73
3705,Brazil,potato,2001,113496,1761.0,151523.0,26.08
3706,Brazil,potato,2001,113496,1761.0,151523.0,24.99
3707,Brazil,potato,2001,113496,1761.0,151523.0,25.59
3741,Brazil,maize,2002,30559,1761.0,145552.0,22.5
3742,Brazil,maize,2002,30559,1761.0,145552.0,21.3
3743,Brazil,maize,2002,30559,1761.0,145552.0,19.09
3744,Brazil,maize,2002,30559,1761.0,145552.0,19.09
3745,Brazil,maize,2002,30559,1761.0,145552.0,27.85
3746,Brazil,maize,2002,30559,1761.0,145552.0,21.3
3747,Brazil,maize,2002,30559,1761.0,145552.0,27.27
3748,Brazil,maize,2002,30559,1761.0,145552.0,19.49
3749,Brazil,maize,2002,30559,1761.0,145552.0,26.01
3750,Brazil,maize,2002,30559,1761.0,145552.0,25.18
3751,Brazil,maize,2002,30559,1761.0,145552.0,25.56
3752,Brazil,potato,2002,194038,1761.0,145552.0,22.5
3753,Brazil,potato,2002,194038,1761.0,145552.0,21.3
3754,Brazil,potato,2002,194038,1761.0,145552.0,19.09
3755,Brazil,potato,2002,194038,1761.0,145552.0,19.09
3756,Brazil,potato,2002,194038,1761.0,145552.0,27.85
3757,Brazil,potato,2002,194038,1761.0,145552.0,21.3
3758,Brazil,potato,2002,194038,1761.0,145552.0,27.27
3759,Brazil,potato,2002,194038,1761.0,145552.0,19.49
3760,Brazil,potato,2002,194038,1761.0,145552.0,26.01
3761,Brazil,potato,2002,194038,1761.0,145552.0,25.18
3762,Brazil,potato,2002,194038,1761.0,145552.0,25.56
3763,Brazil,rice,2002,33246,1761.0,145552.0,22.5
3764,Brazil,rice,2002,33246,1761.0,145552.0,21.3
3765,Brazil,rice,2002,33246,1761.0,145552.0,19.09
3766,Brazil,rice,2002,33246,1761.0,145552.0,19.09
3767,Brazil,rice,2002,33246,1761.0,145552.0,27.85
3768,Brazil,rice,2002,33246,1761.0,145552.0,21.3
3769,Brazil,rice,2002,33246,1761.0,145552.0,27.27
3770,Brazil,rice,2002,33246,1761.0,145552.0,19.49
3771,Brazil,rice,2002,33246,1761.0,145552.0,26.01
3772,Brazil,rice,2002,33246,1761.0,145552.0,25.18
3773,Brazil,rice,2002,33246,1761.0,145552.0,25.56
3796,Brazil,potato,2002,113463,1761.0,145552.0,22.5
3797,Brazil,potato,2002,113463,1761.0,145552.0,21.3
3798,Brazil,potato,2002,113463,1761.0,145552.0,19.09
3799,Brazil,potato,2002,113463,1761.0,145552.0,19.09
3800,Brazil,potato,2002,113463,1761.0,145552.0,27.85
3801,Brazil,potato,2002,113463,1761.0,145552.0,21.3
3802,Brazil,potato,2002,113463,1761.0,145552.0,27.27
3803,Brazil,potato,2002,113463,1761.0,145552.0,19.49
3804,Brazil,potato,2002,113463,1761.0,145552.0,26.01
3805,Brazil,potato,2002,113463,1761.0,145552.0,25.18
3806,Brazil,potato,2002,113463,1761.0,145552.0,25.56
3840,Brazil,maize,2004,33671,1761.0,214725.0,21.59
3841,Brazil,maize,2004,33671,1761.0,214725.0,20.05
3842,Brazil,maize,2004,33671,1761.0,214725.0,17.88
3843,Brazil,maize,2004,33671,1761.0,214725.0,17.88
3844,Brazil,maize,2004,33671,1761.0,214725.0,27.72
3845,Brazil,maize,2004,33671,1761.0,214725.0,20.05
3846,Brazil,maize,2004,33671,1761.0,214725.0,27.24
3847,Brazil,maize,2004,33671,1761.0,214725.0,18.75
3848,Brazil,maize,2004,33671,1761.0,214725.0,25.94
3849,Brazil,maize,2004,33671,1761.0,214725.0,24.24
3850,Brazil,maize,2004,33671,1761.0,214725.0,25.37
3851,Brazil,potato,2004,213525,1761.0,214725.0,21.59
3852,Brazil,potato,2004,213525,1761.0,214725.0,20.05
3853,Brazil,potato,2004,213525,1761.0,214725.0,17.88
3854,Brazil,potato,2004,213525,1761.0,214725.0,17.88
3855,Brazil,potato,2004,213525,1761.0,214725.0,27.72
3856,Brazil,potato,2004,213525,1761.0,214725.0,20.05
3857,Brazil,potato,2004,213525,1761.0,214725.0,27.24
3858,Brazil,potato,2004,213525,1761.0,214725.0,18.75
3859,Brazil,potato,2004,213525,1761.0,214725.0,25.94
3860,Brazil,potato,2004,213525,1761.0,214725.0,24.24
3861,Brazil,potato,2004,213525,1761.0,214725.0,25.37
3862,Brazil,rice,2004,35565,1761.0,214725.0,21.59
3863,Brazil,rice,2004,35565,1761.0,214725.0,20.05
3864,Brazil,rice,2004,35565,1761.0,214725.0,17.88
3865,Brazil,rice,2004,35565,1761.0,214725.0,17.88
3866,Brazil,rice,2004,35565,1761.0,214725.0,27.72
3867,Brazil,rice,2004,35565,1761.0,214725.0,20.05
3868,Brazil,rice,2004,35565,1761.0,214725.0,27.24
3869,Brazil,rice,2004,35565,1761.0,214725.0,18.75
3870,Brazil,rice,2004,35565,1761.0,214725.0,25.94
3871,Brazil,rice,2004,35565,1761.0,214725.0,24.24
3872,Brazil,rice,2004,35565,1761.0,214725.0,25.37
3895,Brazil,potato,2004,114957,1761.0,214725.0,21.59
3896,Brazil,potato,2004,114957,1761.0,214725.0,20.05
3897,Brazil,potato,2004,114957,1761.0,214725.0,17.88
3898,Brazil,potato,2004,114957,1761.0,214725.0,17.88
3899,Brazil,potato,2004,114957,1761.0,214725.0,27.72
3900,Brazil,potato,2004,114957,1761.0,214725.0,20.05
3901,Brazil,potato,2004,114957,1761.0,214725.0,27.24
3902,Brazil,potato,2004,114957,1761.0,214725.0,18.75
3903,Brazil,potato,2004,114957,1761.0,214725.0,25.94
3904,Brazil,potato,2004,114957,1761.0,214725.0,24.24
3905,Brazil,potato,2004,114957,1761.0,214725.0,25.37
3939,Brazil,maize,2005,30403,1761.0,232232.0,22.05
3940,Brazil,maize,2005,30403,1761.0,232232.0,20.78
3941,Brazil,maize,2005,30403,1761.0,232232.0,18.53
3942,Brazil,maize,2005,30403,1761.0,232232.0,18.53
3943,Brazil,maize,2005,30403,1761.0,232232.0,28.17
3944,Brazil,maize,2005,30403,1761.0,232232.0,20.78
3945,Brazil,maize,2005,30403,1761.0,232232.0,27.6
3946,Brazil,maize,2005,30403,1761.0,232232.0,19.42
3947,Brazil,maize,2005,30403,1761.0,232232.0,26.27
3948,Brazil,maize,2005,30403,1761.0,232232.0,24.79
3949,Brazil,maize,2005,30403,1761.0,232232.0,25.7
3950,Brazil,potato,2005,220095,1761.0,232232.0,22.05
3951,Brazil,potato,2005,220095,1761.0,232232.0,20.78
3952,Brazil,potato,2005,220095,1761.0,232232.0,18.53
3953,Brazil,potato,2005,220095,1761.0,232232.0,18.53
3954,Brazil,potato,2005,220095,1761.0,232232.0,28.17
3955,Brazil,potato,2005,220095,1761.0,232232.0,20.78
3956,Brazil,potato,2005,220095,1761.0,232232.0,27.6
3957,Brazil,potato,2005,220095,1761.0,232232.0,19.42
3958,Brazil,potato,2005,220095,1761.0,232232.0,26.27
3959,Brazil,potato,2005,220095,1761.0,232232.0,24.79
3960,Brazil,potato,2005,220095,1761.0,232232.0,25.7
3961,Brazil,rice,2005,33691,1761.0,232232.0,22.05
3962,Brazil,rice,2005,33691,1761.0,232232.0,20.78
3963,Brazil,rice,2005,33691,1761.0,232232.0,18.53
3964,Brazil,rice,2005,33691,1761.0,232232.0,18.53
3965,Brazil,rice,2005,33691,1761.0,232232.0,28.17
3966,Brazil,rice,2005,33691,1761.0,232232.0,20.78
3967,Brazil,rice,2005,33691,1761.0,232232.0,27.6
3968,Brazil,rice,2005,33691,1761.0,232232.0,19.42
3969,Brazil,rice,2005,33691,1761.0,232232.0,26.27
3970,Brazil,rice,2005,33691,1761.0,232232.0,24.79
3971,Brazil,rice,2005,33691,1761.0,232232.0,25.7
3994,Brazil,potato,2005,113360,1761.0,232232.0,22.05
3995,Brazil,potato,2005,113360,1761.0,232232.0,20.78
3996,Brazil,potato,2005,113360,1761.0,232232.0,18.53
3997,Brazil,potato,2005,113360,1761.0,232232.0,18.53
3998,Brazil,potato,2005,113360,1761.0,232232.0,28.17
3999,Brazil,potato,2005,113360,1761.0,232232.0,20.78
4000,Brazil,potato,2005,113360,1761.0,232232.0,27.6
4001,Brazil,potato,2005,113360,1761.0,232232.0,19.42
4002,Brazil,potato,2005,113360,1761.0,232232.0,26.27
4003,Brazil,potato,2005,113360,1761.0,232232.0,24.79
4004,Brazil,potato,2005,113360,1761.0,232232.0,25.7
4038,Brazil,maize,2006,33823,1761.0,238716.0,21.82
4039,Brazil,maize,2006,33823,1761.0,238716.0,20.6
4040,Brazil,maize,2006,33823,1761.0,238716.0,18.47
4041,Brazil,maize,2006,33823,1761.0,238716.0,18.47
4042,Brazil,maize,2006,33823,1761.0,238716.0,27.76
4043,Brazil,maize,2006,33823,1761.0,238716.0,20.6
4044,Brazil,maize,2006,33823,1761.0,238716.0,27.34
4045,Brazil,maize,2006,33823,1761.0,238716.0,19.35
4046,Brazil,maize,2006,33823,1761.0,238716.0,26.26
4047,Brazil,maize,2006,33823,1761.0,238716.0,24.57
4048,Brazil,maize,2006,33823,1761.0,238716.0,25.41
4049,Brazil,potato,2006,223802,1761.0,238716.0,21.82
4050,Brazil,potato,2006,223802,1761.0,238716.0,20.6
4051,Brazil,potato,2006,223802,1761.0,238716.0,18.47
4052,Brazil,potato,2006,223802,1761.0,238716.0,18.47
4053,Brazil,potato,2006,223802,1761.0,238716.0,27.76
4054,Brazil,potato,2006,223802,1761.0,238716.0,20.6
4055,Brazil,potato,2006,223802,1761.0,238716.0,27.34
4056,Brazil,potato,2006,223802,1761.0,238716.0,19.35
4057,Brazil,potato,2006,223802,1761.0,238716.0,26.26
4058,Brazil,potato,2006,223802,1761.0,238716.0,24.57
4059,Brazil,potato,2006,223802,1761.0,238716.0,25.41
4060,Brazil,rice,2006,38798,1761.0,238716.0,21.82
4061,Brazil,rice,2006,38798,1761.0,238716.0,20.6
4062,Brazil,rice,2006,38798,1761.0,238716.0,18.47
4063,Brazil,rice,2006,38798,1761.0,238716.0,18.47
4064,Brazil,rice,2006,38798,1761.0,238716.0,27.76
4065,Brazil,rice,2006,38798,1761.0,238716.0,20.6
4066,Brazil,rice,2006,38798,1761.0,238716.0,27.34
4067,Brazil,rice,2006,38798,1761.0,238716.0,19.35
4068,Brazil,rice,2006,38798,1761.0,238716.0,26.26
4069,Brazil,rice,2006,38798,1761.0,238716.0,24.57
4070,Brazil,rice,2006,38798,1761.0,238716.0,25.41
4093,Brazil,potato,2006,116902,1761.0,238716.0,21.82
4094,Brazil,potato,2006,116902,1761.0,238716.0,20.6
4095,Brazil,potato,2006,116902,1761.0,238716.0,18.47
4096,Brazil,potato,2006,116902,1761.0,238716.0,18.47
4097,Brazil,potato,2006,116902,1761.0,238716.0,27.76
4098,Brazil,potato,2006,116902,1761.0,238716.0,20.6
4099,Brazil,potato,2006,116902,1761.0,238716.0,27.34
4100,Brazil,potato,2006,116902,1761.0,238716.0,19.35
4101,Brazil,potato,2006,116902,1761.0,238716.0,26.26
4102,Brazil,potato,2006,116902,1761.0,238716.0,24.57
4103,Brazil,potato,2006,116902,1761.0,238716.0,25.41
4137,Brazil,maize,2007,37852,1761.0,304031.0,22.19
4138,Brazil,maize,2007,37852,1761.0,304031.0,20.93
4139,Brazil,maize,2007,37852,1761.0,304031.0,18.66
4140,Brazil,maize,2007,37852,1761.0,304031.0,18.66
4141,Brazil,maize,2007,37852,1761.0,304031.0,27.92
4142,Brazil,maize,2007,37852,1761.0,304031.0,20.93
4143,Brazil,maize,2007,37852,1761.0,304031.0,27.32
4144,Brazil,maize,2007,37852,1761.0,304031.0,19.05
4145,Brazil,maize,2007,37852,1761.0,304031.0,25.95
4146,Brazil,maize,2007,37852,1761.0,304031.0,24.78
4147,Brazil,maize,2007,37852,1761.0,304031.0,25.44
4148,Brazil,potato,2007,240356,1761.0,304031.0,22.19
4149,Brazil,potato,2007,240356,1761.0,304031.0,20.93
4150,Brazil,potato,2007,240356,1761.0,304031.0,18.66
4151,Brazil,potato,2007,240356,1761.0,304031.0,18.66
4152,Brazil,potato,2007,240356,1761.0,304031.0,27.92
4153,Brazil,potato,2007,240356,1761.0,304031.0,20.93
4154,Brazil,potato,2007,240356,1761.0,304031.0,27.32
4155,Brazil,potato,2007,240356,1761.0,304031.0,19.05
4156,Brazil,potato,2007,240356,1761.0,304031.0,25.95
4157,Brazil,potato,2007,240356,1761.0,304031.0,24.78
4158,Brazil,potato,2007,240356,1761.0,304031.0,25.44
4159,Brazil,rice,2007,38260,1761.0,304031.0,22.19
4160,Brazil,rice,2007,38260,1761.0,304031.0,20.93
4161,Brazil,rice,2007,38260,1761.0,304031.0,18.66
4162,Brazil,rice,2007,38260,1761.0,304031.0,18.66
4163,Brazil,rice,2007,38260,1761.0,304031.0,27.92
4164,Brazil,rice,2007,38260,1761.0,304031.0,20.93
4165,Brazil,rice,2007,38260,1761.0,304031.0,27.32
4166,Brazil,rice,2007,38260,1761.0,304031.0,19.05
4167,Brazil,rice,2007,38260,1761.0,304031.0,25.95
4168,Brazil,rice,2007,38260,1761.0,304031.0,24.78
4169,Brazil,rice,2007,38260,1761.0,304031.0,25.44
4192,Brazil,potato,2007,120680,1761.0,304031.0,22.19
4193,Brazil,potato,2007,120680,1761.0,304031.0,20.93
4194,Brazil,potato,2007,120680,1761.0,304031.0,18.66
4195,Brazil,potato,2007,120680,1761.0,304031.0,18.66
4196,Brazil,potato,2007,120680,1761.0,304031.0,27.92
4197,Brazil,potato,2007,120680,1761.0,304031.0,20.93
4198,Brazil,potato,2007,120680,1761.0,304031.0,27.32
4199,Brazil,potato,2007,120680,1761.0,304031.0,19.05
4200,Brazil,potato,2007,120680,1761.0,304031.0,25.95
4201,Brazil,potato,2007,120680,1761.0,304031.0,24.78
4202,Brazil,potato,2007,120680,1761.0,304031.0,25.44
4236,Brazil,maize,2008,40800,1761.0,312637.0,21.86
4237,Brazil,maize,2008,40800,1761.0,312637.0,20.22
4238,Brazil,maize,2008,40800,1761.0,312637.0,17.88
4239,Brazil,maize,2008,40800,1761.0,312637.0,17.88
4240,Brazil,maize,2008,40800,1761.0,312637.0,27.54
4241,Brazil,maize,2008,40800,1761.0,312637.0,20.22
4242,Brazil,maize,2008,40800,1761.0,312637.0,26.94
4243,Brazil,maize,2008,40800,1761.0,312637.0,18.8
4244,Brazil,maize,2008,40800,1761.0,312637.0,25.96
4245,Brazil,maize,2008,40800,1761.0,312637.0,24.26
4246,Brazil,maize,2008,40800,1761.0,312637.0,25.54
4247,Brazil,potato,2008,253729,1761.0,312637.0,21.86
4248,Brazil,potato,2008,253729,1761.0,312637.0,20.22
4249,Brazil,potato,2008,253729,1761.0,312637.0,17.88
4250,Brazil,potato,2008,253729,1761.0,312637.0,17.88
4251,Brazil,potato,2008,253729,1761.0,312637.0,27.54
4252,Brazil,potato,2008,253729,1761.0,312637.0,20.22
4253,Brazil,potato,2008,253729,1761.0,312637.0,26.94
4254,Brazil,potato,2008,253729,1761.0,312637.0,18.8
4255,Brazil,potato,2008,253729,1761.0,312637.0,25.96
4256,Brazil,potato,2008,253729,1761.0,312637.0,24.26
4257,Brazil,potato,2008,253729,1761.0,312637.0,25.54
4258,Brazil,rice,2008,42311,1761.0,312637.0,21.86
4259,Brazil,rice,2008,42311,1761.0,312637.0,20.22
4260,Brazil,rice,2008,42311,1761.0,312637.0,17.88
4261,Brazil,rice,2008,42311,1761.0,312637.0,17.88
4262,Brazil,rice,2008,42311,1761.0,312637.0,27.54
4263,Brazil,rice,2008,42311,1761.0,312637.0,20.22
4264,Brazil,rice,2008,42311,1761.0,312637.0,26.94
4265,Brazil,rice,2008,42311,1761.0,312637.0,18.8
4266,Brazil,rice,2008,42311,1761.0,312637.0,25.96
4267,Brazil,rice,2008,42311,1761.0,312637.0,24.26
4268,Brazil,rice,2008,42311,1761.0,312637.0,25.54
4291,Brazil,potato,2008,120398,1761.0,312637.0,21.86
4292,Brazil,potato,2008,120398,1761.0,312637.0,20.22
4293,Brazil,potato,2008,120398,1761.0,312637.0,17.88
4294,Brazil,potato,2008,120398,1761.0,312637.0,17.88
4295,Brazil,potato,2008,120398,1761.0,312637.0,27.54
4296,Brazil,potato,2008,120398,1761.0,312637.0,20.22
4297,Brazil,potato,2008,120398,1761.0,312637.0,26.94
4298,Brazil,potato,2008,120398,1761.0,312637.0,18.8
4299,Brazil,potato,2008,120398,1761.0,312637.0,25.96
4300,Brazil,potato,2008,120398,1761.0,312637.0,24.26
4301,Brazil,potato,2008,120398,1761.0,312637.0,25.54
4335,Brazil,maize,2009,37145,1761.0,335742.0,22.25
4336,Brazil,maize,2009,37145,1761.0,335742.0,20.78
4337,Brazil,maize,2009,37145,1761.0,335742.0,18.38
4338,Brazil,maize,2009,37145,1761.0,335742.0,18.38
4339,Brazil,maize,2009,37145,1761.0,335742.0,27.39
4340,Brazil,maize,2009,37145,1761.0,335742.0,20.78
4341,Brazil,maize,2009,37145,1761.0,335742.0,27.39
4342,Brazil,maize,2009,37145,1761.0,335742.0,18.84
4343,Brazil,maize,2009,37145,1761.0,335742.0,26.3
4344,Brazil,maize,2009,37145,1761.0,335742.0,24.98
4345,Brazil,maize,2009,37145,1761.0,335742.0,26.0
4346,Brazil,potato,2009,248299,1761.0,335742.0,22.25
4347,Brazil,potato,2009,248299,1761.0,335742.0,20.78
4348,Brazil,potato,2009,248299,1761.0,335742.0,18.38
4349,Brazil,potato,2009,248299,1761.0,335742.0,18.38
4350,Brazil,potato,2009,248299,1761.0,335742.0,27.39
4351,Brazil,potato,2009,248299,1761.0,335742.0,20.78
4352,Brazil,potato,2009,248299,1761.0,335742.0,27.39
4353,Brazil,potato,2009,248299,1761.0,335742.0,18.84
4354,Brazil,potato,2009,248299,1761.0,335742.0,26.3
4355,Brazil,potato,2009,248299,1761.0,335742.0,24.98
4356,Brazil,potato,2009,248299,1761.0,335742.0,26.0
4357,Brazil,rice,2009,44049,1761.0,335742.0,22.25
4358,Brazil,rice,2009,44049,1761.0,335742.0,20.78
4359,Brazil,rice,2009,44049,1761.0,335742.0,18.38
4360,Brazil,rice,2009,44049,1761.0,335742.0,18.38
4361,Brazil,rice,2009,44049,1761.0,335742.0,27.39
4362,Brazil,rice,2009,44049,1761.0,335742.0,20.78
4363,Brazil,rice,2009,44049,1761.0,335742.0,27.39
4364,Brazil,rice,2009,44049,1761.0,335742.0,18.84
4365,Brazil,rice,2009,44049,1761.0,335742.0,26.3
4366,Brazil,rice,2009,44049,1761.0,335742.0,24.98
4367,Brazil,rice,2009,44049,1761.0,335742.0,26.0
4390,Brazil,potato,2009,113035,1761.0,335742.0,22.25
4391,Brazil,potato,2009,113035,1761.0,335742.0,20.78
4392,Brazil,potato,2009,113035,1761.0,335742.0,18.38
4393,Brazil,potato,2009,113035,1761.0,335742.0,18.38
4394,Brazil,potato,2009,113035,1761.0,335742.0,27.39
4395,Brazil,potato,2009,113035,1761.0,335742.0,20.78
4396,Brazil,potato,2009,113035,1761.0,335742.0,27.39
4397,Brazil,potato,2009,113035,1761.0,335742.0,18.84
4398,Brazil,potato,2009,113035,1761.0,335742.0,26.3
4399,Brazil,potato,2009,113035,1761.0,335742.0,24.98
4400,Brazil,potato,2009,113035,1761.0,335742.0,26.0
4434,Brazil,maize,2010,43667,1761.0,342580.0,22.12
4435,Brazil,maize,2010,43667,1761.0,342580.0,20.72
4436,Brazil,maize,2010,43667,1761.0,342580.0,18.18
4437,Brazil,maize,2010,43667,1761.0,342580.0,18.18
4438,Brazil,maize,2010,43667,1761.0,342580.0,28.18
4439,Brazil,maize,2010,43667,1761.0,342580.0,20.72
4440,Brazil,maize,2010,43667,1761.0,342580.0,27.56
4441,Brazil,maize,2010,43667,1761.0,342580.0,19.01
4442,Brazil,maize,2010,43667,1761.0,342580.0,26.3
4443,Brazil,maize,2010,43667,1761.0,342580.0,24.95
4444,Brazil,maize,2010,43667,1761.0,342580.0,25.78
4445,Brazil,potato,2010,258859,1761.0,342580.0,22.12
4446,Brazil,potato,2010,258859,1761.0,342580.0,20.72
4447,Brazil,potato,2010,258859,1761.0,342580.0,18.18
4448,Brazil,potato,2010,258859,1761.0,342580.0,18.18
4449,Brazil,potato,2010,258859,1761.0,342580.0,28.18
4450,Brazil,potato,2010,258859,1761.0,342580.0,20.72
4451,Brazil,potato,2010,258859,1761.0,342580.0,27.56
4452,Brazil,potato,2010,258859,1761.0,342580.0,19.01
4453,Brazil,potato,2010,258859,1761.0,342580.0,26.3
4454,Brazil,potato,2010,258859,1761.0,342580.0,24.95
4455,Brazil,potato,2010,258859,1761.0,342580.0,25.78
4456,Brazil,rice,2010,41271,1761.0,342580.0,22.12
4457,Brazil,rice,2010,41271,1761.0,342580.0,20.72
4458,Brazil,rice,2010,41271,1761.0,342580.0,18.18
4459,Brazil,rice,2010,41271,1761.0,342580.0,18.18
4460,Brazil,rice,2010,41271,1761.0,342580.0,28.18
4461,Brazil,rice,2010,41271,1761.0,342580.0,20.72
4462,Brazil,rice,2010,41271,1761.0,342580.0,27.56
4463,Brazil,rice,2010,41271,1761.0,342580.0,19.01
4464,Brazil,rice,2010,41271,1761.0,342580.0,26.3
4465,Brazil,rice,2010,41271,1761.0,342580.0,24.95
4466,Brazil,rice,2010,41271,1761.0,342580.0,25.78
4489,Brazil,potato,2010,118459,1761.0,342580.0,22.12
4490,Brazil,potato,2010,118459,1761.0,342580.0,20.72
4491,Brazil,potato,2010,118459,1761.0,342580.0,18.18
4492,Brazil,potato,2010,118459,1761.0,342580.0,18.18
4493,Brazil,potato,2010,118459,1761.0,342580.0,28.18
4494,Brazil,potato,2010,118459,1761.0,342580.0,20.72
4495,Brazil,potato,2010,118459,1761.0,342580.0,27.56
4496,Brazil,potato,2010,118459,1761.0,342580.0,19.01
4497,Brazil,potato,2010,118459,1761.0,342580.0,26.3
4498,Brazil,potato,2010,118459,1761.0,342580.0,24.95
4499,Brazil,potato,2010,118459,1761.0,342580.0,25.78
4533,Brazil,maize,2011,42107,1761.0,345026.0,21.74
4534,Brazil,maize,2011,42107,1761.0,345026.0,20.33
4535,Brazil,maize,2011,42107,1761.0,345026.0,18.01
4536,Brazil,maize,2011,42107,1761.0,345026.0,18.01
4537,Brazil,maize,2011,42107,1761.0,345026.0,27.36
4538,Brazil,maize,2011,42107,1761.0,345026.0,20.33
4539,Brazil,maize,2011,42107,1761.0,345026.0,27.29
4540,Brazil,maize,2011,42107,1761.0,345026.0,18.82
4541,Brazil,maize,2011,42107,1761.0,345026.0,25.89
4542,Brazil,maize,2011,42107,1761.0,345026.0,24.32
4543,Brazil,maize,2011,42107,1761.0,345026.0,25.28
4544,Brazil,potato,2011,262528,1761.0,345026.0,21.74
4545,Brazil,potato,2011,262528,1761.0,345026.0,20.33
4546,Brazil,potato,2011,262528,1761.0,345026.0,18.01
4547,Brazil,potato,2011,262528,1761.0,345026.0,18.01
4548,Brazil,potato,2011,262528,1761.0,345026.0,27.36
4549,Brazil,potato,2011,262528,1761.0,345026.0,20.33
4550,Brazil,potato,2011,262528,1761.0,345026.0,27.29
4551,Brazil,potato,2011,262528,1761.0,345026.0,18.82
4552,Brazil,potato,2011,262528,1761.0,345026.0,25.89
4553,Brazil,potato,2011,262528,1761.0,345026.0,24.32
4554,Brazil,potato,2011,262528,1761.0,345026.0,25.28
4555,Brazil,rice,2011,48956,1761.0,345026.0,21.74
4556,Brazil,rice,2011,48956,1761.0,345026.0,20.33
4557,Brazil,rice,2011,48956,1761.0,345026.0,18.01
4558,Brazil,rice,2011,48956,1761.0,345026.0,18.01
4559,Brazil,rice,2011,48956,1761.0,345026.0,27.36
4560,Brazil,rice,2011,48956,1761.0,345026.0,20.33
4561,Brazil,rice,2011,48956,1761.0,345026.0,27.29
4562,Brazil,rice,2011,48956,1761.0,345026.0,18.82
4563,Brazil,rice,2011,48956,1761.0,345026.0,25.89
4564,Brazil,rice,2011,48956,1761.0,345026.0,24.32
4565,Brazil,rice,2011,48956,1761.0,345026.0,25.28
4588,Brazil,potato,2011,124266,1761.0,345026.0,21.74
4589,Brazil,potato,2011,124266,1761.0,345026.0,20.33
4590,Brazil,potato,2011,124266,1761.0,345026.0,18.01
4591,Brazil,potato,2011,124266,1761.0,345026.0,18.01
4592,Brazil,potato,2011,124266,1761.0,345026.0,27.36
4593,Brazil,potato,2011,124266,1761.0,345026.0,20.33
4594,Brazil,potato,2011,124266,1761.0,345026.0,27.29
4595,Brazil,potato,2011,124266,1761.0,345026.0,18.82
4596,Brazil,potato,2011,124266,1761.0,345026.0,25.89
4597,Brazil,potato,2011,124266,1761.0,345026.0,24.32
4598,Brazil,potato,2011,124266,1761.0,345026.0,25.28
4632,Brazil,maize,2012,50057,1761.0,346583.0,22.16
4633,Brazil,maize,2012,50057,1761.0,346583.0,21.02
4634,Brazil,maize,2012,50057,1761.0,346583.0,18.8
4635,Brazil,maize,2012,50057,1761.0,346583.0,18.8
4636,Brazil,maize,2012,50057,1761.0,346583.0,28.21
4637,Brazil,maize,2012,50057,1761.0,346583.0,21.02
4638,Brazil,maize,2012,50057,1761.0,346583.0,27.34
4639,Brazil,maize,2012,50057,1761.0,346583.0,19.72
4640,Brazil,maize,2012,50057,1761.0,346583.0,26.13
4641,Brazil,maize,2012,50057,1761.0,346583.0,24.84
4642,Brazil,maize,2012,50057,1761.0,346583.0,25.65
4643,Brazil,potato,2012,274457,1761.0,346583.0,22.16
4644,Brazil,potato,2012,274457,1761.0,346583.0,21.02
4645,Brazil,potato,2012,274457,1761.0,346583.0,18.8
4646,Brazil,potato,2012,274457,1761.0,346583.0,18.8
4647,Brazil,potato,2012,274457,1761.0,346583.0,28.21
4648,Brazil,potato,2012,274457,1761.0,346583.0,21.02
4649,Brazil,potato,2012,274457,1761.0,346583.0,27.34
4650,Brazil,potato,2012,274457,1761.0,346583.0,19.72
4651,Brazil,potato,2012,274457,1761.0,346583.0,26.13
4652,Brazil,potato,2012,274457,1761.0,346583.0,24.84
4653,Brazil,potato,2012,274457,1761.0,346583.0,25.65
4654,Brazil,rice,2012,47860,1761.0,346583.0,22.16
4655,Brazil,rice,2012,47860,1761.0,346583.0,21.02
4656,Brazil,rice,2012,47860,1761.0,346583.0,18.8
4657,Brazil,rice,2012,47860,1761.0,346583.0,18.8
4658,Brazil,rice,2012,47860,1761.0,346583.0,28.21
4659,Brazil,rice,2012,47860,1761.0,346583.0,21.02
4660,Brazil,rice,2012,47860,1761.0,346583.0,27.34
4661,Brazil,rice,2012,47860,1761.0,346583.0,19.72
4662,Brazil,rice,2012,47860,1761.0,346583.0,26.13
4663,Brazil,rice,2012,47860,1761.0,346583.0,24.84
4664,Brazil,rice,2012,47860,1761.0,346583.0,25.65
4687,Brazil,potato,2012,121926,1761.0,346583.0,22.16
4688,Brazil,potato,2012,121926,1761.0,346583.0,21.02
4689,Brazil,potato,2012,121926,1761.0,346583.0,18.8
4690,Brazil,potato,2012,121926,1761.0,346583.0,18.8
4691,Brazil,potato,2012,121926,1761.0,346583.0,28.21
4692,Brazil,potato,2012,121926,1761.0,346583.0,21.02
4693,Brazil,potato,2012,121926,1761.0,346583.0,27.34
4694,Brazil,potato,2012,121926,1761.0,346583.0,19.72
4695,Brazil,potato,2012,121926,1761.0,346583.0,26.13
4696,Brazil,potato,2012,121926,1761.0,346583.0,24.84
4697,Brazil,potato,2012,121926,1761.0,346583.0,25.65
4731,Brazil,maize,2013,52536,1761.0,367778.0,21.59
4732,Brazil,maize,2013,52536,1761.0,367778.0,20.07
4733,Brazil,maize,2013,52536,1761.0,367778.0,17.57
4734,Brazil,maize,2013,52536,1761.0,367778.0,17.57
4735,Brazil,maize,2013,52536,1761.0,367778.0,27.71
4736,Brazil,maize,2013,52536,1761.0,367778.0,20.07
4737,Brazil,maize,2013,52536,1761.0,367778.0,27.11
4738,Brazil,maize,2013,52536,1761.0,367778.0,17.84
4739,Brazil,maize,2013,52536,1761.0,367778.0,26.4
4740,Brazil,maize,2013,52536,1761.0,367778.0,25.19
4741,Brazil,maize,2013,52536,1761.0,367778.0,26.14
4742,Brazil,potato,2013,277517,1761.0,367778.0,21.59
4743,Brazil,potato,2013,277517,1761.0,367778.0,20.07
4744,Brazil,potato,2013,277517,1761.0,367778.0,17.57
4745,Brazil,potato,2013,277517,1761.0,367778.0,17.57
4746,Brazil,potato,2013,277517,1761.0,367778.0,27.71
4747,Brazil,potato,2013,277517,1761.0,367778.0,20.07
4748,Brazil,potato,2013,277517,1761.0,367778.0,27.11
4749,Brazil,potato,2013,277517,1761.0,367778.0,17.84
4750,Brazil,potato,2013,277517,1761.0,367778.0,26.4
4751,Brazil,potato,2013,277517,1761.0,367778.0,25.19
4752,Brazil,potato,2013,277517,1761.0,367778.0,26.14
4753,Brazil,rice,2013,50071,1761.0,367778.0,21.59
4754,Brazil,rice,2013,50071,1761.0,367778.0,20.07
4755,Brazil,rice,2013,50071,1761.0,367778.0,17.57
4756,Brazil,rice,2013,50071,1761.0,367778.0,17.57
4757,Brazil,rice,2013,50071,1761.0,367778.0,27.71
4758,Brazil,rice,2013,50071,1761.0,367778.0,20.07
4759,Brazil,rice,2013,50071,1761.0,367778.0,27.11
4760,Brazil,rice,2013,50071,1761.0,367778.0,17.84
4761,Brazil,rice,2013,50071,1761.0,367778.0,26.4
4762,Brazil,rice,2013,50071,1761.0,367778.0,25.19
4763,Brazil,rice,2013,50071,1761.0,367778.0,26.14
4786,Brazil,potato,2013,130913,1761.0,367778.0,21.59
4787,Brazil,potato,2013,130913,1761.0,367778.0,20.07
4788,Brazil,potato,2013,130913,1761.0,367778.0,17.57
4789,Brazil,potato,2013,130913,1761.0,367778.0,17.57
4790,Brazil,potato,2013,130913,1761.0,367778.0,27.71
4791,Brazil,potato,2013,130913,1761.0,367778.0,20.07
4792,Brazil,potato,2013,130913,1761.0,367778.0,27.11
4793,Brazil,potato,2013,130913,1761.0,367778.0,17.84
4794,Brazil,potato,2013,130913,1761.0,367778.0,26.4
4795,Brazil,potato,2013,130913,1761.0,367778.0,25.19
4796,Brazil,potato,2013,130913,1761.0,367778.0,26.14
4819,Bulgaria,maize,1990,28771,608.0,3906.0,9.51
4820,Bulgaria,potato,1990,104986,608.0,3906.0,9.51
4821,Bulgaria,rice,1990,23785,608.0,3906.0,9.51
4825,Bulgaria,maize,1991,49551,608.0,3906.0,8.14
4826,Bulgaria,potato,1991,117017,608.0,3906.0,8.14
4827,Bulgaria,rice,1991,25397,608.0,3906.0,8.14
4831,Bulgaria,maize,1992,28128,608.0,3906.0,9.07
4832,Bulgaria,potato,1992,118262,608.0,3906.0,9.07
4833,Bulgaria,rice,1992,32042,608.0,3906.0,9.07
4837,Bulgaria,maize,1993,18609,608.0,3777.25,9.0
4838,Bulgaria,potato,1993,90807,608.0,3777.25,9.0
4839,Bulgaria,rice,1993,34761,608.0,3777.25,9.0
4843,Bulgaria,maize,1994,28056,608.0,3648.5,10.23
4844,Bulgaria,potato,1994,105070,608.0,3648.5,10.23
4845,Bulgaria,rice,1994,37195,608.0,3648.5,10.23
4849,Bulgaria,maize,1995,38237,608.0,3519.75,8.69
4850,Bulgaria,potato,1995,116617,608.0,3519.75,8.69
4851,Bulgaria,rice,1995,36116,608.0,3519.75,8.69
4855,Bulgaria,maize,1996,21810,608.0,3391.0,8.44
4856,Bulgaria,potato,1996,80623,608.0,3391.0,8.44
4857,Bulgaria,rice,1996,33891,608.0,3391.0,8.44
4861,Bulgaria,maize,1997,35782,608.0,3262.25,8.26
4862,Bulgaria,potato,1997,104537,608.0,3262.25,8.26
4863,Bulgaria,rice,1997,29871,608.0,3262.25,8.26
4867,Bulgaria,maize,1998,27318,608.0,3133.5,9.16
4868,Bulgaria,potato,1998,94041,608.0,3133.5,9.16
4869,Bulgaria,rice,1998,31467,608.0,3133.5,9.16
4873,Bulgaria,maize,1999,38239,608.0,3004.75,9.67
4874,Bulgaria,potato,1999,108475,608.0,3004.75,9.67
4875,Bulgaria,rice,1999,49400,608.0,3004.75,9.67
4879,Bulgaria,maize,2000,17239,608.0,2876.0,9.9
4880,Bulgaria,potato,2000,75262,608.0,2876.0,9.9
4881,Bulgaria,rice,2000,47001,608.0,2876.0,9.9
4885,Bulgaria,maize,2001,24713,608.0,2747.25,9.55
4886,Bulgaria,potato,2001,123921,608.0,2747.25,9.55
4887,Bulgaria,rice,2001,48001,608.0,2747.25,9.55
4891,Bulgaria,maize,2002,42364,608.0,2618.5,9.6
4892,Bulgaria,potato,2002,120894,608.0,2618.5,9.6
4893,Bulgaria,rice,2002,43099,608.0,2618.5,9.6
4897,Bulgaria,maize,2004,55400,608.0,2361.0,9.18
4898,Bulgaria,potato,2004,186855,608.0,2361.0,9.18
4899,Bulgaria,rice,2004,49596,608.0,2361.0,9.18
4903,Bulgaria,maize,2005,53085,608.0,2232.25,8.58
4904,Bulgaria,potato,2005,156448,608.0,2232.25,8.58
4905,Bulgaria,rice,2005,44801,608.0,2232.25,8.58
4909,Bulgaria,maize,2006,45328,608.0,2103.5,9.08
4910,Bulgaria,potato,2006,157758,608.0,2103.5,9.08
4911,Bulgaria,rice,2006,44080,608.0,2103.5,9.08
4915,Bulgaria,maize,2007,61244,608.0,1974.75,10.23
4916,Bulgaria,potato,2007,133197,608.0,1974.75,10.23
4917,Bulgaria,rice,2007,46447,608.0,1974.75,10.23
4921,Bulgaria,maize,2008,41548,608.0,1846.0,9.9
4922,Bulgaria,potato,2008,162618,608.0,1846.0,9.9
4923,Bulgaria,rice,2008,49621,608.0,1846.0,9.9
4927,Bulgaria,maize,2009,47071,608.0,1717.25,9.74
4928,Bulgaria,potato,2009,165508,608.0,1717.25,9.74
4929,Bulgaria,rice,2009,52263,608.0,1717.25,9.74
4933,Bulgaria,maize,2010,62512,608.0,1588.5,9.65
4934,Bulgaria,potato,2010,181967,608.0,1588.5,9.65
4935,Bulgaria,rice,2010,47952,608.0,1588.5,9.65
4939,Bulgaria,maize,2011,55310,608.0,1459.75,9.17
4940,Bulgaria,potato,2011,143236,608.0,1459.75,9.17
4941,Bulgaria,rice,2011,50563,608.0,1459.75,9.17
4945,Bulgaria,maize,2012,36800,608.0,1331.0,9.99
4946,Bulgaria,potato,2012,101515,608.0,1331.0,9.99
4947,Bulgaria,rice,2012,55605,608.0,1331.0,9.99
4951,Bulgaria,maize,2013,63943,608.0,1197.0,11.26
4952,Bulgaria,potato,2013,146125,608.0,1197.0,11.26
4953,Bulgaria,rice,2013,54945,608.0,1197.0,11.26
4958,Burkina Faso,maize,1990,14612,748.0,29.1,28.77
4959,Burkina Faso,potato,1990,61985,748.0,29.1,28.77
4960,Burkina Faso,rice,1990,20783,748.0,29.1,28.77
4963,Burkina Faso,potato,1990,67598,748.0,29.1,28.77
4966,Burkina Faso,maize,1991,16868,748.0,29.1,28.4
4967,Burkina Faso,potato,1991,61898,748.0,29.1,28.4
4968,Burkina Faso,rice,1991,21444,748.0,29.1,28.4
4971,Burkina Faso,potato,1991,55862,748.0,29.1,28.4
4974,Burkina Faso,maize,1992,15238,748.0,29.1,28.06
4975,Burkina Faso,potato,1992,60637,748.0,29.1,28.06
4976,Burkina Faso,rice,1992,18831,748.0,29.1,28.06
4979,Burkina Faso,potato,1992,56904,748.0,29.1,28.06
4982,Burkina Faso,maize,1993,13722,748.0,17.0,28.58
4983,Burkina Faso,potato,1993,62308,748.0,17.0,28.58
4984,Burkina Faso,rice,1993,21630,748.0,17.0,28.58
4987,Burkina Faso,potato,1993,50965,748.0,17.0,28.58
4990,Burkina Faso,maize,1994,16042,748.0,6.0,28.0
4991,Burkina Faso,potato,1994,61538,748.0,6.0,28.0
4992,Burkina Faso,rice,1994,19582,748.0,6.0,28.0
4995,Burkina Faso,potato,1994,55351,748.0,6.0,28.0
4998,Burkina Faso,maize,1995,11441,748.0,3.04,28.46
4999,Burkina Faso,potato,1995,62500,748.0,3.04,28.46
5000,Burkina Faso,rice,1995,19249,748.0,3.04,28.46
5003,Burkina Faso,potato,1995,36755,748.0,3.04,28.46
5006,Burkina Faso,maize,1996,15521,748.0,39.16,28.74
5007,Burkina Faso,potato,1996,28605,748.0,39.16,28.74
5008,Burkina Faso,rice,1996,23883,748.0,39.16,28.74
5011,Burkina Faso,potato,1996,62201,748.0,39.16,28.74
5014,Burkina Faso,maize,1997,15185,748.0,75.29,28.52
5015,Burkina Faso,potato,1997,23981,748.0,75.29,28.52
5016,Burkina Faso,rice,1997,15750,748.0,75.29,28.52
5019,Burkina Faso,potato,1997,52003,748.0,75.29,28.52
5022,Burkina Faso,maize,1998,13919,748.0,111.41,28.95
5023,Burkina Faso,potato,1998,24321,748.0,111.41,28.95
5024,Burkina Faso,rice,1998,19388,748.0,111.41,28.95
5027,Burkina Faso,potato,1998,56110,748.0,111.41,28.95
5030,Burkina Faso,maize,1999,16241,748.0,93.43,28.45
5031,Burkina Faso,potato,1999,22000,748.0,93.43,28.45
5032,Burkina Faso,rice,1999,24824,748.0,93.43,28.45
5035,Burkina Faso,potato,1999,84033,748.0,93.43,28.45
5038,Burkina Faso,maize,2000,17543,748.0,75.44,28.6
5039,Burkina Faso,potato,2000,21233,748.0,75.44,28.6
5040,Burkina Faso,rice,2000,25675,748.0,75.44,28.6
5043,Burkina Faso,potato,2000,133168,748.0,75.44,28.6
5046,Burkina Faso,maize,2001,18115,748.0,57.46,28.77
5047,Burkina Faso,potato,2001,15852,748.0,57.46,28.77
5048,Burkina Faso,rice,2001,18795,748.0,57.46,28.77
5051,Burkina Faso,potato,2001,78415,748.0,57.46,28.77
5054,Burkina Faso,maize,2002,17381,748.0,39.47,28.97
5055,Burkina Faso,potato,2002,20527,748.0,39.47,28.97
5056,Burkina Faso,rice,2002,19010,748.0,39.47,28.97
5059,Burkina Faso,potato,2002,61708,748.0,39.47,28.97
5062,Burkina Faso,maize,2004,12666,748.0,1.28,28.9
5063,Burkina Faso,potato,2004,18849,748.0,1.28,28.9
5064,Burkina Faso,rice,2004,15047,748.0,1.28,28.9
5067,Burkina Faso,potato,2004,69167,748.0,1.28,28.9
5070,Burkina Faso,maize,2005,18058,748.0,92.21,29.18
5071,Burkina Faso,potato,2005,20000,748.0,92.21,29.18
5072,Burkina Faso,rice,2005,17791,748.0,92.21,29.18
5075,Burkina Faso,potato,2005,83331,748.0,92.21,29.18
5078,Burkina Faso,maize,2006,19444,748.0,109.24,28.92
5079,Burkina Faso,potato,2006,20000,748.0,109.24,28.92
5080,Burkina Faso,rice,2006,25724,748.0,109.24,28.92
5083,Burkina Faso,potato,2006,125728,748.0,109.24,28.92
5086,Burkina Faso,maize,2007,11736,748.0,292.05,28.96
5087,Burkina Faso,potato,2007,20000,748.0,292.05,28.96
5088,Burkina Faso,rice,2007,17002,748.0,292.05,28.96
5091,Burkina Faso,potato,2007,90640,748.0,292.05,28.96
5094,Burkina Faso,maize,2008,16662,748.0,190.92,28.4
5095,Burkina Faso,potato,2008,17954,748.0,190.92,28.4
5096,Burkina Faso,rice,2008,24355,748.0,190.92,28.4
5099,Burkina Faso,potato,2008,110907,748.0,190.92,28.4
5102,Burkina Faso,maize,2009,15286,748.0,132.3,29.05
5103,Burkina Faso,potato,2009,18111,748.0,132.3,29.05
5104,Burkina Faso,rice,2009,23154,748.0,132.3,29.05
5107,Burkina Faso,potato,2009,126965,748.0,132.3,29.05
5110,Burkina Faso,maize,2010,14342,748.0,442.89,29.17
5111,Burkina Faso,potato,2010,18998,748.0,442.89,29.17
5112,Burkina Faso,rice,2010,20238,748.0,442.89,29.17
5115,Burkina Faso,potato,2010,102743,748.0,442.89,29.17
5118,Burkina Faso,maize,2011,15356,748.0,843.0,29.03
5119,Burkina Faso,potato,2011,19159,748.0,843.0,29.03
5120,Burkina Faso,rice,2011,17676,748.0,843.0,29.03
5123,Burkina Faso,potato,2011,190326,748.0,843.0,29.03
5126,Burkina Faso,maize,2012,18386,748.0,843.0,28.67
5127,Burkina Faso,potato,2012,19320,748.0,843.0,28.67
5128,Burkina Faso,rice,2012,23336,748.0,843.0,28.67
5131,Burkina Faso,potato,2012,83073,748.0,843.0,28.67
5134,Burkina Faso,maize,2013,17353,748.0,843.0,29.41
5135,Burkina Faso,potato,2013,19481,748.0,843.0,29.41
5136,Burkina Faso,rice,2013,21993,748.0,843.0,29.41
5139,Burkina Faso,potato,2013,146793,748.0,843.0,29.41
5142,Burundi,maize,1990,13540,1274.0,92.08,21.15
5143,Burundi,potato,1990,34836,1274.0,92.08,21.15
5144,Burundi,rice,1990,33333,1274.0,92.08,21.15
5147,Burundi,potato,1990,64427,1274.0,92.08,21.15
5151,Burundi,maize,1991,13887,1274.0,92.08,20.97
5152,Burundi,potato,1991,32454,1274.0,92.08,20.97
5153,Burundi,rice,1991,30923,1274.0,92.08,20.97
5156,Burundi,potato,1991,64810,1274.0,92.08,20.97
5160,Burundi,maize,1992,14218,1274.0,92.08,21.31
5161,Burundi,potato,1992,33357,1274.0,92.08,21.31
5162,Burundi,rice,1992,31077,1274.0,92.08,21.31
5165,Burundi,potato,1992,63418,1274.0,92.08,21.31
5169,Burundi,maize,1993,14342,1274.0,96.99,21.17
5170,Burundi,potato,1993,28125,1274.0,96.99,21.17
5171,Burundi,rice,1993,31398,1274.0,96.99,21.17
5174,Burundi,potato,1993,64762,1274.0,96.99,21.17
5178,Burundi,maize,1994,12276,1274.0,84.45,21.25
5179,Burundi,potato,1994,29453,1274.0,84.45,21.25
5180,Burundi,rice,1994,31099,1274.0,84.45,21.25
5183,Burundi,potato,1994,60149,1274.0,84.45,21.25
5187,Burundi,maize,1995,12752,1274.0,144.2,21.55
5188,Burundi,potato,1995,29691,1274.0,144.2,21.55
5189,Burundi,rice,1995,26819,1274.0,144.2,21.55
5192,Burundi,potato,1995,61230,1274.0,144.2,21.55
5196,Burundi,maize,1996,13133,1274.0,207.1,21.18
5197,Burundi,potato,1996,28825,1274.0,207.1,21.18
5198,Burundi,rice,1996,27873,1274.0,207.1,21.18
5201,Burundi,potato,1996,62061,1274.0,207.1,21.18
5205,Burundi,maize,1997,12608,1274.0,117.56,21.51
5206,Burundi,potato,1997,32397,1274.0,117.56,21.51
5207,Burundi,rice,1997,32551,1274.0,117.56,21.51
5210,Burundi,potato,1997,61879,1274.0,117.56,21.51
5214,Burundi,maize,1998,11463,1274.0,107.29,21.56
5215,Burundi,potato,1998,25950,1274.0,107.29,21.56
5216,Burundi,rice,1998,29927,1274.0,107.29,21.56
5219,Burundi,potato,1998,59048,1274.0,107.29,21.56
5223,Burundi,maize,1999,11192,1274.0,150.24,21.01
5224,Burundi,potato,1999,24393,1274.0,150.24,21.01
5225,Burundi,rice,1999,32572,1274.0,150.24,21.01
5228,Burundi,potato,1999,65551,1274.0,150.24,21.01
5232,Burundi,maize,2000,10521,1274.0,109.87,21.32
5233,Burundi,potato,2000,25242,1274.0,109.87,21.32
5234,Burundi,rice,2000,30399,1274.0,109.87,21.32
5237,Burundi,potato,2000,62489,1274.0,109.87,21.32
5241,Burundi,maize,2001,10817,1274.0,72.56,21.24
5242,Burundi,potato,2001,25757,1274.0,72.56,21.24
5243,Burundi,rice,2001,32063,1274.0,72.56,21.24
5246,Burundi,potato,2001,65072,1274.0,72.56,21.24
5250,Burundi,maize,2002,10931,1274.0,98.1,21.45
5251,Burundi,potato,2002,26760,1274.0,98.1,21.45
5252,Burundi,rice,2002,32629,1274.0,98.1,21.45
5255,Burundi,potato,2002,67215,1274.0,98.1,21.45
5259,Burundi,maize,2004,10807,1274.0,508.26,21.71
5260,Burundi,potato,2004,28732,1274.0,508.26,21.71
5261,Burundi,rice,2004,32924,1274.0,508.26,21.71
5264,Burundi,potato,2004,66752,1274.0,508.26,21.71
5268,Burundi,maize,2005,10833,1274.0,304.83,22.29
5269,Burundi,potato,2005,25483,1274.0,304.83,22.29
5270,Burundi,rice,2005,34144,1274.0,304.83,22.29
5273,Burundi,potato,2005,65368,1274.0,304.83,22.29
5277,Burundi,maize,2006,10159,1274.0,190.51,21.83
5278,Burundi,potato,2006,26176,1274.0,190.51,21.83
5279,Burundi,rice,2006,33322,1274.0,190.51,21.83
5282,Burundi,potato,2006,66985,1274.0,190.51,21.83
5286,Burundi,maize,2007,10244,1274.0,412.66,21.28
5287,Burundi,potato,2007,34521,1274.0,412.66,21.28
5288,Burundi,rice,2007,33767,1274.0,412.66,21.28
5291,Burundi,potato,2007,66692,1274.0,412.66,21.28
5295,Burundi,maize,2008,10041,1274.0,456.44,21.29
5296,Burundi,potato,2008,26273,1274.0,456.44,21.29
5297,Burundi,rice,2008,32203,1274.0,456.44,21.29
5300,Burundi,potato,2008,65947,1274.0,456.44,21.29
5304,Burundi,maize,2009,10032,1274.0,177.75,21.42
5305,Burundi,potato,2009,27711,1274.0,177.75,21.42
5306,Burundi,rice,2009,32680,1274.0,177.75,21.42
5309,Burundi,potato,2009,67125,1274.0,177.75,21.42
5313,Burundi,maize,2010,10511,1274.0,264.53,21.75
5314,Burundi,potato,2010,42521,1274.0,264.53,21.75
5315,Burundi,rice,2010,28268,1274.0,264.53,21.75
5318,Burundi,potato,2010,77508,1274.0,264.53,21.75
5322,Burundi,maize,2011,11023,1274.0,75.64,21.23
5323,Burundi,potato,2011,45493,1274.0,75.64,21.23
5324,Burundi,rice,2011,26876,1274.0,75.64,21.23
5327,Burundi,potato,2011,78801,1274.0,75.64,21.23
5331,Burundi,maize,2012,11763,1274.0,98.59,21.44
5332,Burundi,potato,2012,31165,1274.0,98.59,21.44
5333,Burundi,rice,2012,21041,1274.0,98.59,21.44
5336,Burundi,potato,2012,65035,1274.0,98.59,21.44
5340,Burundi,maize,2013,13218,1274.0,956.06,21.53
5341,Burundi,potato,2013,62252,1274.0,956.06,21.53
5342,Burundi,rice,2013,19130,1274.0,956.06,21.53
5345,Burundi,potato,2013,104528,1274.0,956.06,21.53
5349,Cameroon,maize,1990,18543,1604.0,450.01,25.08
5351,Cameroon,potato,1990,16142,1604.0,450.01,25.08
5352,Cameroon,rice,1990,49999,1604.0,450.01,25.08
5355,Cameroon,potato,1990,78150,1604.0,450.01,25.08
5359,Cameroon,maize,1991,19800,1604.0,99.09,24.99
5361,Cameroon,potato,1991,16875,1604.0,99.09,24.99
5362,Cameroon,rice,1991,36400,1604.0,99.09,24.99
5365,Cameroon,potato,1991,63103,1604.0,99.09,24.99
5369,Cameroon,maize,1992,13974,1604.0,1137.56,24.6
5371,Cameroon,potato,1992,20500,1604.0,1137.56,24.6
5372,Cameroon,rice,1992,35000,1604.0,1137.56,24.6
5375,Cameroon,potato,1992,62643,1604.0,1137.56,24.6
5379,Cameroon,maize,1993,11267,1604.0,774.49,24.9
5381,Cameroon,potato,1993,21111,1604.0,774.49,24.9
5382,Cameroon,rice,1993,29000,1604.0,774.49,24.9
5385,Cameroon,potato,1993,62183,1604.0,774.49,24.9
5389,Cameroon,maize,1994,11644,1604.0,411.42,24.93
5391,Cameroon,potato,1994,19811,1604.0,411.42,24.93
5392,Cameroon,rice,1994,31423,1604.0,411.42,24.93
5395,Cameroon,potato,1994,61724,1604.0,411.42,24.93
5399,Cameroon,maize,1995,15450,1604.0,48.35,25.21
5401,Cameroon,potato,1995,20588,1604.0,48.35,25.21
5402,Cameroon,rice,1995,31307,1604.0,48.35,25.21
5405,Cameroon,potato,1995,61264,1604.0,48.35,25.21
5409,Cameroon,maize,1996,18750,1604.0,180.08,25.0
5411,Cameroon,potato,1996,29064,1604.0,180.08,25.0
5412,Cameroon,rice,1996,31391,1604.0,180.08,25.0
5415,Cameroon,potato,1996,60681,1604.0,180.08,25.0
5419,Cameroon,maize,1997,20267,1604.0,630.12,24.98
5421,Cameroon,potato,1997,40329,1604.0,630.12,24.98
5422,Cameroon,rice,1997,33636,1604.0,630.12,24.98
5425,Cameroon,potato,1997,65306,1604.0,630.12,24.98
5429,Cameroon,maize,1998,18911,1604.0,258.02,25.66
5431,Cameroon,potato,1998,53198,1604.0,258.02,25.66
5432,Cameroon,rice,1998,35467,1604.0,258.02,25.66
5435,Cameroon,potato,1998,74780,1604.0,258.02,25.66
5439,Cameroon,maize,1999,25907,1604.0,653.0,24.97
5441,Cameroon,potato,1999,60031,1604.0,653.0,24.97
5442,Cameroon,rice,1999,33095,1604.0,653.0,24.97
5445,Cameroon,potato,1999,65895,1604.0,653.0,24.97
5449,Cameroon,maize,2000,24615,1604.0,545.0,24.88
5451,Cameroon,potato,2000,59044,1604.0,545.0,24.88
5452,Cameroon,rice,2000,30103,1604.0,545.0,24.88
5455,Cameroon,potato,2000,64578,1604.0,545.0,24.88
5459,Cameroon,maize,2001,24404,1604.0,687.0,25.01
5461,Cameroon,potato,2001,51674,1604.0,687.0,25.01
5462,Cameroon,rice,2001,30242,1604.0,687.0,25.01
5465,Cameroon,potato,2001,64856,1604.0,687.0,25.01
5469,Cameroon,maize,2002,20679,1604.0,815.79,25.26
5471,Cameroon,potato,2002,39452,1604.0,815.79,25.26
5472,Cameroon,rice,2002,11137,1604.0,815.79,25.26
5475,Cameroon,potato,2002,45554,1604.0,815.79,25.26
5479,Cameroon,maize,2004,19166,1604.0,849.48,25.42
5481,Cameroon,potato,2004,31159,1604.0,849.48,25.42
5482,Cameroon,rice,2004,12416,1604.0,849.48,25.42
5485,Cameroon,potato,2004,41558,1604.0,849.48,25.42
5489,Cameroon,maize,2005,21334,1604.0,829.59,25.36
5491,Cameroon,potato,2005,25900,1604.0,829.59,25.36
5492,Cameroon,rice,2005,12971,1604.0,829.59,25.36
5495,Cameroon,potato,2005,67586,1604.0,829.59,25.36
5499,Cameroon,maize,2006,22224,1604.0,950.22,25.39
5501,Cameroon,potato,2006,27330,1604.0,950.22,25.39
5502,Cameroon,rice,2006,12905,1604.0,950.22,25.39
5505,Cameroon,potato,2006,66603,1604.0,950.22,25.39
5509,Cameroon,maize,2007,20000,1604.0,918.88,25.49
5511,Cameroon,potato,2007,26587,1604.0,918.88,25.49
5512,Cameroon,rice,2007,10000,1604.0,918.88,25.49
5515,Cameroon,potato,2007,55032,1604.0,918.88,25.49
5519,Cameroon,maize,2008,20000,1604.0,882.13,25.42
5521,Cameroon,potato,2008,26367,1604.0,882.13,25.42
5522,Cameroon,rice,2008,10000,1604.0,882.13,25.42
5525,Cameroon,potato,2008,59989,1604.0,882.13,25.42
5529,Cameroon,maize,2009,19787,1604.0,813.77,25.54
5531,Cameroon,potato,2009,28754,1604.0,813.77,25.54
5532,Cameroon,rice,2009,27475,1604.0,813.77,25.54
5535,Cameroon,potato,2009,54288,1604.0,813.77,25.54
5539,Cameroon,maize,2010,19741,1604.0,1160.63,25.7
5541,Cameroon,potato,2010,44088,1604.0,1160.63,25.7
5542,Cameroon,rice,2010,10936,1604.0,1160.63,25.7
5545,Cameroon,potato,2010,54179,1604.0,1160.63,25.7
5549,Cameroon,maize,2011,20240,1604.0,1372.47,25.25
5551,Cameroon,potato,2011,73940,1604.0,1372.47,25.25
5552,Cameroon,rice,2011,13464,1604.0,1372.47,25.25
5555,Cameroon,potato,2011,49900,1604.0,1372.47,25.25
5559,Cameroon,maize,2012,17152,1604.0,1372.47,25.18
5561,Cameroon,potato,2012,103444,1604.0,1372.47,25.18
5562,Cameroon,rice,2012,14217,1604.0,1372.47,25.18
5565,Cameroon,potato,2012,60000,1604.0,1372.47,25.18
5569,Cameroon,maize,2013,19787,1604.0,1372.47,25.45
5571,Cameroon,potato,2013,133560,1604.0,1372.47,25.45
5572,Cameroon,rice,2013,11641,1604.0,1372.47,25.45
5575,Cameroon,potato,2013,54288,1604.0,1372.47,25.45
5578,Canada,maize,1990,68602,537.0,29568.0,8.2
5579,Canada,maize,1990,68602,537.0,29568.0,9.48
5580,Canada,maize,1990,68602,537.0,29568.0,6.07
5581,Canada,maize,1990,68602,537.0,29568.0,5.57
5582,Canada,maize,1990,68602,537.0,29568.0,7.41
5583,Canada,maize,1990,68602,537.0,29568.0,7.82
5584,Canada,potato,1990,250994,537.0,29568.0,8.2
5585,Canada,potato,1990,250994,537.0,29568.0,9.48
5586,Canada,potato,1990,250994,537.0,29568.0,6.07
5587,Canada,potato,1990,250994,537.0,29568.0,5.57
5588,Canada,potato,1990,250994,537.0,29568.0,7.41
5589,Canada,potato,1990,250994,537.0,29568.0,7.82
5602,Canada,maize,1991,67098,537.0,29477.5,8.13
5603,Canada,maize,1991,67098,537.0,29477.5,9.72
5604,Canada,maize,1991,67098,537.0,29477.5,5.82
5605,Canada,maize,1991,67098,537.0,29477.5,5.46
5606,Canada,maize,1991,67098,537.0,29477.5,7.55
5607,Canada,maize,1991,67098,537.0,29477.5,7.89
5608,Canada,potato,1991,96637,537.0,29477.5,8.13
5609,Canada,potato,1991,96637,537.0,29477.5,9.72
5610,Canada,potato,1991,96637,537.0,29477.5,5.82
5611,Canada,potato,1991,96637,537.0,29477.5,5.46
5612,Canada,potato,1991,96637,537.0,29477.5,7.55
5613,Canada,potato,1991,96637,537.0,29477.5,7.89
5626,Canada,maize,1992,56927,537.0,29387.0,6.25
5627,Canada,maize,1992,56927,537.0,29387.0,8.05
5628,Canada,maize,1992,56927,537.0,29387.0,4.41
5629,Canada,maize,1992,56927,537.0,29387.0,3.69
5630,Canada,maize,1992,56927,537.0,29387.0,5.79
5631,Canada,maize,1992,56927,537.0,29387.0,8.77
5632,Canada,potato,1992,118173,537.0,29387.0,6.25
5633,Canada,potato,1992,118173,537.0,29387.0,8.05
5634,Canada,potato,1992,118173,537.0,29387.0,4.41
5635,Canada,potato,1992,118173,537.0,29387.0,3.69
5636,Canada,potato,1992,118173,537.0,29387.0,5.79
5637,Canada,potato,1992,118173,537.0,29387.0,8.77
5650,Canada,maize,1993,64241,537.0,29296.5,6.48
5651,Canada,maize,1993,64241,537.0,29296.5,8.11
5652,Canada,maize,1993,64241,537.0,29296.5,4.52
5653,Canada,maize,1993,64241,537.0,29296.5,3.96
5654,Canada,maize,1993,64241,537.0,29296.5,5.87
5655,Canada,maize,1993,64241,537.0,29296.5,7.69
5656,Canada,potato,1993,107674,537.0,29296.5,6.48
5657,Canada,potato,1993,107674,537.0,29296.5,8.11
5658,Canada,potato,1993,107674,537.0,29296.5,4.52
5659,Canada,potato,1993,107674,537.0,29296.5,3.96
5660,Canada,potato,1993,107674,537.0,29296.5,5.87
5661,Canada,potato,1993,107674,537.0,29296.5,7.69
5674,Canada,maize,1994,73748,537.0,29206.0,6.52
5675,Canada,maize,1994,73748,537.0,29206.0,8.11
5676,Canada,maize,1994,73748,537.0,29206.0,4.72
5677,Canada,maize,1994,73748,537.0,29206.0,4.06
5678,Canada,maize,1994,73748,537.0,29206.0,5.95
5679,Canada,maize,1994,73748,537.0,29206.0,8.27
5680,Canada,potato,1994,112448,537.0,29206.0,6.52
5681,Canada,potato,1994,112448,537.0,29206.0,8.11
5682,Canada,potato,1994,112448,537.0,29206.0,4.72
5683,Canada,potato,1994,112448,537.0,29206.0,4.06
5684,Canada,potato,1994,112448,537.0,29206.0,5.95
5685,Canada,potato,1994,112448,537.0,29206.0,8.27
5698,Canada,maize,1995,72528,537.0,32223.4,7.19
5699,Canada,maize,1995,72528,537.0,32223.4,8.52
5700,Canada,maize,1995,72528,537.0,32223.4,5.47
5701,Canada,maize,1995,72528,537.0,32223.4,4.81
5702,Canada,maize,1995,72528,537.0,32223.4,6.38
5703,Canada,maize,1995,72528,537.0,32223.4,8.49
5704,Canada,potato,1995,107859,537.0,32223.4,7.19
5705,Canada,potato,1995,107859,537.0,32223.4,8.52
5706,Canada,potato,1995,107859,537.0,32223.4,5.47
5707,Canada,potato,1995,107859,537.0,32223.4,4.81
5708,Canada,potato,1995,107859,537.0,32223.4,6.38
5709,Canada,potato,1995,107859,537.0,32223.4,8.49
5722,Canada,maize,1996,69141,537.0,35240.8,6.88
5723,Canada,maize,1996,69141,537.0,35240.8,7.85
5724,Canada,maize,1996,69141,537.0,35240.8,5.25
5725,Canada,maize,1996,69141,537.0,35240.8,4.66
5726,Canada,maize,1996,69141,537.0,35240.8,5.81
5727,Canada,maize,1996,69141,537.0,35240.8,7.16
5728,Canada,potato,1996,112323,537.0,35240.8,6.88
5729,Canada,potato,1996,112323,537.0,35240.8,7.85
5730,Canada,potato,1996,112323,537.0,35240.8,5.25
5731,Canada,potato,1996,112323,537.0,35240.8,4.66
5732,Canada,potato,1996,112323,537.0,35240.8,5.81
5733,Canada,potato,1996,112323,537.0,35240.8,7.16
5746,Canada,maize,1997,68702,537.0,38258.2,6.72
5747,Canada,maize,1997,68702,537.0,38258.2,8.09
5748,Canada,maize,1997,68702,537.0,38258.2,4.54
5749,Canada,maize,1997,68702,537.0,38258.2,3.99
5750,Canada,maize,1997,68702,537.0,38258.2,6.0
5751,Canada,maize,1997,68702,537.0,38258.2,8.23
5752,Canada,potato,1997,111195,537.0,38258.2,6.72
5753,Canada,potato,1997,111195,537.0,38258.2,8.09
5754,Canada,potato,1997,111195,537.0,38258.2,4.54
5755,Canada,potato,1997,111195,537.0,38258.2,3.99
5756,Canada,potato,1997,111195,537.0,38258.2,6.0
5757,Canada,potato,1997,111195,537.0,38258.2,8.23
5770,Canada,maize,1998,80054,537.0,41275.6,9.01
5771,Canada,maize,1998,80054,537.0,41275.6,10.6
5772,Canada,maize,1998,80054,537.0,41275.6,7.0
5773,Canada,maize,1998,80054,537.0,41275.6,6.68
5774,Canada,maize,1998,80054,537.0,41275.6,8.54
5775,Canada,maize,1998,80054,537.0,41275.6,8.72
5776,Canada,potato,1998,112271,537.0,41275.6,9.01
5777,Canada,potato,1998,112271,537.0,41275.6,10.6
5778,Canada,potato,1998,112271,537.0,41275.6,7.0
5779,Canada,potato,1998,112271,537.0,41275.6,6.68
5780,Canada,potato,1998,112271,537.0,41275.6,8.54
5781,Canada,potato,1998,112271,537.0,41275.6,8.72
5794,Canada,maize,1999,79747,537.0,44293.0,8.29
5795,Canada,maize,1999,79747,537.0,44293.0,9.53
5796,Canada,maize,1999,79747,537.0,44293.0,6.71
5797,Canada,maize,1999,79747,537.0,44293.0,6.02
5798,Canada,maize,1999,79747,537.0,44293.0,7.75
5799,Canada,maize,1999,79747,537.0,44293.0,7.69
5800,Canada,potato,1999,110517,537.0,44293.0,8.29
5801,Canada,potato,1999,110517,537.0,44293.0,9.53
5802,Canada,potato,1999,110517,537.0,44293.0,6.71
5803,Canada,potato,1999,110517,537.0,44293.0,6.02
5804,Canada,potato,1999,110517,537.0,44293.0,7.75
5805,Canada,potato,1999,110517,537.0,44293.0,7.69
5818,Canada,maize,2000,62844,537.0,39667.0,6.93
5819,Canada,maize,2000,62844,537.0,39667.0,8.67
5820,Canada,maize,2000,62844,537.0,39667.0,5.14
5821,Canada,maize,2000,62844,537.0,39667.0,4.61
5822,Canada,maize,2000,62844,537.0,39667.0,6.67
5823,Canada,maize,2000,62844,537.0,39667.0,7.63
5824,Canada,potato,2000,116314,537.0,39667.0,6.93
5825,Canada,potato,2000,116314,537.0,39667.0,8.67
5826,Canada,potato,2000,116314,537.0,39667.0,5.14
5827,Canada,potato,2000,116314,537.0,39667.0,4.61
5828,Canada,potato,2000,116314,537.0,39667.0,6.67
5829,Canada,potato,2000,116314,537.0,39667.0,7.63
5842,Canada,maize,2001,66187,537.0,38456.0,8.47
5843,Canada,maize,2001,66187,537.0,38456.0,9.63
5844,Canada,maize,2001,66187,537.0,38456.0,6.46
5845,Canada,maize,2001,66187,537.0,38456.0,6.01
5846,Canada,maize,2001,66187,537.0,38456.0,7.76
5847,Canada,maize,2001,66187,537.0,38456.0,7.77
5848,Canada,potato,2001,102703,537.0,38456.0,8.47
5849,Canada,potato,2001,102703,537.0,38456.0,9.63
5850,Canada,potato,2001,102703,537.0,38456.0,6.46
5851,Canada,potato,2001,102703,537.0,38456.0,6.01
5852,Canada,potato,2001,102703,537.0,38456.0,7.76
5853,Canada,potato,2001,102703,537.0,38456.0,7.77
5866,Canada,maize,2002,70128,537.0,34226.0,8.18
5867,Canada,maize,2002,70128,537.0,34226.0,9.45
5868,Canada,maize,2002,70128,537.0,34226.0,6.01
5869,Canada,maize,2002,70128,537.0,34226.0,5.47
5870,Canada,maize,2002,70128,537.0,34226.0,7.48
5871,Canada,maize,2002,70128,537.0,34226.0,7.82
5872,Canada,potato,2002,111652,537.0,34226.0,8.18
5873,Canada,potato,2002,111652,537.0,34226.0,9.45
5874,Canada,potato,2002,111652,537.0,34226.0,6.01
5875,Canada,potato,2002,111652,537.0,34226.0,5.47
5876,Canada,potato,2002,111652,537.0,34226.0,7.48
5877,Canada,potato,2002,111652,537.0,34226.0,7.82
5890,Canada,maize,2004,82410,537.0,36138.0,7.02
5891,Canada,maize,2004,82410,537.0,36138.0,8.63
5892,Canada,maize,2004,82410,537.0,36138.0,4.91
5893,Canada,maize,2004,82410,537.0,36138.0,4.46
5894,Canada,maize,2004,82410,537.0,36138.0,6.4
5895,Canada,maize,2004,82410,537.0,36138.0,8.95
5896,Canada,potato,2004,123630,537.0,36138.0,7.02
5897,Canada,potato,2004,123630,537.0,36138.0,8.63
5898,Canada,potato,2004,123630,537.0,36138.0,4.91
5899,Canada,potato,2004,123630,537.0,36138.0,4.46
5900,Canada,potato,2004,123630,537.0,36138.0,6.4
5901,Canada,potato,2004,123630,537.0,36138.0,8.95
5914,Canada,maize,2005,86035,537.0,36363.0,7.89
5915,Canada,maize,2005,86035,537.0,36363.0,9.05
5916,Canada,maize,2005,86035,537.0,36363.0,5.95
5917,Canada,maize,2005,86035,537.0,36363.0,5.53
5918,Canada,maize,2005,86035,537.0,36363.0,7.22
5919,Canada,maize,2005,86035,537.0,36363.0,8.38
5920,Canada,potato,2005,115053,537.0,36363.0,7.89
5921,Canada,potato,2005,115053,537.0,36363.0,9.05
5922,Canada,potato,2005,115053,537.0,36363.0,5.95
5923,Canada,potato,2005,115053,537.0,36363.0,5.53
5924,Canada,potato,2005,115053,537.0,36363.0,7.22
5925,Canada,potato,2005,115053,537.0,36363.0,8.38
5938,Canada,maize,2006,84737,537.0,36572.75,8.66
5939,Canada,maize,2006,84737,537.0,36572.75,9.83
5940,Canada,maize,2006,84737,537.0,36572.75,6.95
5941,Canada,maize,2006,84737,537.0,36572.75,6.3
5942,Canada,maize,2006,84737,537.0,36572.75,7.85
5943,Canada,maize,2006,84737,537.0,36572.75,8.31
5944,Canada,potato,2006,130482,537.0,36572.75,8.66
5945,Canada,potato,2006,130482,537.0,36572.75,9.83
5946,Canada,potato,2006,130482,537.0,36572.75,6.95
5947,Canada,potato,2006,130482,537.0,36572.75,6.3
5948,Canada,potato,2006,130482,537.0,36572.75,7.85
5949,Canada,potato,2006,130482,537.0,36572.75,8.31
5962,Canada,maize,2007,85108,537.0,45140.03,7.42
5963,Canada,maize,2007,85108,537.0,45140.03,9.14
5964,Canada,maize,2007,85108,537.0,45140.03,5.25
5965,Canada,maize,2007,85108,537.0,45140.03,4.96
5966,Canada,maize,2007,85108,537.0,45140.03,7.07
5967,Canada,maize,2007,85108,537.0,45140.03,7.72
5968,Canada,potato,2007,126498,537.0,45140.03,7.42
5969,Canada,potato,2007,126498,537.0,45140.03,9.14
5970,Canada,potato,2007,126498,537.0,45140.03,5.25
5971,Canada,potato,2007,126498,537.0,45140.03,4.96
5972,Canada,potato,2007,126498,537.0,45140.03,7.07
5973,Canada,potato,2007,126498,537.0,45140.03,7.72
5986,Canada,maize,2008,90623,537.0,53707.3,7.5
5987,Canada,maize,2008,90623,537.0,53707.3,8.61
5988,Canada,maize,2008,90623,537.0,53707.3,5.62
5989,Canada,maize,2008,90623,537.0,53707.3,5.01
5990,Canada,maize,2008,90623,537.0,53707.3,6.58
5991,Canada,maize,2008,90623,537.0,53707.3,7.3
5992,Canada,potato,2008,126065,537.0,53707.3,7.5
5993,Canada,potato,2008,126065,537.0,53707.3,8.61
5994,Canada,potato,2008,126065,537.0,53707.3,5.62
5995,Canada,potato,2008,126065,537.0,53707.3,5.01
5996,Canada,potato,2008,126065,537.0,53707.3,6.58
5997,Canada,potato,2008,126065,537.0,53707.3,7.3
6010,Canada,maize,2009,83723,537.0,54529.4,7.12
6011,Canada,maize,2009,83723,537.0,54529.4,8.38
6012,Canada,maize,2009,83723,537.0,54529.4,5.27
6013,Canada,maize,2009,83723,537.0,54529.4,4.71
6014,Canada,maize,2009,83723,537.0,54529.4,6.28
6015,Canada,maize,2009,83723,537.0,54529.4,7.8
6016,Canada,potato,2009,127453,537.0,54529.4,7.12
6017,Canada,potato,2009,127453,537.0,54529.4,8.38
6018,Canada,potato,2009,127453,537.0,54529.4,5.27
6019,Canada,potato,2009,127453,537.0,54529.4,4.71
6020,Canada,potato,2009,127453,537.0,54529.4,6.28
6021,Canada,potato,2009,127453,537.0,54529.4,7.8
6034,Canada,maize,2010,97385,537.0,61050.0,8.64
6035,Canada,maize,2010,97385,537.0,61050.0,9.47
6036,Canada,maize,2010,97385,537.0,61050.0,7.11
6037,Canada,maize,2010,97385,537.0,61050.0,6.73
6038,Canada,maize,2010,97385,537.0,61050.0,7.77
6039,Canada,maize,2010,97385,537.0,61050.0,8.33
6040,Canada,potato,2010,128373,537.0,61050.0,8.64
6041,Canada,potato,2010,128373,537.0,61050.0,9.47
6042,Canada,potato,2010,128373,537.0,61050.0,7.11
6043,Canada,potato,2010,128373,537.0,61050.0,6.73
6044,Canada,potato,2010,128373,537.0,61050.0,7.77
6045,Canada,potato,2010,128373,537.0,61050.0,8.33
6058,Canada,maize,2011,88946,537.0,62107.2,8.34
6059,Canada,maize,2011,88946,537.0,62107.2,9.32
6060,Canada,maize,2011,88946,537.0,62107.2,6.52
6061,Canada,maize,2011,88946,537.0,62107.2,6.14
6062,Canada,maize,2011,88946,537.0,62107.2,7.3
6063,Canada,maize,2011,88946,537.0,62107.2,7.21
6064,Canada,potato,2011,120376,537.0,62107.2,8.34
6065,Canada,potato,2011,120376,537.0,62107.2,9.32
6066,Canada,potato,2011,120376,537.0,62107.2,6.52
6067,Canada,potato,2011,120376,537.0,62107.2,6.14
6068,Canada,potato,2011,120376,537.0,62107.2,7.3
6069,Canada,potato,2011,120376,537.0,62107.2,7.21
6082,Canada,maize,2012,92109,537.0,73508.9,9.24
6083,Canada,maize,2012,92109,537.0,73508.9,10.51
6084,Canada,maize,2012,92109,537.0,73508.9,7.09
6085,Canada,maize,2012,92109,537.0,73508.9,6.59
6086,Canada,maize,2012,92109,537.0,73508.9,8.66
6087,Canada,maize,2012,92109,537.0,73508.9,7.85
6088,Canada,potato,2012,124735,537.0,73508.9,9.24
6089,Canada,potato,2012,124735,537.0,73508.9,10.51
6090,Canada,potato,2012,124735,537.0,73508.9,7.09
6091,Canada,potato,2012,124735,537.0,73508.9,6.59
6092,Canada,potato,2012,124735,537.0,73508.9,8.66
6093,Canada,potato,2012,124735,537.0,73508.9,7.85
6106,Canada,maize,2013,95878,537.0,81659.8,9.19
6107,Canada,maize,2013,95878,537.0,81659.8,10.11
6108,Canada,maize,2013,95878,537.0,81659.8,7.86
6109,Canada,maize,2013,95878,537.0,81659.8,7.08
6110,Canada,maize,2013,95878,537.0,81659.8,8.46
6111,Canada,maize,2013,95878,537.0,81659.8,9.85
6112,Canada,potato,2013,132270,537.0,81659.8,9.19
6113,Canada,potato,2013,132270,537.0,81659.8,10.11
6114,Canada,potato,2013,132270,537.0,81659.8,7.86
6115,Canada,potato,2013,132270,537.0,81659.8,7.08
6116,Canada,potato,2013,132270,537.0,81659.8,8.46
6117,Canada,potato,2013,132270,537.0,81659.8,9.85
6131,Central African Republic,maize,1990,7324,1342.0,0.04,25.42
6133,Central African Republic,potato,1990,24509,1342.0,0.04,25.42
6134,Central African Republic,rice,1990,16729,1342.0,0.04,25.42
6138,Central African Republic,maize,1991,8149,1342.0,0.04,25.45
6140,Central African Republic,potato,1991,25714,1342.0,0.04,25.45
6141,Central African Republic,rice,1991,13375,1342.0,0.04,25.45
6145,Central African Republic,maize,1992,9038,1342.0,0.04,24.81
6147,Central African Republic,potato,1992,25813,1342.0,0.04,24.81
6148,Central African Republic,rice,1992,14516,1342.0,0.04,24.81
6152,Central African Republic,maize,1993,9038,1342.0,0.25,25.14
6154,Central African Republic,potato,1993,25833,1342.0,0.25,25.14
6155,Central African Republic,rice,1993,14514,1342.0,0.25,25.14
6159,Central African Republic,maize,1994,8500,1342.0,2.16,25.39
6161,Central African Republic,potato,1994,25785,1342.0,2.16,25.39
6162,Central African Republic,rice,1994,13201,1342.0,2.16,25.39
6166,Central African Republic,maize,1995,8500,1342.0,22.87,25.5
6168,Central African Republic,potato,1995,25725,1342.0,22.87,25.5
6169,Central African Republic,rice,1995,15214,1342.0,22.87,25.5
6173,Central African Republic,maize,1996,8500,1342.0,22.87,25.32
6175,Central African Republic,potato,1996,25676,1342.0,22.87,25.32
6176,Central African Republic,rice,1996,13200,1342.0,22.87,25.32
6180,Central African Republic,maize,1997,9178,1342.0,22.87,25.69
6182,Central African Republic,potato,1997,25549,1342.0,22.87,25.69
6183,Central African Republic,rice,1997,14167,1342.0,22.87,25.69
6187,Central African Republic,maize,1998,9799,1342.0,22.87,25.96
6189,Central African Republic,potato,1998,25526,1342.0,22.87,25.96
6190,Central African Republic,rice,1998,14231,1342.0,22.87,25.96
6194,Central African Republic,maize,1999,10556,1342.0,22.87,25.05
6196,Central African Republic,potato,1999,25434,1342.0,22.87,25.05
6197,Central African Republic,rice,1999,15000,1342.0,22.87,25.05
6201,Central African Republic,maize,2000,10600,1342.0,22.87,25.4
6203,Central African Republic,potato,2000,25641,1342.0,22.87,25.4
6204,Central African Republic,rice,2000,14903,1342.0,22.87,25.4
6208,Central African Republic,maize,2001,10700,1342.0,22.87,25.28
6210,Central African Republic,potato,2001,24792,1342.0,22.87,25.28
6211,Central African Republic,rice,2001,14882,1342.0,22.87,25.28
6215,Central African Republic,maize,2002,9826,1342.0,22.87,25.44
6217,Central African Republic,potato,2002,24109,1342.0,22.87,25.44
6218,Central African Republic,rice,2002,14891,1342.0,22.87,25.44
6222,Central African Republic,maize,2004,9615,1342.0,22.87,25.67
6224,Central African Republic,potato,2004,20308,1342.0,22.87,25.67
6225,Central African Republic,rice,2004,19938,1342.0,22.87,25.67
6229,Central African Republic,maize,2005,9034,1342.0,22.87,25.92
6231,Central African Republic,potato,2005,18862,1342.0,22.87,25.92
6232,Central African Republic,rice,2005,20087,1342.0,22.87,25.92
6236,Central African Republic,maize,2006,9010,1342.0,22.87,25.85
6238,Central African Republic,potato,2006,15360,1342.0,22.87,25.85
6239,Central African Republic,rice,2006,16000,1342.0,22.87,25.85
6243,Central African Republic,maize,2007,8500,1342.0,22.87,25.88
6245,Central African Republic,potato,2007,14295,1342.0,22.87,25.88
6246,Central African Republic,rice,2007,15000,1342.0,22.87,25.88
6250,Central African Republic,maize,2008,8500,1342.0,22.87,25.76
6252,Central African Republic,potato,2008,13425,1342.0,22.87,25.76
6253,Central African Republic,rice,2008,15000,1342.0,22.87,25.76
6257,Central African Republic,maize,2009,8500,1342.0,22.87,26.17
6259,Central African Republic,potato,2009,12657,1342.0,22.87,26.17
6260,Central African Republic,rice,2009,15000,1342.0,22.87,26.17
6264,Central African Republic,maize,2010,16148,1342.0,22.87,26.06
6266,Central African Republic,potato,2010,11650,1342.0,22.87,26.06
6267,Central African Republic,rice,2010,23353,1342.0,22.87,26.06
6271,Central African Republic,maize,2011,16804,1342.0,22.87,25.23
6273,Central African Republic,potato,2011,11574,1342.0,22.87,25.23
6274,Central African Republic,rice,2011,16000,1342.0,22.87,25.23
6278,Central African Republic,maize,2012,17505,1342.0,22.87,25.28
6280,Central African Republic,potato,2012,11818,1342.0,22.87,25.28
6281,Central African Republic,rice,2012,30000,1342.0,22.87,25.28
6285,Central African Republic,maize,2013,12446,1342.0,22.87,25.69
6287,Central African Republic,potato,2013,11818,1342.0,22.87,25.69
6288,Central African Republic,rice,2013,18665,1342.0,22.87,25.69
6291,Chile,maize,1990,81395,1522.0,15373.0,12.88
6292,Chile,maize,1990,81395,1522.0,15373.0,6.11
6293,Chile,potato,1990,150300,1522.0,15373.0,12.88
6294,Chile,potato,1990,150300,1522.0,15373.0,6.11
6295,Chile,rice,1990,41734,1522.0,15373.0,12.88
6296,Chile,rice,1990,41734,1522.0,15373.0,6.11
6297,Chile,potato,1990,74784,1522.0,15373.0,12.88
6298,Chile,potato,1990,74784,1522.0,15373.0,6.11
6301,Chile,maize,1991,83916,1522.0,15373.0,13.0
6302,Chile,maize,1991,83916,1522.0,15373.0,6.37
6303,Chile,potato,1991,142245,1522.0,15373.0,13.0
6304,Chile,potato,1991,142245,1522.0,15373.0,6.37
6305,Chile,rice,1991,39366,1522.0,15373.0,13.0
6306,Chile,rice,1991,39366,1522.0,15373.0,6.37
6307,Chile,potato,1991,58268,1522.0,15373.0,13.0
6308,Chile,potato,1991,58268,1522.0,15373.0,6.37
6311,Chile,maize,1992,84884,1522.0,15373.0,12.93
6312,Chile,maize,1992,84884,1522.0,15373.0,5.97
6313,Chile,potato,1992,164033,1522.0,15373.0,12.93
6314,Chile,potato,1992,164033,1522.0,15373.0,5.97
6315,Chile,rice,1992,42044,1522.0,15373.0,12.93
6316,Chile,rice,1992,42044,1522.0,15373.0,5.97
6317,Chile,potato,1992,59400,1522.0,15373.0,12.93
6318,Chile,potato,1992,59400,1522.0,15373.0,5.97
6321,Chile,maize,1993,84890,1522.0,15373.0,13.26
6322,Chile,maize,1993,84890,1522.0,15373.0,6.16
6323,Chile,potato,1993,145947,1522.0,15373.0,13.26
6324,Chile,potato,1993,145947,1522.0,15373.0,6.16
6325,Chile,rice,1993,44921,1522.0,15373.0,13.26
6326,Chile,rice,1993,44921,1522.0,15373.0,6.16
6327,Chile,potato,1993,60532,1522.0,15373.0,13.26
6328,Chile,potato,1993,60532,1522.0,15373.0,6.16
6331,Chile,maize,1994,89381,1522.0,15373.0,13.42
6332,Chile,maize,1994,89381,1522.0,15373.0,6.7
6333,Chile,potato,1994,153807,1522.0,15373.0,13.42
6334,Chile,potato,1994,153807,1522.0,15373.0,6.7
6335,Chile,rice,1994,43834,1522.0,15373.0,13.42
6336,Chile,rice,1994,43834,1522.0,15373.0,6.7
6337,Chile,potato,1994,61664,1522.0,15373.0,13.42
6338,Chile,potato,1994,61664,1522.0,15373.0,6.7
6341,Chile,maize,1995,91000,1522.0,15373.0,13.02
6342,Chile,maize,1995,91000,1522.0,15373.0,6.4
6343,Chile,potato,1995,152200,1522.0,15373.0,13.02
6344,Chile,potato,1995,152200,1522.0,15373.0,6.4
6345,Chile,rice,1995,43000,1522.0,15373.0,13.02
6346,Chile,rice,1995,43000,1522.0,15373.0,6.4
6347,Chile,potato,1995,62796,1522.0,15373.0,13.02
6348,Chile,potato,1995,62796,1522.0,15373.0,6.4
6351,Chile,maize,1996,94453,1522.0,15373.0,13.16
6352,Chile,maize,1996,94453,1522.0,15373.0,6.26
6353,Chile,potato,1996,138900,1522.0,15373.0,13.16
6354,Chile,potato,1996,138900,1522.0,15373.0,6.26
6355,Chile,rice,1996,47704,1522.0,15373.0,13.16
6356,Chile,rice,1996,47704,1522.0,15373.0,6.26
6357,Chile,potato,1996,63928,1522.0,15373.0,13.16
6358,Chile,potato,1996,63928,1522.0,15373.0,6.26
6361,Chile,maize,1997,82417,1522.0,15373.0,13.66
6362,Chile,maize,1997,82417,1522.0,15373.0,6.8
6363,Chile,potato,1997,164412,1522.0,15373.0,13.66
6364,Chile,potato,1997,164412,1522.0,15373.0,6.8
6365,Chile,rice,1997,36336,1522.0,15373.0,13.66
6366,Chile,rice,1997,36336,1522.0,15373.0,6.8
6367,Chile,potato,1997,65060,1522.0,15373.0,13.66
6368,Chile,potato,1997,65060,1522.0,15373.0,6.8
6371,Chile,maize,1998,94006,1522.0,15373.0,13.19
6372,Chile,maize,1998,94006,1522.0,15373.0,6.28
6373,Chile,potato,1998,140485,1522.0,15373.0,13.19
6374,Chile,potato,1998,140485,1522.0,15373.0,6.28
6375,Chile,rice,1998,39089,1522.0,15373.0,13.19
6376,Chile,rice,1998,39089,1522.0,15373.0,6.28
6377,Chile,potato,1998,65968,1522.0,15373.0,13.19
6378,Chile,potato,1998,65968,1522.0,15373.0,6.28
6381,Chile,maize,1999,85153,1522.0,15373.0,13.24
6382,Chile,maize,1999,85153,1522.0,15373.0,5.93
6383,Chile,potato,1999,164507,1522.0,15373.0,13.24
6384,Chile,potato,1999,164507,1522.0,15373.0,5.93
6385,Chile,rice,1999,41508,1522.0,15373.0,13.24
6386,Chile,rice,1999,41508,1522.0,15373.0,5.93
6387,Chile,potato,1999,68514,1522.0,15373.0,13.24
6388,Chile,potato,1999,68514,1522.0,15373.0,5.93
6391,Chile,maize,2000,94120,1522.0,14264.54,12.99
6392,Chile,maize,2000,94120,1522.0,14264.54,5.95
6393,Chile,potato,2000,164821,1522.0,14264.54,12.99
6394,Chile,potato,2000,164821,1522.0,14264.54,5.95
6395,Chile,rice,2000,52414,1522.0,14264.54,12.99
6396,Chile,rice,2000,52414,1522.0,14264.54,5.95
6397,Chile,potato,2000,70002,1522.0,14264.54,12.99
6398,Chile,potato,2000,70002,1522.0,14264.54,5.95
6401,Chile,maize,2001,94306,1522.0,13156.09,13.16
6402,Chile,maize,2001,94306,1522.0,13156.09,6.41
6403,Chile,potato,2001,191735,1522.0,13156.09,13.16
6404,Chile,potato,2001,191735,1522.0,13156.09,6.41
6405,Chile,rice,2001,50179,1522.0,13156.09,13.16
6406,Chile,rice,2001,50179,1522.0,13156.09,6.41
6407,Chile,potato,2001,69997,1522.0,13156.09,13.16
6408,Chile,potato,2001,69997,1522.0,13156.09,6.41
6411,Chile,maize,2002,105902,1522.0,12047.63,12.95
6412,Chile,maize,2002,105902,1522.0,12047.63,6.25
6413,Chile,potato,2002,212397,1522.0,12047.63,12.95
6414,Chile,potato,2002,212397,1522.0,12047.63,6.25
6415,Chile,rice,2002,50724,1522.0,12047.63,12.95
6416,Chile,rice,2002,50724,1522.0,12047.63,6.25
6417,Chile,potato,2002,70000,1522.0,12047.63,12.95
6418,Chile,potato,2002,70000,1522.0,12047.63,6.25
6421,Chile,maize,2004,110678,1522.0,9830.72,13.44
6422,Chile,maize,2004,110678,1522.0,9830.72,6.32
6423,Chile,potato,2004,192104,1522.0,9830.72,13.44
6424,Chile,potato,2004,192104,1522.0,9830.72,6.32
6425,Chile,rice,2004,47898,1522.0,9830.72,13.44
6426,Chile,rice,2004,47898,1522.0,9830.72,6.32
6427,Chile,potato,2004,72917,1522.0,9830.72,13.44
6428,Chile,potato,2004,72917,1522.0,9830.72,6.32
6431,Chile,maize,2005,112285,1522.0,9830.72,13.06
6432,Chile,maize,2005,112285,1522.0,9830.72,6.22
6433,Chile,potato,2005,200600,1522.0,9830.72,13.06
6434,Chile,potato,2005,200600,1522.0,9830.72,6.22
6435,Chile,rice,2005,46677,1522.0,9830.72,13.06
6436,Chile,rice,2005,46677,1522.0,9830.72,6.22
6437,Chile,potato,2005,73171,1522.0,9830.72,13.06
6438,Chile,potato,2005,73171,1522.0,9830.72,6.22
6441,Chile,maize,2006,111840,1522.0,9830.72,13.19
6442,Chile,maize,2006,111840,1522.0,9830.72,6.84
6443,Chile,potato,2006,220155,1522.0,9830.72,13.19
6444,Chile,potato,2006,220155,1522.0,9830.72,6.84
6445,Chile,rice,2006,57296,1522.0,9830.72,13.19
6446,Chile,rice,2006,57296,1522.0,9830.72,6.84
6447,Chile,potato,2006,74400,1522.0,9830.72,13.19
6448,Chile,potato,2006,74400,1522.0,9830.72,6.84
6451,Chile,maize,2007,89302,1522.0,9830.72,12.31
6452,Chile,maize,2007,89302,1522.0,9830.72,5.51
6453,Chile,potato,2007,152389,1522.0,9830.72,12.31
6454,Chile,potato,2007,152389,1522.0,9830.72,5.51
6455,Chile,rice,2007,50663,1522.0,9830.72,12.31
6456,Chile,rice,2007,50663,1522.0,9830.72,5.51
6457,Chile,potato,2007,73077,1522.0,9830.72,12.31
6458,Chile,potato,2007,73077,1522.0,9830.72,5.51
6461,Chile,maize,2008,101411,1522.0,9830.72,13.69
6462,Chile,maize,2008,101411,1522.0,9830.72,6.57
6463,Chile,potato,2008,172591,1522.0,9830.72,13.69
6464,Chile,potato,2008,172591,1522.0,9830.72,6.57
6465,Chile,rice,2008,57920,1522.0,9830.72,13.69
6466,Chile,rice,2008,57920,1522.0,9830.72,6.57
6467,Chile,potato,2008,78022,1522.0,9830.72,13.69
6468,Chile,potato,2008,78022,1522.0,9830.72,6.57
6471,Chile,maize,2009,104956,1522.0,9830.72,13.04
6472,Chile,maize,2009,104956,1522.0,9830.72,6.7
6473,Chile,potato,2009,205101,1522.0,9830.72,13.04
6474,Chile,potato,2009,205101,1522.0,9830.72,6.7
6475,Chile,rice,2009,53763,1522.0,9830.72,13.04
6476,Chile,rice,2009,53763,1522.0,9830.72,6.7
6477,Chile,potato,2009,86799,1522.0,9830.72,13.04
6478,Chile,potato,2009,86799,1522.0,9830.72,6.7
6481,Chile,maize,2010,110808,1522.0,9830.72,12.69
6482,Chile,maize,2010,110808,1522.0,9830.72,6.13
6483,Chile,potato,2010,212986,1522.0,9830.72,12.69
6484,Chile,potato,2010,212986,1522.0,9830.72,6.13
6485,Chile,rice,2010,38599,1522.0,9830.72,12.69
6486,Chile,rice,2010,38599,1522.0,9830.72,6.13
6487,Chile,potato,2010,92862,1522.0,9830.72,12.69
6488,Chile,potato,2010,92862,1522.0,9830.72,6.13
6491,Chile,maize,2011,119978,1522.0,9830.72,13.25
6492,Chile,maize,2011,119978,1522.0,9830.72,6.27
6493,Chile,potato,2011,312460,1522.0,9830.72,13.25
6494,Chile,potato,2011,312460,1522.0,9830.72,6.27
6495,Chile,rice,2011,51899,1522.0,9830.72,13.25
6496,Chile,rice,2011,51899,1522.0,9830.72,6.27
6497,Chile,potato,2011,99022,1522.0,9830.72,13.25
6498,Chile,potato,2011,99022,1522.0,9830.72,6.27
6501,Chile,maize,2012,107224,1522.0,9830.72,13.48
6502,Chile,maize,2012,107224,1522.0,9830.72,6.82
6503,Chile,potato,2012,263269,1522.0,9830.72,13.48
6504,Chile,potato,2012,263269,1522.0,9830.72,6.82
6505,Chile,rice,2012,62435,1522.0,9830.72,13.48
6506,Chile,rice,2012,62435,1522.0,9830.72,6.82
6507,Chile,potato,2012,107692,1522.0,9830.72,13.48
6508,Chile,potato,2012,107692,1522.0,9830.72,6.82
6511,Chile,maize,2013,106321,1522.0,9830.72,13.07
6512,Chile,maize,2013,106321,1522.0,9830.72,5.94
6513,Chile,potato,2013,233767,1522.0,9830.72,13.07
6514,Chile,potato,2013,233767,1522.0,9830.72,5.94
6515,Chile,rice,2013,62051,1522.0,9830.72,13.07
6516,Chile,rice,2013,62051,1522.0,9830.72,5.94
6517,Chile,potato,2013,107692,1522.0,9830.72,13.07
6518,Chile,potato,2013,107692,1522.0,9830.72,5.94
6523,Colombia,maize,1990,14498,3240.0,18058.29,27.22
6524,Colombia,maize,1990,14498,3240.0,18058.29,22.4
6527,Colombia,potato,1990,152736,3240.0,18058.29,27.22
6528,Colombia,potato,1990,152736,3240.0,18058.29,22.4
6529,Colombia,rice,1990,40618,3240.0,18058.29,27.22
6530,Colombia,rice,1990,40618,3240.0,18058.29,22.4
6541,Colombia,maize,1991,15498,3240.0,16817.0,27.3
6542,Colombia,maize,1991,15498,3240.0,16817.0,22.53
6545,Colombia,potato,1991,156654,3240.0,16817.0,27.3
6546,Colombia,potato,1991,156654,3240.0,16817.0,22.53
6547,Colombia,rice,1991,39959,3240.0,16817.0,27.3
6548,Colombia,rice,1991,39959,3240.0,16817.0,22.53
6559,Colombia,maize,1992,15175,3240.0,15305.94,27.38
6560,Colombia,maize,1992,15175,3240.0,15305.94,22.67
6563,Colombia,potato,1992,155655,3240.0,15305.94,27.38
6564,Colombia,potato,1992,155655,3240.0,15305.94,22.67
6565,Colombia,rice,1992,40960,3240.0,15305.94,27.38
6566,Colombia,rice,1992,40960,3240.0,15305.94,22.67
6577,Colombia,maize,1993,15465,3240.0,14961.81,27.42
6578,Colombia,maize,1993,15465,3240.0,14961.81,22.29
6581,Colombia,potato,1993,154545,3240.0,14961.81,27.42
6582,Colombia,potato,1993,154545,3240.0,14961.81,22.29
6583,Colombia,rice,1993,41202,3240.0,14961.81,27.42
6584,Colombia,rice,1993,41202,3240.0,14961.81,22.29
6595,Colombia,maize,1994,15671,3240.0,17051.34,27.17
6596,Colombia,maize,1994,15671,3240.0,17051.34,22.33
6599,Colombia,potato,1994,159364,3240.0,17051.34,27.17
6600,Colombia,potato,1994,159364,3240.0,17051.34,22.33
6601,Colombia,rice,1994,40590,3240.0,17051.34,27.17
6602,Colombia,rice,1994,40590,3240.0,17051.34,22.33
6613,Colombia,maize,1995,15537,3240.0,20156.23,27.3
6614,Colombia,maize,1995,15537,3240.0,20156.23,22.27
6617,Colombia,potato,1995,161991,3240.0,20156.23,27.3
6618,Colombia,potato,1995,161991,3240.0,20156.23,22.27
6619,Colombia,rice,1995,42840,3240.0,20156.23,27.3
6620,Colombia,rice,1995,42840,3240.0,20156.23,22.27
6631,Colombia,maize,1996,16293,3240.0,18131.0,27.12
6632,Colombia,maize,1996,16293,3240.0,18131.0,22.07
6635,Colombia,potato,1996,161255,3240.0,18131.0,27.12
6636,Colombia,potato,1996,161255,3240.0,18131.0,22.07
6637,Colombia,rice,1996,40794,3240.0,18131.0,27.12
6638,Colombia,rice,1996,40794,3240.0,18131.0,22.07
6649,Colombia,maize,1997,17054,3240.0,16005.0,27.54
6650,Colombia,maize,1997,17054,3240.0,16005.0,22.9
6653,Colombia,potato,1997,162924,3240.0,16005.0,27.54
6654,Colombia,potato,1997,162924,3240.0,16005.0,22.9
6655,Colombia,rice,1997,46445,3240.0,16005.0,27.54
6656,Colombia,rice,1997,46445,3240.0,16005.0,22.9
6667,Colombia,maize,1998,16598,3240.0,60687.0,27.67
6668,Colombia,maize,1998,16598,3240.0,60687.0,23.07
6671,Colombia,potato,1998,154602,3240.0,60687.0,27.67
6672,Colombia,potato,1998,154602,3240.0,60687.0,23.07
6673,Colombia,rice,1998,47116,3240.0,60687.0,27.67
6674,Colombia,rice,1998,47116,3240.0,60687.0,23.07
6685,Colombia,maize,1999,17961,3240.0,66088.0,26.77
6686,Colombia,maize,1999,17961,3240.0,66088.0,21.83
6689,Colombia,potato,1999,161620,3240.0,66088.0,26.77
6690,Colombia,potato,1999,161620,3240.0,66088.0,21.83
6691,Colombia,rice,1999,48009,3240.0,66088.0,26.77
6692,Colombia,rice,1999,48009,3240.0,66088.0,21.83
6703,Colombia,maize,2000,21064,3240.0,75843.0,26.98
6704,Colombia,maize,2000,21064,3240.0,75843.0,22.01
6707,Colombia,potato,2000,128180,3240.0,75843.0,26.98
6708,Colombia,potato,2000,128180,3240.0,75843.0,22.01
6709,Colombia,rice,2000,47324,3240.0,75843.0,26.98
6710,Colombia,rice,2000,47324,3240.0,75843.0,22.01
6721,Colombia,maize,2001,20755,3240.0,85515.3,27.28
6722,Colombia,maize,2001,20755,3240.0,85515.3,22.5
6725,Colombia,potato,2001,143742,3240.0,85515.3,27.28
6726,Colombia,potato,2001,143742,3240.0,85515.3,22.5
6727,Colombia,rice,2001,45472,3240.0,85515.3,27.28
6728,Colombia,rice,2001,45472,3240.0,85515.3,22.5
6739,Colombia,maize,2002,22773,3240.0,84023.26,27.77
6740,Colombia,maize,2002,22773,3240.0,84023.26,22.73
6743,Colombia,potato,2002,156377,3240.0,84023.26,27.77
6744,Colombia,potato,2002,156377,3240.0,84023.26,22.73
6745,Colombia,rice,2002,48001,3240.0,84023.26,27.77
6746,Colombia,rice,2002,48001,3240.0,84023.26,22.73
6757,Colombia,maize,2004,26357,3240.0,105514.19,27.3
6758,Colombia,maize,2004,26357,3240.0,105514.19,22.63
6761,Colombia,potato,2004,158199,3240.0,105514.19,27.3
6762,Colombia,potato,2004,158199,3240.0,105514.19,22.63
6763,Colombia,rice,2004,48038,3240.0,105514.19,27.3
6764,Colombia,rice,2004,48038,3240.0,105514.19,22.63
6775,Colombia,maize,2005,27537,3240.0,117881.45,27.56
6776,Colombia,maize,2005,27537,3240.0,117881.45,22.69
6779,Colombia,potato,2005,151954,3240.0,117881.45,27.56
6780,Colombia,potato,2005,151954,3240.0,117881.45,22.69
6781,Colombia,rice,2005,48388,3240.0,117881.45,27.56
6782,Colombia,rice,2005,48388,3240.0,117881.45,22.69
6793,Colombia,maize,2006,25368,3240.0,98328.63,27.51
6794,Colombia,maize,2006,25368,3240.0,98328.63,22.6
6797,Colombia,potato,2006,159033,3240.0,98328.63,27.51
6798,Colombia,potato,2006,159033,3240.0,98328.63,22.6
6799,Colombia,rice,2006,45717,3240.0,98328.63,27.51
6800,Colombia,rice,2006,45717,3240.0,98328.63,22.6
6811,Colombia,maize,2007,27661,3240.0,82439.06,27.45
6812,Colombia,maize,2007,27661,3240.0,82439.06,22.48
6815,Colombia,potato,2007,166986,3240.0,82439.06,27.45
6816,Colombia,potato,2007,166986,3240.0,82439.06,22.48
6817,Colombia,rice,2007,49020,3240.0,82439.06,27.45
6818,Colombia,rice,2007,49020,3240.0,82439.06,22.48
6829,Colombia,maize,2008,27712,3240.0,48538.97,27.16
6830,Colombia,maize,2008,27712,3240.0,48538.97,22.07
6833,Colombia,potato,2008,176013,3240.0,48538.97,27.16
6834,Colombia,potato,2008,176013,3240.0,48538.97,22.07
6835,Colombia,rice,2008,48887,3240.0,48538.97,27.16
6836,Colombia,rice,2008,48887,3240.0,48538.97,22.07
6847,Colombia,maize,2009,26845,3240.0,51435.13,27.68
6848,Colombia,maize,2009,26845,3240.0,51435.13,22.87
6851,Colombia,potato,2009,183793,3240.0,51435.13,27.68
6852,Colombia,potato,2009,183793,3240.0,51435.13,22.87
6853,Colombia,rice,2009,46956,3240.0,51435.13,27.68
6854,Colombia,rice,2009,46956,3240.0,51435.13,22.87
6865,Colombia,maize,2010,27227,3240.0,48618.46,27.54
6866,Colombia,maize,2010,27227,3240.0,48618.46,22.68
6869,Colombia,potato,2010,172462,3240.0,48618.46,27.54
6870,Colombia,potato,2010,172462,3240.0,48618.46,22.68
6871,Colombia,rice,2010,41223,3240.0,48618.46,27.54
6872,Colombia,rice,2010,41223,3240.0,48618.46,22.68
6883,Colombia,maize,2011,28591,3240.0,53797.0,27.18
6884,Colombia,maize,2011,28591,3240.0,53797.0,22.33
6887,Colombia,potato,2011,173390,3240.0,53797.0,27.18
6888,Colombia,potato,2011,173390,3240.0,53797.0,22.33
6889,Colombia,rice,2011,39589,3240.0,53797.0,27.18
6890,Colombia,rice,2011,39589,3240.0,53797.0,22.33
6901,Colombia,maize,2012,29052,3240.0,48727.73,27.56
6902,Colombia,maize,2012,29052,3240.0,48727.73,22.58
6905,Colombia,potato,2012,181661,3240.0,48727.73,27.56
6906,Colombia,potato,2012,181661,3240.0,48727.73,22.58
6907,Colombia,rice,2012,48066,3240.0,48727.73,27.56
6908,Colombia,rice,2012,48066,3240.0,48727.73,22.58
6919,Colombia,maize,2013,28246,3240.0,54563.38,27.6
6920,Colombia,maize,2013,28246,3240.0,54563.38,22.85
6923,Colombia,potato,2013,185619,3240.0,54563.38,27.6
6924,Colombia,potato,2013,185619,3240.0,54563.38,22.85
6925,Colombia,rice,2013,38371,3240.0,54563.38,27.6
6926,Colombia,rice,2013,38371,3240.0,54563.38,22.85
6935,Croatia,maize,1992,41535,1113.0,2304.0,10.78
6936,Croatia,potato,1992,79015,1113.0,2304.0,10.78
6940,Croatia,maize,1993,44822,1113.0,2675.33,10.19
6941,Croatia,potato,1993,78435,1113.0,2675.33,10.19
6945,Croatia,maize,1994,45529,1113.0,3046.67,11.33
6946,Croatia,potato,1994,84888,1113.0,3046.67,11.33
6950,Croatia,maize,1995,49027,1113.0,3418.0,10.14
6951,Croatia,potato,1995,104158,1113.0,3418.0,10.14
6955,Croatia,maize,1996,52192,1113.0,3148.0,9.24
6956,Croatia,potato,1996,101625,1113.0,3148.0,9.24
6960,Croatia,maize,1997,58802,1113.0,3026.25,10.18
6961,Croatia,potato,1997,98123,1113.0,3026.25,10.18
6965,Croatia,maize,1998,52474,1113.0,2904.5,10.42
6966,Croatia,potato,1998,102378,1113.0,2904.5,10.42
6970,Croatia,maize,1999,55584,1113.0,2782.75,10.51
6971,Croatia,potato,1999,109779,1113.0,2782.75,10.51
6975,Croatia,maize,2000,40701,1113.0,2661.0,11.45
6976,Croatia,potato,2000,84883,1113.0,2661.0,11.45
6980,Croatia,maize,2001,56659,1113.0,2539.25,10.74
6981,Croatia,potato,2001,102106,1113.0,2539.25,10.74
6985,Croatia,maize,2002,63767,1113.0,2417.5,11.18
6986,Croatia,potato,2002,113892,1113.0,2417.5,11.18
6990,Croatia,maize,2004,63054,1113.0,2174.0,10.06
6991,Croatia,potato,2004,153997,1113.0,2174.0,10.06
6995,Croatia,maize,2005,69182,1113.0,2053.0,9.62
6996,Croatia,potato,2005,144638,1113.0,2053.0,9.62
7000,Croatia,maize,2006,65312,1113.0,2150.0,10.56
7001,Croatia,potato,2006,163810,1113.0,2150.0,10.56
7005,Croatia,maize,2007,49371,1113.0,2015.0,11.31
7006,Croatia,potato,2007,170730,1113.0,2015.0,11.31
7010,Croatia,maize,2008,79759,1113.0,2388.0,11.09
7011,Croatia,potato,2008,170369,1113.0,2388.0,11.09
7015,Croatia,maize,2009,73508,1113.0,2070.0,11.06
7016,Croatia,potato,2009,193036,1113.0,2070.0,11.06
7020,Croatia,maize,2010,69678,1113.0,1540.0,10.0
7021,Croatia,potato,2010,163115,1113.0,1540.0,10.0
7025,Croatia,maize,2011,56817,1113.0,1638.74,11.02
7026,Croatia,potato,2011,153960,1113.0,1638.74,11.02
7030,Croatia,maize,2012,43374,1113.0,1737.47,11.12
7031,Croatia,potato,2012,147848,1113.0,1737.47,11.12
7035,Croatia,maize,2013,65000,1113.0,1836.21,11.58
7036,Croatia,potato,2013,158785,1113.0,1836.21,11.58
7040,Denmark,maize,2010,48105,703.0,3894.0,7.54
7041,Denmark,potato,2010,352675,703.0,3894.0,7.54
7043,Denmark,maize,2011,52170,703.0,4249.48,9.31
7044,Denmark,potato,2011,389423,703.0,4249.48,9.31
7046,Denmark,maize,2012,58217,703.0,5716.0,8.7
7047,Denmark,potato,2012,421316,703.0,5716.0,8.7
7049,Denmark,maize,2013,59141,703.0,4118.0,8.81
7050,Denmark,potato,2013,415732,703.0,4118.0,8.81
7052,Denmark,potato,1990,374583,703.0,5650.0,9.83
7054,Denmark,potato,1991,336135,703.0,4628.0,8.62
7056,Denmark,potato,1992,330083,703.0,4566.0,9.47
7058,Denmark,potato,1993,386777,703.0,4103.0,8.16
7060,Denmark,potato,1994,348378,703.0,3922.0,9.15
7062,Denmark,potato,1995,339644,703.0,5043.0,8.75
7064,Denmark,potato,1996,367500,703.0,3672.0,7.31
7066,Denmark,potato,1997,396154,703.0,3679.0,8.91
7068,Denmark,potato,1998,404433,703.0,3623.0,8.65
7070,Denmark,potato,1999,395507,703.0,2867.0,9.37
7072,Denmark,potato,2000,424863,703.0,3174.0,9.67
7074,Denmark,potato,2001,403828,703.0,3311.0,8.78
7076,Denmark,potato,2002,399066,703.0,2868.0,9.54
7078,Denmark,potato,2004,397415,703.0,2899.0,9.0
7080,Denmark,potato,2005,394100,703.0,3246.0,9.11
7082,Denmark,potato,2006,352642,703.0,3212.0,9.74
7084,Denmark,potato,2007,385647,703.0,3336.0,9.87
7086,Denmark,potato,2008,416339,703.0,4145.0,9.82
7088,Denmark,potato,2009,415861,703.0,2836.0,9.22
7092,Dominican Republic,maize,1990,16479,1410.0,4971.0,26.67
7093,Dominican Republic,maize,1990,16479,1410.0,4971.0,26.61
7096,Dominican Republic,potato,1990,118759,1410.0,4971.0,26.67
7097,Dominican Republic,potato,1990,118759,1410.0,4971.0,26.61
7098,Dominican Republic,rice,1990,47851,1410.0,4971.0,26.67
7099,Dominican Republic,rice,1990,47851,1410.0,4971.0,26.61
7102,Dominican Republic,potato,1990,60677,1410.0,4971.0,26.67
7103,Dominican Republic,potato,1990,60677,1410.0,4971.0,26.61
7108,Dominican Republic,maize,1991,16223,1410.0,4971.0,26.57
7109,Dominican Republic,maize,1991,16223,1410.0,4971.0,26.43
7112,Dominican Republic,potato,1991,123819,1410.0,4971.0,26.57
7113,Dominican Republic,potato,1991,123819,1410.0,4971.0,26.43
7114,Dominican Republic,rice,1991,48092,1410.0,4971.0,26.57
7115,Dominican Republic,rice,1991,48092,1410.0,4971.0,26.43
7118,Dominican Republic,potato,1991,68826,1410.0,4971.0,26.57
7119,Dominican Republic,potato,1991,68826,1410.0,4971.0,26.43
7124,Dominican Republic,maize,1992,13760,1410.0,4971.0,26.45
7125,Dominican Republic,maize,1992,13760,1410.0,4971.0,26.4
7128,Dominican Republic,potato,1992,86284,1410.0,4971.0,26.45
7129,Dominican Republic,potato,1992,86284,1410.0,4971.0,26.4
7130,Dominican Republic,rice,1992,89767,1410.0,4971.0,26.45
7131,Dominican Republic,rice,1992,89767,1410.0,4971.0,26.4
7134,Dominican Republic,potato,1992,62031,1410.0,4971.0,26.45
7135,Dominican Republic,potato,1992,62031,1410.0,4971.0,26.4
7140,Dominican Republic,maize,1993,14105,1410.0,4971.0,26.41
7141,Dominican Republic,maize,1993,14105,1410.0,4971.0,26.38
7144,Dominican Republic,potato,1993,98385,1410.0,4971.0,26.41
7145,Dominican Republic,potato,1993,98385,1410.0,4971.0,26.38
7146,Dominican Republic,rice,1993,50096,1410.0,4971.0,26.41
7147,Dominican Republic,rice,1993,50096,1410.0,4971.0,26.38
7150,Dominican Republic,potato,1993,54771,1410.0,4971.0,26.41
7151,Dominican Republic,potato,1993,54771,1410.0,4971.0,26.38
7156,Dominican Republic,maize,1994,10268,1410.0,4971.0,26.78
7157,Dominican Republic,maize,1994,10268,1410.0,4971.0,26.64
7160,Dominican Republic,potato,1994,121589,1410.0,4971.0,26.78
7161,Dominican Republic,potato,1994,121589,1410.0,4971.0,26.64
7162,Dominican Republic,rice,1994,46589,1410.0,4971.0,26.78
7163,Dominican Republic,rice,1994,46589,1410.0,4971.0,26.64
7166,Dominican Republic,potato,1994,61641,1410.0,4971.0,26.78
7167,Dominican Republic,potato,1994,61641,1410.0,4971.0,26.64
7172,Dominican Republic,maize,1995,14034,1410.0,3449.0,26.82
7173,Dominican Republic,maize,1995,14034,1410.0,3449.0,26.78
7176,Dominican Republic,potato,1995,103563,1410.0,3449.0,26.82
7177,Dominican Republic,potato,1995,103563,1410.0,3449.0,26.78
7178,Dominican Republic,rice,1995,47722,1410.0,3449.0,26.82
7179,Dominican Republic,rice,1995,47722,1410.0,3449.0,26.78
7182,Dominican Republic,potato,1995,53487,1410.0,3449.0,26.82
7183,Dominican Republic,potato,1995,53487,1410.0,3449.0,26.78
7188,Dominican Republic,maize,1996,13584,1410.0,3493.0,26.29
7189,Dominican Republic,maize,1996,13584,1410.0,3493.0,26.31
7192,Dominican Republic,potato,1996,98893,1410.0,3493.0,26.29
7193,Dominican Republic,potato,1996,98893,1410.0,3493.0,26.31
7194,Dominican Republic,rice,1996,46016,1410.0,3493.0,26.29
7195,Dominican Republic,rice,1996,46016,1410.0,3493.0,26.31
7198,Dominican Republic,potato,1996,55926,1410.0,3493.0,26.29
7199,Dominican Republic,potato,1996,55926,1410.0,3493.0,26.31
7204,Dominican Republic,maize,1997,11770,1410.0,3846.0,27.18
7205,Dominican Republic,maize,1997,11770,1410.0,3846.0,27.01
7208,Dominican Republic,potato,1997,92123,1410.0,3846.0,27.18
7209,Dominican Republic,potato,1997,92123,1410.0,3846.0,27.01
7210,Dominican Republic,rice,1997,48213,1410.0,3846.0,27.18
7211,Dominican Republic,rice,1997,48213,1410.0,3846.0,27.01
7214,Dominican Republic,potato,1997,49019,1410.0,3846.0,27.18
7215,Dominican Republic,potato,1997,49019,1410.0,3846.0,27.01
7220,Dominican Republic,maize,1998,13001,1410.0,4375.0,27.16
7221,Dominican Republic,maize,1998,13001,1410.0,4375.0,27.14
7224,Dominican Republic,potato,1998,91000,1410.0,4375.0,27.16
7225,Dominican Republic,potato,1998,91000,1410.0,4375.0,27.14
7226,Dominican Republic,rice,1998,42709,1410.0,4375.0,27.16
7227,Dominican Republic,rice,1998,42709,1410.0,4375.0,27.14
7230,Dominican Republic,potato,1998,55893,1410.0,4375.0,27.16
7231,Dominican Republic,potato,1998,55893,1410.0,4375.0,27.14
7236,Dominican Republic,maize,1999,12633,1410.0,5398.0,26.66
7237,Dominican Republic,maize,1999,12633,1410.0,5398.0,26.62
7240,Dominican Republic,potato,1999,110524,1410.0,5398.0,26.66
7241,Dominican Republic,potato,1999,110524,1410.0,5398.0,26.62
7242,Dominican Republic,rice,1999,45422,1410.0,5398.0,26.66
7243,Dominican Republic,rice,1999,45422,1410.0,5398.0,26.62
7246,Dominican Republic,potato,1999,61874,1410.0,5398.0,26.66
7247,Dominican Republic,potato,1999,61874,1410.0,5398.0,26.62
7252,Dominican Republic,maize,2000,12343,1410.0,5082.0,26.37
7253,Dominican Republic,maize,2000,12343,1410.0,5082.0,26.35
7256,Dominican Republic,potato,2000,142405,1410.0,5082.0,26.37
7257,Dominican Republic,potato,2000,142405,1410.0,5082.0,26.35
7258,Dominican Republic,rice,2000,46372,1410.0,5082.0,26.37
7259,Dominican Republic,rice,2000,46372,1410.0,5082.0,26.35
7262,Dominican Republic,potato,2000,60559,1410.0,5082.0,26.37
7263,Dominican Republic,potato,2000,60559,1410.0,5082.0,26.35
7268,Dominican Republic,maize,2001,13390,1410.0,7182.0,26.78
7269,Dominican Republic,maize,2001,13390,1410.0,7182.0,26.8
7272,Dominican Republic,potato,2001,183821,1410.0,7182.0,26.78
7273,Dominican Republic,potato,2001,183821,1410.0,7182.0,26.8
7274,Dominican Republic,rice,2001,48950,1410.0,7182.0,26.78
7275,Dominican Republic,rice,2001,48950,1410.0,7182.0,26.8
7278,Dominican Republic,potato,2001,60250,1410.0,7182.0,26.78
7279,Dominican Republic,potato,2001,60250,1410.0,7182.0,26.8
7284,Dominican Republic,maize,2002,12960,1410.0,4018.07,27.08
7285,Dominican Republic,maize,2002,12960,1410.0,4018.07,27.05
7288,Dominican Republic,potato,2002,166370,1410.0,4018.07,27.08
7289,Dominican Republic,potato,2002,166370,1410.0,4018.07,27.05
7290,Dominican Republic,rice,2002,48593,1410.0,4018.07,27.08
7291,Dominican Republic,rice,2002,48593,1410.0,4018.07,27.05
7294,Dominican Republic,potato,2002,60518,1410.0,4018.07,27.08
7295,Dominican Republic,potato,2002,60518,1410.0,4018.07,27.05
7300,Dominican Republic,maize,2004,14924,1410.0,3713.96,26.83
7301,Dominican Republic,maize,2004,14924,1410.0,3713.96,26.71
7304,Dominican Republic,potato,2004,179600,1410.0,3713.96,26.83
7305,Dominican Republic,potato,2004,179600,1410.0,3713.96,26.71
7306,Dominican Republic,rice,2004,43044,1410.0,3713.96,26.83
7307,Dominican Republic,rice,2004,43044,1410.0,3713.96,26.71
7310,Dominican Republic,potato,2004,64152,1410.0,3713.96,26.83
7311,Dominican Republic,potato,2004,64152,1410.0,3713.96,26.71
7316,Dominican Republic,maize,2005,14206,1410.0,3515.56,27.03
7317,Dominican Republic,maize,2005,14206,1410.0,3515.56,26.9
7320,Dominican Republic,potato,2005,220766,1410.0,3515.56,27.03
7321,Dominican Republic,potato,2005,220766,1410.0,3515.56,26.9
7322,Dominican Republic,rice,2005,42047,1410.0,3515.56,27.03
7323,Dominican Republic,rice,2005,42047,1410.0,3515.56,26.9
7326,Dominican Republic,potato,2005,62339,1410.0,3515.56,27.03
7327,Dominican Republic,potato,2005,62339,1410.0,3515.56,26.9
7332,Dominican Republic,maize,2006,13900,1410.0,4116.45,27.01
7333,Dominican Republic,maize,2006,13900,1410.0,4116.45,27.08
7336,Dominican Republic,potato,2006,222125,1410.0,4116.45,27.01
7337,Dominican Republic,potato,2006,222125,1410.0,4116.45,27.08
7338,Dominican Republic,rice,2006,46865,1410.0,4116.45,27.01
7339,Dominican Republic,rice,2006,46865,1410.0,4116.45,27.08
7342,Dominican Republic,potato,2006,70151,1410.0,4116.45,27.01
7343,Dominican Republic,potato,2006,70151,1410.0,4116.45,27.08
7348,Dominican Republic,maize,2007,13350,1410.0,5689.8,27.08
7349,Dominican Republic,maize,2007,13350,1410.0,5689.8,27.12
7352,Dominican Republic,potato,2007,216325,1410.0,5689.8,27.08
7353,Dominican Republic,potato,2007,216325,1410.0,5689.8,27.12
7354,Dominican Republic,rice,2007,48112,1410.0,5689.8,27.08
7355,Dominican Republic,rice,2007,48112,1410.0,5689.8,27.12
7358,Dominican Republic,potato,2007,75696,1410.0,5689.8,27.08
7359,Dominican Republic,potato,2007,75696,1410.0,5689.8,27.12
7364,Dominican Republic,maize,2008,14532,1410.0,5409.43,26.76
7365,Dominican Republic,maize,2008,14532,1410.0,5409.43,26.56
7368,Dominican Republic,potato,2008,205454,1410.0,5409.43,26.76
7369,Dominican Republic,potato,2008,205454,1410.0,5409.43,26.56
7370,Dominican Republic,rice,2008,48268,1410.0,5409.43,26.76
7371,Dominican Republic,rice,2008,48268,1410.0,5409.43,26.56
7374,Dominican Republic,potato,2008,71031,1410.0,5409.43,26.76
7375,Dominican Republic,potato,2008,71031,1410.0,5409.43,26.56
7380,Dominican Republic,maize,2009,14645,1410.0,5975.25,26.91
7381,Dominican Republic,maize,2009,14645,1410.0,5975.25,26.88
7384,Dominican Republic,potato,2009,219707,1410.0,5975.25,26.91
7385,Dominican Republic,potato,2009,219707,1410.0,5975.25,26.88
7386,Dominican Republic,rice,2009,42862,1410.0,5975.25,26.91
7387,Dominican Republic,rice,2009,42862,1410.0,5975.25,26.88
7390,Dominican Republic,potato,2009,77468,1410.0,5975.25,26.91
7391,Dominican Republic,potato,2009,77468,1410.0,5975.25,26.88
7396,Dominican Republic,maize,2010,16818,1410.0,6316.61,26.93
7397,Dominican Republic,maize,2010,16818,1410.0,6316.61,27.01
7400,Dominican Republic,potato,2010,237316,1410.0,6316.61,26.93
7401,Dominican Republic,potato,2010,237316,1410.0,6316.61,27.01
7402,Dominican Republic,rice,2010,47651,1410.0,6316.61,26.93
7403,Dominican Republic,rice,2010,47651,1410.0,6316.61,27.01
7406,Dominican Republic,potato,2010,81343,1410.0,6316.61,26.93
7407,Dominican Republic,potato,2010,81343,1410.0,6316.61,27.01
7412,Dominican Republic,maize,2011,16229,1410.0,6316.61,26.79
7413,Dominican Republic,maize,2011,16229,1410.0,6316.61,26.66
7416,Dominican Republic,potato,2011,236186,1410.0,6316.61,26.79
7417,Dominican Republic,potato,2011,236186,1410.0,6316.61,26.66
7418,Dominican Republic,rice,2011,50057,1410.0,6316.61,26.79
7419,Dominican Republic,rice,2011,50057,1410.0,6316.61,26.66
7422,Dominican Republic,potato,2011,80907,1410.0,6316.61,26.79
7423,Dominican Republic,potato,2011,80907,1410.0,6316.61,26.66
7428,Dominican Republic,maize,2012,15675,1410.0,6316.61,26.87
7429,Dominican Republic,maize,2012,15675,1410.0,6316.61,26.84
7432,Dominican Republic,potato,2012,242634,1410.0,6316.61,26.87
7433,Dominican Republic,potato,2012,242634,1410.0,6316.61,26.84
7434,Dominican Republic,rice,2012,41266,1410.0,6316.61,26.87
7435,Dominican Republic,rice,2012,41266,1410.0,6316.61,26.84
7438,Dominican Republic,potato,2012,81007,1410.0,6316.61,26.87
7439,Dominican Republic,potato,2012,81007,1410.0,6316.61,26.84
7444,Dominican Republic,maize,2013,15764,1410.0,6316.61,26.51
7445,Dominican Republic,maize,2013,15764,1410.0,6316.61,26.88
7448,Dominican Republic,potato,2013,256603,1410.0,6316.61,26.51
7449,Dominican Republic,potato,2013,256603,1410.0,6316.61,26.88
7450,Dominican Republic,rice,2013,45123,1410.0,6316.61,26.51
7451,Dominican Republic,rice,2013,45123,1410.0,6316.61,26.88
7454,Dominican Republic,potato,2013,79812,1410.0,6316.61,26.51
7455,Dominican Republic,potato,2013,79812,1410.0,6316.61,26.88
7461,Ecuador,maize,1990,10602,2274.0,2537.0,21.82
7462,Ecuador,maize,1990,10602,2274.0,2537.0,17.6
7463,Ecuador,maize,1990,10602,2274.0,2537.0,22.12
7467,Ecuador,potato,1990,71727,2274.0,2537.0,21.82
7468,Ecuador,potato,1990,71727,2274.0,2537.0,17.6
7469,Ecuador,potato,1990,71727,2274.0,2537.0,22.12
7470,Ecuador,rice,1990,31218,2274.0,2537.0,21.82
7471,Ecuador,rice,1990,31218,2274.0,2537.0,17.6
7472,Ecuador,rice,1990,31218,2274.0,2537.0,22.12
7479,Ecuador,potato,1990,59520,2274.0,2537.0,21.82
7480,Ecuador,potato,1990,59520,2274.0,2537.0,17.6
7481,Ecuador,potato,1990,59520,2274.0,2537.0,22.12
7488,Ecuador,maize,1991,13821,2274.0,2377.0,21.91
7489,Ecuador,maize,1991,13821,2274.0,2377.0,17.59
7490,Ecuador,maize,1991,13821,2274.0,2377.0,22.18
7494,Ecuador,potato,1991,68405,2274.0,2377.0,21.91
7495,Ecuador,potato,1991,68405,2274.0,2377.0,17.59
7496,Ecuador,potato,1991,68405,2274.0,2377.0,22.18
7497,Ecuador,rice,1991,26921,2274.0,2377.0,21.91
7498,Ecuador,rice,1991,26921,2274.0,2377.0,17.59
7499,Ecuador,rice,1991,26921,2274.0,2377.0,22.18
7506,Ecuador,potato,1991,26571,2274.0,2377.0,21.91
7507,Ecuador,potato,1991,26571,2274.0,2377.0,17.59
7508,Ecuador,potato,1991,26571,2274.0,2377.0,22.18
7515,Ecuador,maize,1992,10416,2274.0,2012.0,21.94
7516,Ecuador,maize,1992,10416,2274.0,2012.0,17.67
7517,Ecuador,maize,1992,10416,2274.0,2012.0,22.19
7521,Ecuador,potato,1992,77444,2274.0,2012.0,21.94
7522,Ecuador,potato,1992,77444,2274.0,2012.0,17.67
7523,Ecuador,potato,1992,77444,2274.0,2012.0,22.19
7524,Ecuador,rice,1992,33254,2274.0,2012.0,21.94
7525,Ecuador,rice,1992,33254,2274.0,2012.0,17.67
7526,Ecuador,rice,1992,33254,2274.0,2012.0,22.19
7533,Ecuador,potato,1992,28667,2274.0,2012.0,21.94
7534,Ecuador,potato,1992,28667,2274.0,2012.0,17.67
7535,Ecuador,potato,1992,28667,2274.0,2012.0,22.19
7542,Ecuador,maize,1993,11442,2274.0,1844.0,21.86
7543,Ecuador,maize,1993,11442,2274.0,1844.0,17.42
7544,Ecuador,maize,1993,11442,2274.0,1844.0,22.15
7548,Ecuador,potato,1993,74694,2274.0,1844.0,21.86
7549,Ecuador,potato,1993,74694,2274.0,1844.0,17.42
7550,Ecuador,potato,1993,74694,2274.0,1844.0,22.15
7551,Ecuador,rice,1993,34804,2274.0,1844.0,21.86
7552,Ecuador,rice,1993,34804,2274.0,1844.0,17.42
7553,Ecuador,rice,1993,34804,2274.0,1844.0,22.15
7560,Ecuador,potato,1993,36276,2274.0,1844.0,21.86
7561,Ecuador,potato,1993,36276,2274.0,1844.0,17.42
7562,Ecuador,potato,1993,36276,2274.0,1844.0,22.15
7569,Ecuador,maize,1994,11208,2274.0,2670.0,21.46
7570,Ecuador,maize,1994,11208,2274.0,2670.0,17.4
7571,Ecuador,maize,1994,11208,2274.0,2670.0,21.8
7575,Ecuador,potato,1994,81368,2274.0,2670.0,21.46
7576,Ecuador,potato,1994,81368,2274.0,2670.0,17.4
7577,Ecuador,potato,1994,81368,2274.0,2670.0,21.8
7578,Ecuador,rice,1994,37385,2274.0,2670.0,21.46
7579,Ecuador,rice,1994,37385,2274.0,2670.0,17.4
7580,Ecuador,rice,1994,37385,2274.0,2670.0,21.8
7587,Ecuador,potato,1994,48971,2274.0,2670.0,21.46
7588,Ecuador,potato,1994,48971,2274.0,2670.0,17.4
7589,Ecuador,potato,1994,48971,2274.0,2670.0,21.8
7596,Ecuador,maize,1995,11551,2274.0,2658.0,21.96
7597,Ecuador,maize,1995,11551,2274.0,2658.0,17.7
7598,Ecuador,maize,1995,11551,2274.0,2658.0,22.19
7602,Ecuador,potato,1995,71719,2274.0,2658.0,21.96
7603,Ecuador,potato,1995,71719,2274.0,2658.0,17.7
7604,Ecuador,potato,1995,71719,2274.0,2658.0,22.19
7605,Ecuador,rice,1995,32622,2274.0,2658.0,21.96
7606,Ecuador,rice,1995,32622,2274.0,2658.0,17.7
7607,Ecuador,rice,1995,32622,2274.0,2658.0,22.19
7614,Ecuador,potato,1995,35269,2274.0,2658.0,21.96
7615,Ecuador,potato,1995,35269,2274.0,2658.0,17.7
7616,Ecuador,potato,1995,35269,2274.0,2658.0,22.19
7623,Ecuador,maize,1996,11425,2274.0,2407.0,21.34
7624,Ecuador,maize,1996,11425,2274.0,2407.0,17.23
7625,Ecuador,maize,1996,11425,2274.0,2407.0,21.69
7629,Ecuador,potato,1996,84913,2274.0,2407.0,21.34
7630,Ecuador,potato,1996,84913,2274.0,2407.0,17.23
7631,Ecuador,potato,1996,84913,2274.0,2407.0,21.69
7632,Ecuador,rice,1996,35620,2274.0,2407.0,21.34
7633,Ecuador,rice,1996,35620,2274.0,2407.0,17.23
7634,Ecuador,rice,1996,35620,2274.0,2407.0,21.69
7641,Ecuador,potato,1996,36429,2274.0,2407.0,21.34
7642,Ecuador,potato,1996,36429,2274.0,2407.0,17.23
7643,Ecuador,potato,1996,36429,2274.0,2407.0,21.69
7650,Ecuador,maize,1997,11482,2274.0,7612.0,22.88
7651,Ecuador,maize,1997,11482,2274.0,7612.0,17.82
7652,Ecuador,maize,1997,11482,2274.0,7612.0,23.0
7656,Ecuador,potato,1997,89626,2274.0,7612.0,22.88
7657,Ecuador,potato,1997,89626,2274.0,7612.0,17.82
7658,Ecuador,potato,1997,89626,2274.0,7612.0,23.0
7659,Ecuador,rice,1997,35876,2274.0,7612.0,22.88
7660,Ecuador,rice,1997,35876,2274.0,7612.0,17.82
7661,Ecuador,rice,1997,35876,2274.0,7612.0,23.0
7668,Ecuador,potato,1997,38750,2274.0,7612.0,22.88
7669,Ecuador,potato,1997,38750,2274.0,7612.0,17.82
7670,Ecuador,potato,1997,38750,2274.0,7612.0,23.0
7677,Ecuador,maize,1998,10743,2274.0,21500.0,22.59
7678,Ecuador,maize,1998,10743,2274.0,21500.0,18.12
7679,Ecuador,maize,1998,10743,2274.0,21500.0,22.72
7683,Ecuador,potato,1998,92184,2274.0,21500.0,22.59
7684,Ecuador,potato,1998,92184,2274.0,21500.0,18.12
7685,Ecuador,potato,1998,92184,2274.0,21500.0,22.72
7686,Ecuador,rice,1998,32060,2274.0,21500.0,22.59
7687,Ecuador,rice,1998,32060,2274.0,21500.0,18.12
7688,Ecuador,rice,1998,32060,2274.0,21500.0,22.72
7695,Ecuador,potato,1998,17591,2274.0,21500.0,22.59
7696,Ecuador,potato,1998,17591,2274.0,21500.0,18.12
7697,Ecuador,potato,1998,17591,2274.0,21500.0,22.72
7704,Ecuador,maize,1999,11813,2274.0,14216.0,21.21
7705,Ecuador,maize,1999,11813,2274.0,14216.0,17.02
7706,Ecuador,maize,1999,11813,2274.0,14216.0,21.43
7710,Ecuador,potato,1999,93077,2274.0,14216.0,21.21
7711,Ecuador,potato,1999,93077,2274.0,14216.0,17.02
7712,Ecuador,potato,1999,93077,2274.0,14216.0,21.43
7713,Ecuador,rice,1999,35225,2274.0,14216.0,21.21
7714,Ecuador,rice,1999,35225,2274.0,14216.0,17.02
7715,Ecuador,rice,1999,35225,2274.0,14216.0,21.43
7722,Ecuador,potato,1999,56766,2274.0,14216.0,21.21
7723,Ecuador,potato,1999,56766,2274.0,14216.0,17.02
7724,Ecuador,potato,1999,56766,2274.0,14216.0,21.43
7731,Ecuador,maize,2000,14614,2274.0,17948.0,21.34
7732,Ecuador,maize,2000,14614,2274.0,17948.0,17.06
7733,Ecuador,maize,2000,14614,2274.0,17948.0,21.46
7737,Ecuador,potato,2000,56332,2274.0,17948.0,21.34
7738,Ecuador,potato,2000,56332,2274.0,17948.0,17.06
7739,Ecuador,potato,2000,56332,2274.0,17948.0,21.46
7740,Ecuador,rice,2000,36812,2274.0,17948.0,21.34
7741,Ecuador,rice,2000,36812,2274.0,17948.0,17.06
7742,Ecuador,rice,2000,36812,2274.0,17948.0,21.46
7749,Ecuador,potato,2000,29181,2274.0,17948.0,21.34
7750,Ecuador,potato,2000,29181,2274.0,17948.0,17.06
7751,Ecuador,potato,2000,29181,2274.0,17948.0,21.46
7758,Ecuador,maize,2001,7642,2274.0,7344.0,21.51
7759,Ecuador,maize,2001,7642,2274.0,7344.0,17.39
7760,Ecuador,maize,2001,7642,2274.0,7344.0,21.88
7764,Ecuador,potato,2001,97253,2274.0,7344.0,21.51
7765,Ecuador,potato,2001,97253,2274.0,7344.0,17.39
7766,Ecuador,potato,2001,97253,2274.0,7344.0,21.88
7767,Ecuador,rice,2001,36000,2274.0,7344.0,21.51
7768,Ecuador,rice,2001,36000,2274.0,7344.0,17.39
7769,Ecuador,rice,2001,36000,2274.0,7344.0,21.88
7776,Ecuador,potato,2001,28134,2274.0,7344.0,21.51
7777,Ecuador,potato,2001,28134,2274.0,7344.0,17.39
7778,Ecuador,potato,2001,28134,2274.0,7344.0,21.88
7785,Ecuador,maize,2002,14319,2274.0,1302.49,22.23
7786,Ecuador,maize,2002,14319,2274.0,1302.49,17.78
7787,Ecuador,maize,2002,14319,2274.0,1302.49,22.47
7791,Ecuador,potato,2002,48788,2274.0,1302.49,22.23
7792,Ecuador,potato,2002,48788,2274.0,1302.49,17.78
7793,Ecuador,potato,2002,48788,2274.0,1302.49,22.47
7794,Ecuador,rice,2002,38746,2274.0,1302.49,22.23
7795,Ecuador,rice,2002,38746,2274.0,1302.49,17.78
7796,Ecuador,rice,2002,38746,2274.0,1302.49,22.47
7803,Ecuador,potato,2002,13019,2274.0,1302.49,22.23
7804,Ecuador,potato,2002,13019,2274.0,1302.49,17.78
7805,Ecuador,potato,2002,13019,2274.0,1302.49,22.47
7812,Ecuador,maize,2004,18841,2274.0,29799.84,22.04
7813,Ecuador,maize,2004,18841,2274.0,29799.84,17.73
7814,Ecuador,maize,2004,18841,2274.0,29799.84,22.33
7818,Ecuador,potato,2004,71587,2274.0,29799.84,22.04
7819,Ecuador,potato,2004,71587,2274.0,29799.84,17.73
7820,Ecuador,potato,2004,71587,2274.0,29799.84,22.33
7821,Ecuador,rice,2004,42187,2274.0,29799.84,22.04
7822,Ecuador,rice,2004,42187,2274.0,29799.84,17.73
7823,Ecuador,rice,2004,42187,2274.0,29799.84,22.33
7830,Ecuador,potato,2004,25760,2274.0,29799.84,22.04
7831,Ecuador,potato,2004,25760,2274.0,29799.84,17.73
7832,Ecuador,potato,2004,25760,2274.0,29799.84,22.33
7839,Ecuador,maize,2005,21232,2274.0,18391.23,21.82
7840,Ecuador,maize,2005,21232,2274.0,18391.23,17.67
7841,Ecuador,maize,2005,21232,2274.0,18391.23,22.21
7845,Ecuador,potato,2005,69668,2274.0,18391.23,21.82
7846,Ecuador,potato,2005,69668,2274.0,18391.23,17.67
7847,Ecuador,potato,2005,69668,2274.0,18391.23,22.21
7848,Ecuador,rice,2005,38989,2274.0,18391.23,21.82
7849,Ecuador,rice,2005,38989,2274.0,18391.23,17.67
7850,Ecuador,rice,2005,38989,2274.0,18391.23,22.21
7857,Ecuador,potato,2005,30654,2274.0,18391.23,21.82
7858,Ecuador,potato,2005,30654,2274.0,18391.23,17.67
7859,Ecuador,potato,2005,30654,2274.0,18391.23,22.21
7866,Ecuador,maize,2006,18776,2274.0,7953.42,22.09
7867,Ecuador,maize,2006,18776,2274.0,7953.42,17.6
7868,Ecuador,maize,2006,18776,2274.0,7953.42,22.31
7872,Ecuador,potato,2006,69768,2274.0,7953.42,22.09
7873,Ecuador,potato,2006,69768,2274.0,7953.42,17.6
7874,Ecuador,potato,2006,69768,2274.0,7953.42,22.31
7875,Ecuador,rice,2006,41986,2274.0,7953.42,22.09
7876,Ecuador,rice,2006,41986,2274.0,7953.42,17.6
7877,Ecuador,rice,2006,41986,2274.0,7953.42,22.31
7884,Ecuador,potato,2006,18750,2274.0,7953.42,22.09
7885,Ecuador,potato,2006,18750,2274.0,7953.42,17.6
7886,Ecuador,potato,2006,18750,2274.0,7953.42,22.31
7893,Ecuador,maize,2007,23105,2274.0,14156.16,21.68
7894,Ecuador,maize,2007,23105,2274.0,14156.16,17.44
7895,Ecuador,maize,2007,23105,2274.0,14156.16,21.99
7899,Ecuador,potato,2007,68022,2274.0,14156.16,21.68
7900,Ecuador,potato,2007,68022,2274.0,14156.16,17.44
7901,Ecuador,potato,2007,68022,2274.0,14156.16,21.99
7902,Ecuador,rice,2007,43555,2274.0,14156.16,21.68
7903,Ecuador,rice,2007,43555,2274.0,14156.16,17.44
7904,Ecuador,rice,2007,43555,2274.0,14156.16,21.99
7911,Ecuador,potato,2007,18824,2274.0,14156.16,21.68
7912,Ecuador,potato,2007,18824,2274.0,14156.16,17.44
7913,Ecuador,potato,2007,18824,2274.0,14156.16,21.99
7920,Ecuador,maize,2008,22442,2274.0,15396.14,21.72
7921,Ecuador,maize,2008,22442,2274.0,15396.14,17.16
7922,Ecuador,maize,2008,22442,2274.0,15396.14,21.89
7926,Ecuador,potato,2008,61416,2274.0,15396.14,21.72
7927,Ecuador,potato,2008,61416,2274.0,15396.14,17.16
7928,Ecuador,potato,2008,61416,2274.0,15396.14,21.89
7929,Ecuador,rice,2008,40639,2274.0,15396.14,21.72
7930,Ecuador,rice,2008,40639,2274.0,15396.14,17.16
7931,Ecuador,rice,2008,40639,2274.0,15396.14,21.89
7938,Ecuador,potato,2008,21244,2274.0,15396.14,21.72
7939,Ecuador,potato,2008,21244,2274.0,15396.14,17.16
7940,Ecuador,potato,2008,21244,2274.0,15396.14,21.89
7947,Ecuador,maize,2009,22003,2274.0,9666.87,22.01
7948,Ecuador,maize,2009,22003,2274.0,9666.87,17.76
7949,Ecuador,maize,2009,22003,2274.0,9666.87,22.42
7953,Ecuador,potato,2009,58531,2274.0,9666.87,22.01
7954,Ecuador,potato,2009,58531,2274.0,9666.87,17.76
7955,Ecuador,potato,2009,58531,2274.0,9666.87,22.42
7956,Ecuador,rice,2009,40004,2274.0,9666.87,22.01
7957,Ecuador,rice,2009,40004,2274.0,9666.87,17.76
7958,Ecuador,rice,2009,40004,2274.0,9666.87,22.42
7965,Ecuador,potato,2009,18947,2274.0,9666.87,22.01
7966,Ecuador,potato,2009,18947,2274.0,9666.87,17.76
7967,Ecuador,potato,2009,18947,2274.0,9666.87,22.42
7974,Ecuador,maize,2010,22348,2274.0,31637.12,21.98
7975,Ecuador,maize,2010,22348,2274.0,31637.12,17.79
7976,Ecuador,maize,2010,22348,2274.0,31637.12,22.3
7980,Ecuador,potato,2010,87422,2274.0,31637.12,21.98
7981,Ecuador,potato,2010,87422,2274.0,31637.12,17.79
7982,Ecuador,potato,2010,87422,2274.0,31637.12,22.3
7983,Ecuador,rice,2010,43399,2274.0,31637.12,21.98
7984,Ecuador,rice,2010,43399,2274.0,31637.12,17.79
7985,Ecuador,rice,2010,43399,2274.0,31637.12,22.3
7992,Ecuador,potato,2010,18963,2274.0,31637.12,21.98
7993,Ecuador,potato,2010,18963,2274.0,31637.12,17.79
7994,Ecuador,potato,2010,18963,2274.0,31637.12,22.3
8001,Ecuador,maize,2011,16672,2274.0,17529.44,21.78
8002,Ecuador,maize,2011,16672,2274.0,17529.44,17.42
8003,Ecuador,maize,2011,16672,2274.0,17529.44,22.11
8007,Ecuador,potato,2011,77752,2274.0,17529.44,21.78
8008,Ecuador,potato,2011,77752,2274.0,17529.44,17.42
8009,Ecuador,potato,2011,77752,2274.0,17529.44,22.11
8010,Ecuador,rice,2011,44792,2274.0,17529.44,21.78
8011,Ecuador,rice,2011,44792,2274.0,17529.44,17.42
8012,Ecuador,rice,2011,44792,2274.0,17529.44,22.11
8019,Ecuador,potato,2011,19113,2274.0,17529.44,21.78
8020,Ecuador,potato,2011,19113,2274.0,17529.44,17.42
8021,Ecuador,potato,2011,19113,2274.0,17529.44,22.11
8028,Ecuador,maize,2012,27324,2274.0,11469.74,21.86
8029,Ecuador,maize,2012,27324,2274.0,11469.74,17.46
8030,Ecuador,maize,2012,27324,2274.0,11469.74,22.16
8034,Ecuador,potato,2012,83078,2274.0,11469.74,21.86
8035,Ecuador,potato,2012,83078,2274.0,11469.74,17.46
8036,Ecuador,potato,2012,83078,2274.0,11469.74,22.16
8037,Ecuador,rice,2012,42178,2274.0,11469.74,21.86
8038,Ecuador,rice,2012,42178,2274.0,11469.74,17.46
8039,Ecuador,rice,2012,42178,2274.0,11469.74,22.16
8046,Ecuador,potato,2012,19575,2274.0,11469.74,21.86
8047,Ecuador,potato,2012,19575,2274.0,11469.74,17.46
8048,Ecuador,potato,2012,19575,2274.0,11469.74,22.16
8055,Ecuador,maize,2013,23702,2274.0,6471.77,21.69
8056,Ecuador,maize,2013,23702,2274.0,6471.77,17.28
8057,Ecuador,maize,2013,23702,2274.0,6471.77,21.94
8061,Ecuador,potato,2013,73131,2274.0,6471.77,21.69
8062,Ecuador,potato,2013,73131,2274.0,6471.77,17.28
8063,Ecuador,potato,2013,73131,2274.0,6471.77,21.94
8064,Ecuador,rice,2013,38210,2274.0,6471.77,21.69
8065,Ecuador,rice,2013,38210,2274.0,6471.77,17.28
8066,Ecuador,rice,2013,38210,2274.0,6471.77,21.94
8073,Ecuador,potato,2013,19113,2274.0,6471.77,21.69
8074,Ecuador,potato,2013,19113,2274.0,6471.77,17.28
8075,Ecuador,potato,2013,19113,2274.0,6471.77,21.94
8079,Egypt,maize,1990,57803,51.0,13214.0,20.73
8080,Egypt,maize,1990,57803,51.0,13214.0,21.6
8081,Egypt,potato,1990,205592,51.0,13214.0,20.73
8082,Egypt,potato,1990,205592,51.0,13214.0,21.6
8083,Egypt,rice,1990,72663,51.0,13214.0,20.73
8084,Egypt,rice,1990,72663,51.0,13214.0,21.6
8089,Egypt,potato,1990,257930,51.0,13214.0,20.73
8090,Egypt,potato,1990,257930,51.0,13214.0,21.6
8093,Egypt,maize,1991,58951,51.0,8255.0,20.64
8094,Egypt,maize,1991,58951,51.0,8255.0,21.65
8095,Egypt,potato,1991,202345,51.0,8255.0,20.64
8096,Egypt,potato,1991,202345,51.0,8255.0,21.65
8097,Egypt,rice,1991,74554,51.0,8255.0,20.64
8098,Egypt,rice,1991,74554,51.0,8255.0,21.65
8103,Egypt,potato,1991,270456,51.0,8255.0,20.64
8104,Egypt,potato,1991,270456,51.0,8255.0,21.65
8107,Egypt,maize,1992,61346,51.0,6156.0,20.09
8108,Egypt,maize,1992,61346,51.0,6156.0,21.11
8109,Egypt,potato,1992,209071,51.0,6156.0,20.09
8110,Egypt,potato,1992,209071,51.0,6156.0,21.11
8111,Egypt,rice,1992,76511,51.0,6156.0,20.09
8112,Egypt,rice,1992,76511,51.0,6156.0,21.11
8117,Egypt,potato,1992,241308,51.0,6156.0,20.09
8118,Egypt,potato,1992,241308,51.0,6156.0,21.11
8121,Egypt,maize,1993,60780,51.0,4175.0,20.74
8122,Egypt,maize,1993,60780,51.0,4175.0,21.79
8123,Egypt,potato,1993,207792,51.0,4175.0,20.74
8124,Egypt,potato,1993,207792,51.0,4175.0,21.79
8125,Egypt,rice,1993,77184,51.0,4175.0,20.74
8126,Egypt,rice,1993,77184,51.0,4175.0,21.79
8131,Egypt,potato,1993,260629,51.0,4175.0,20.74
8132,Egypt,potato,1993,260629,51.0,4175.0,21.79
8135,Egypt,maize,1994,59065,51.0,4283.0,21.1
8136,Egypt,maize,1994,59065,51.0,4283.0,22.02
8137,Egypt,potato,1994,204487,51.0,4283.0,21.1
8138,Egypt,potato,1994,204487,51.0,4283.0,22.02
8139,Egypt,rice,1994,79130,51.0,4283.0,21.1
8140,Egypt,rice,1994,79130,51.0,4283.0,22.02
8145,Egypt,potato,1994,247138,51.0,4283.0,21.1
8146,Egypt,potato,1994,247138,51.0,4283.0,22.02
8149,Egypt,maize,1995,61630,51.0,4391.0,20.62
8150,Egypt,maize,1995,61630,51.0,4391.0,21.56
8151,Egypt,potato,1995,211244,51.0,4391.0,20.62
8152,Egypt,potato,1995,211244,51.0,4391.0,21.56
8153,Egypt,rice,1995,81356,51.0,4391.0,20.62
8154,Egypt,rice,1995,81356,51.0,4391.0,21.56
8159,Egypt,potato,1995,259786,51.0,4391.0,20.62
8160,Egypt,potato,1995,259786,51.0,4391.0,21.56
8163,Egypt,maize,1996,69523,51.0,4499.0,20.85
8164,Egypt,maize,1996,69523,51.0,4499.0,21.88
8165,Egypt,potato,1996,202048,51.0,4499.0,20.85
8166,Egypt,potato,1996,202048,51.0,4499.0,21.88
8167,Egypt,rice,1996,82910,51.0,4499.0,20.85
8168,Egypt,rice,1996,82910,51.0,4499.0,21.88
8173,Egypt,potato,1996,231357,51.0,4499.0,20.85
8174,Egypt,potato,1996,231357,51.0,4499.0,21.88
8177,Egypt,maize,1997,71298,51.0,4607.0,20.52
8178,Egypt,maize,1997,71298,51.0,4607.0,21.45
8179,Egypt,potato,1997,218355,51.0,4607.0,20.52
8180,Egypt,potato,1997,218355,51.0,4607.0,21.45
8181,Egypt,rice,1997,84152,51.0,4607.0,20.52
8182,Egypt,rice,1997,84152,51.0,4607.0,21.45
8187,Egypt,potato,1997,224888,51.0,4607.0,20.52
8188,Egypt,potato,1997,224888,51.0,4607.0,21.45
8191,Egypt,maize,1998,72257,51.0,4715.0,21.29
8192,Egypt,maize,1998,72257,51.0,4715.0,22.36
8193,Egypt,potato,1998,223302,51.0,4715.0,21.29
8194,Egypt,potato,1998,223302,51.0,4715.0,22.36
8195,Egypt,rice,1998,86401,51.0,4715.0,21.29
8196,Egypt,rice,1998,86401,51.0,4715.0,22.36
8201,Egypt,potato,1998,240060,51.0,4715.0,21.29
8202,Egypt,potato,1998,240060,51.0,4715.0,22.36
8205,Egypt,maize,1999,75174,51.0,4823.0,21.46
8206,Egypt,maize,1999,75174,51.0,4823.0,22.28
8207,Egypt,potato,1999,232915,51.0,4823.0,21.46
8208,Egypt,potato,1999,232915,51.0,4823.0,22.28
8209,Egypt,rice,1999,88780,51.0,4823.0,21.46
8210,Egypt,rice,1999,88780,51.0,4823.0,22.28
8215,Egypt,potato,1999,240545,51.0,4823.0,21.46
8216,Egypt,potato,1999,240545,51.0,4823.0,22.28
8219,Egypt,maize,2000,76800,51.0,4931.0,20.74
8220,Egypt,maize,2000,76800,51.0,4931.0,21.49
8221,Egypt,potato,2000,235931,51.0,4931.0,20.74
8222,Egypt,potato,2000,235931,51.0,4931.0,21.49
8223,Egypt,rice,2000,91025,51.0,4931.0,20.74
8224,Egypt,rice,2000,91025,51.0,4931.0,21.49
8229,Egypt,potato,2000,273327,51.0,4931.0,20.74
8230,Egypt,potato,2000,273327,51.0,4931.0,21.49
8233,Egypt,maize,2001,69798,51.0,5039.0,21.45
8234,Egypt,maize,2001,69798,51.0,5039.0,22.33
8235,Egypt,potato,2001,238739,51.0,5039.0,21.45
8236,Egypt,potato,2001,238739,51.0,5039.0,22.33
8237,Egypt,rice,2001,92833,51.0,5039.0,21.45
8238,Egypt,rice,2001,92833,51.0,5039.0,22.33
8243,Egypt,potato,2001,266543,51.0,5039.0,21.45
8244,Egypt,potato,2001,266543,51.0,5039.0,22.33
8247,Egypt,maize,2002,77656,51.0,5147.0,21.46
8248,Egypt,maize,2002,77656,51.0,5147.0,22.41
8249,Egypt,potato,2002,240382,51.0,5147.0,21.46
8250,Egypt,potato,2002,240382,51.0,5147.0,22.41
8251,Egypt,rice,2002,93889,51.0,5147.0,21.46
8252,Egypt,rice,2002,93889,51.0,5147.0,22.41
8257,Egypt,potato,2002,276970,51.0,5147.0,21.46
8258,Egypt,potato,2002,276970,51.0,5147.0,22.41
8261,Egypt,maize,2004,79087,51.0,5363.0,21.06
8262,Egypt,maize,2004,79087,51.0,5363.0,22.08
8263,Egypt,potato,2004,244443,51.0,5363.0,21.06
8264,Egypt,potato,2004,244443,51.0,5363.0,22.08
8265,Egypt,rice,2004,98384,51.0,5363.0,21.06
8266,Egypt,rice,2004,98384,51.0,5363.0,22.08
8271,Egypt,potato,2004,281242,51.0,5363.0,21.06
8272,Egypt,potato,2004,281242,51.0,5363.0,22.08
8275,Egypt,maize,2005,81607,51.0,5471.0,21.08
8276,Egypt,maize,2005,81607,51.0,5471.0,22.01
8277,Egypt,potato,2005,250826,51.0,5471.0,21.08
8278,Egypt,potato,2005,250826,51.0,5471.0,22.01
8279,Egypt,rice,2005,99874,51.0,5471.0,21.08
8280,Egypt,rice,2005,99874,51.0,5471.0,22.01
8285,Egypt,potato,2005,175000,51.0,5471.0,21.08
8286,Egypt,potato,2005,175000,51.0,5471.0,22.01
8289,Egypt,maize,2006,83705,51.0,9781.0,21.15
8290,Egypt,maize,2006,83705,51.0,9781.0,22.05
8291,Egypt,potato,2006,250085,51.0,9781.0,21.15
8292,Egypt,potato,2006,250085,51.0,9781.0,22.05
8293,Egypt,rice,2006,100750,51.0,9781.0,21.15
8294,Egypt,rice,2006,100750,51.0,9781.0,22.05
8299,Egypt,potato,2006,119702,51.0,9781.0,21.15
8300,Egypt,potato,2006,119702,51.0,9781.0,22.05
8303,Egypt,maize,2007,80463,51.0,9105.0,21.51
8304,Egypt,maize,2007,80463,51.0,9105.0,22.36
8305,Egypt,potato,2007,255717,51.0,9105.0,21.51
8306,Egypt,potato,2007,255717,51.0,9105.0,22.36
8307,Egypt,rice,2007,97675,51.0,9105.0,21.51
8308,Egypt,rice,2007,97675,51.0,9105.0,22.36
8313,Egypt,potato,2007,298171,51.0,9105.0,21.51
8314,Egypt,potato,2007,298171,51.0,9105.0,22.36
8317,Egypt,maize,2008,79053,51.0,9527.0,21.74
8318,Egypt,maize,2008,79053,51.0,9527.0,22.64
8319,Egypt,potato,2008,259390,51.0,9527.0,21.74
8320,Egypt,potato,2008,259390,51.0,9527.0,22.64
8321,Egypt,rice,2008,97349,51.0,9527.0,21.74
8322,Egypt,rice,2008,97349,51.0,9527.0,22.64
8327,Egypt,potato,2008,276425,51.0,9527.0,21.74
8328,Egypt,potato,2008,276425,51.0,9527.0,22.64
8331,Egypt,maize,2009,78184,51.0,9013.0,21.67
8332,Egypt,maize,2009,78184,51.0,9013.0,22.63
8333,Egypt,potato,2009,264241,51.0,9013.0,21.67
8334,Egypt,potato,2009,264241,51.0,9013.0,22.63
8335,Egypt,rice,2009,95930,51.0,9013.0,21.67
8336,Egypt,rice,2009,95930,51.0,9013.0,22.63
8341,Egypt,potato,2009,285425,51.0,9013.0,21.67
8342,Egypt,potato,2009,285425,51.0,9013.0,22.63
8345,Egypt,maize,2010,72700,51.0,11590.0,22.46
8346,Egypt,maize,2010,72700,51.0,11590.0,23.72
8347,Egypt,potato,2010,259211,51.0,11590.0,22.46
8348,Egypt,potato,2010,259211,51.0,11590.0,23.72
8349,Egypt,rice,2010,94217,51.0,11590.0,22.46
8350,Egypt,rice,2010,94217,51.0,11590.0,23.72
8355,Egypt,potato,2010,306078,51.0,11590.0,22.46
8356,Egypt,potato,2010,306078,51.0,11590.0,23.72
8359,Egypt,maize,2011,77409,51.0,12945.0,21.18
8360,Egypt,maize,2011,77409,51.0,12945.0,21.99
8361,Egypt,potato,2011,264311,51.0,12945.0,21.18
8362,Egypt,potato,2011,264311,51.0,12945.0,21.99
8363,Egypt,rice,2011,95670,51.0,12945.0,21.18
8364,Egypt,rice,2011,95670,51.0,12945.0,21.99
8369,Egypt,potato,2011,318249,51.0,12945.0,21.18
8370,Egypt,potato,2011,318249,51.0,12945.0,21.99
8373,Egypt,maize,2012,77723,51.0,13991.0,21.55
8374,Egypt,maize,2012,77723,51.0,13991.0,22.48
8375,Egypt,potato,2012,268531,51.0,13991.0,21.55
8376,Egypt,potato,2012,268531,51.0,13991.0,22.48
8377,Egypt,rice,2012,95296,51.0,13991.0,21.55
8378,Egypt,rice,2012,95296,51.0,13991.0,22.48
8383,Egypt,potato,2012,323485,51.0,13991.0,21.55
8384,Egypt,potato,2012,323485,51.0,13991.0,22.48
8387,Egypt,maize,2013,77223,51.0,13653.0,21.44
8388,Egypt,maize,2013,77223,51.0,13653.0,22.91
8389,Egypt,potato,2013,266276,51.0,13653.0,21.44
8390,Egypt,potato,2013,266276,51.0,13653.0,22.91
8391,Egypt,rice,2013,95865,51.0,13653.0,21.44
8392,Egypt,rice,2013,95865,51.0,13653.0,22.91
8397,Egypt,potato,2013,336781,51.0,13653.0,21.44
8398,Egypt,potato,2013,336781,51.0,13653.0,22.91
8402,El Salvador,maize,1990,21383,1784.0,2524.0,26.06
8404,El Salvador,potato,1990,140000,1784.0,2524.0,26.06
8405,El Salvador,rice,1990,43271,1784.0,2524.0,26.06
8408,El Salvador,potato,1990,64286,1784.0,2524.0,26.06
8410,El Salvador,maize,1991,16448,1784.0,4096.0,26.08
8412,El Salvador,potato,1991,144231,1784.0,4096.0,26.08
8413,El Salvador,rice,1991,37669,1784.0,4096.0,26.08
8416,El Salvador,potato,1991,62941,1784.0,4096.0,26.08
8418,El Salvador,maize,1992,21989,1784.0,3940.77,26.22
8420,El Salvador,potato,1992,144444,1784.0,3940.77,26.22
8421,El Salvador,rice,1992,43561,1784.0,3940.77,26.22
8424,El Salvador,potato,1992,61333,1784.0,3940.77,26.22
8426,El Salvador,maize,1993,20482,1784.0,3785.54,26.12
8428,El Salvador,potato,1993,141509,1784.0,3785.54,26.12
8429,El Salvador,rice,1993,47076,1784.0,3785.54,26.12
8432,El Salvador,potato,1993,64000,1784.0,3785.54,26.12
8434,El Salvador,maize,1994,15245,1784.0,3630.31,26.33
8436,El Salvador,potato,1994,140741,1784.0,3630.31,26.33
8437,El Salvador,rice,1994,43353,1784.0,3630.31,26.33
8440,El Salvador,potato,1994,61250,1784.0,3630.31,26.33
8442,El Salvador,maize,1995,21972,1784.0,3475.08,26.05
8444,El Salvador,potato,1995,140000,1784.0,3475.08,26.05
8445,El Salvador,rice,1995,53291,1784.0,3475.08,26.05
8448,El Salvador,potato,1995,62500,1784.0,3475.08,26.05
8450,El Salvador,maize,1996,22572,1784.0,3319.85,25.77
8452,El Salvador,potato,1996,157368,1784.0,3319.85,25.77
8453,El Salvador,rice,1996,51627,1784.0,3319.85,25.77
8456,El Salvador,potato,1996,62845,1784.0,3319.85,25.77
8458,El Salvador,maize,1997,16582,1784.0,3164.62,26.48
8460,El Salvador,potato,1997,139286,1784.0,3164.62,26.48
8461,El Salvador,rice,1997,44419,1784.0,3164.62,26.48
8464,El Salvador,potato,1997,62976,1784.0,3164.62,26.48
8466,El Salvador,maize,1998,19062,1784.0,3009.39,26.48
8468,El Salvador,potato,1998,215536,1784.0,3009.39,26.48
8469,El Salvador,rice,1998,49760,1784.0,3009.39,26.48
8472,El Salvador,potato,1998,64706,1784.0,3009.39,26.48
8474,El Salvador,maize,1999,25047,1784.0,2854.16,25.67
8476,El Salvador,potato,1999,210286,1784.0,2854.16,25.67
8477,El Salvador,rice,1999,52531,1784.0,2854.16,25.67
8480,El Salvador,potato,1999,63112,1784.0,2854.16,25.67
8482,El Salvador,maize,2000,22475,1784.0,2698.93,25.78
8484,El Salvador,potato,2000,231200,1784.0,2698.93,25.78
8485,El Salvador,rice,2000,57884,1784.0,2698.93,25.78
8488,El Salvador,potato,2000,63105,1784.0,2698.93,25.78
8490,El Salvador,maize,2001,19431,1784.0,2543.7,25.92
8492,El Salvador,potato,2001,229878,1784.0,2543.7,25.92
8493,El Salvador,rice,2001,60284,1784.0,2543.7,25.92
8496,El Salvador,potato,2001,62931,1784.0,2543.7,25.92
8498,El Salvador,maize,2002,26041,1784.0,2388.47,26.12
8500,El Salvador,potato,2002,236013,1784.0,2388.47,26.12
8501,El Salvador,rice,2002,59384,1784.0,2388.47,26.12
8504,El Salvador,potato,2002,62852,1784.0,2388.47,26.12
8506,El Salvador,maize,2004,27641,1784.0,2078.01,26.2
8508,El Salvador,potato,2004,288786,1784.0,2078.01,26.2
8509,El Salvador,rice,2004,66430,1784.0,2078.01,26.2
8512,El Salvador,potato,2004,62585,1784.0,2078.01,26.2
8514,El Salvador,maize,2005,29434,1784.0,1922.78,26.07
8516,El Salvador,potato,2005,221220,1784.0,1922.78,26.07
8517,El Salvador,rice,2005,72118,1784.0,1922.78,26.07
8520,El Salvador,potato,2005,62409,1784.0,1922.78,26.07
8522,El Salvador,maize,2006,30794,1784.0,2265.72,26.14
8524,El Salvador,potato,2006,220517,1784.0,2265.72,26.14
8525,El Salvador,rice,2006,73941,1784.0,2265.72,26.14
8528,El Salvador,potato,2006,62251,1784.0,2265.72,26.14
8530,El Salvador,maize,2007,29107,1784.0,1940.78,26.02
8532,El Salvador,potato,2007,218481,1784.0,1940.78,26.02
8533,El Salvador,rice,2007,74651,1784.0,1940.78,26.02
8536,El Salvador,potato,2007,63889,1784.0,1940.78,26.02
8538,El Salvador,maize,2008,33895,1784.0,3899.48,25.71
8540,El Salvador,potato,2008,218555,1784.0,3899.48,25.71
8541,El Salvador,rice,2008,79373,1784.0,3899.48,25.71
8544,El Salvador,potato,2008,61614,1784.0,3899.48,25.71
8546,El Salvador,maize,2009,30041,1784.0,3333.88,26.21
8548,El Salvador,potato,2009,252417,1784.0,3333.88,26.21
8549,El Salvador,rice,2009,69016,1784.0,3333.88,26.21
8552,El Salvador,potato,2009,61191,1784.0,3333.88,26.21
8554,El Salvador,maize,2010,30253,1784.0,3598.59,25.96
8556,El Salvador,potato,2010,252796,1784.0,3598.59,25.96
8557,El Salvador,rice,2010,70136,1784.0,3598.59,25.96
8560,El Salvador,potato,2010,60767,1784.0,3598.59,25.96
8562,El Salvador,maize,2011,28181,1784.0,3231.13,25.95
8564,El Salvador,potato,2011,196316,1784.0,3231.13,25.95
8565,El Salvador,rice,2011,54783,1784.0,3231.13,25.95
8568,El Salvador,potato,2011,60343,1784.0,3231.13,25.95
8570,El Salvador,maize,2012,32580,1784.0,2595.16,26.04
8572,El Salvador,potato,2012,295706,1784.0,2595.16,26.04
8573,El Salvador,rice,2012,63968,1784.0,2595.16,26.04
8576,El Salvador,potato,2012,58333,1784.0,2595.16,26.04
8578,El Salvador,maize,2013,29461,1784.0,6005.08,26.36
8580,El Salvador,potato,2013,426047,1784.0,6005.08,26.36
8581,El Salvador,rice,2013,61615,1784.0,6005.08,26.36
8584,El Salvador,potato,2013,58333,1784.0,6005.08,26.36
8585,Eritrea,maize,1993,2308,383.0,4.44,24.09
8586,Eritrea,potato,1993,82000,383.0,4.44,24.09
8589,Eritrea,maize,1994,7689,383.0,4.44,24.13
8590,Eritrea,potato,1994,80659,383.0,4.44,24.13
8593,Eritrea,maize,1995,3366,383.0,4.44,24.37
8594,Eritrea,potato,1995,79816,383.0,4.44,24.37
8597,Eritrea,maize,1996,3974,383.0,4.44,24.36
8598,Eritrea,potato,1996,79592,383.0,4.44,24.36
8601,Eritrea,maize,1997,2495,383.0,30.92,24.32
8602,Eritrea,potato,1997,80769,383.0,30.92,24.32
8605,Eritrea,maize,1998,7532,383.0,19.61,24.78
8606,Eritrea,potato,1998,83333,383.0,19.61,24.78
8609,Eritrea,maize,1999,7920,383.0,22.28,24.68
8610,Eritrea,potato,1999,80000,383.0,22.28,24.68
8613,Eritrea,maize,2000,2358,383.0,24.96,24.76
8614,Eritrea,potato,2000,70012,383.0,24.96,24.76
8617,Eritrea,maize,2001,7851,383.0,27.63,24.61
8618,Eritrea,potato,2001,58050,383.0,27.63,24.61
8621,Eritrea,maize,2002,2076,383.0,27.63,24.86
8622,Eritrea,potato,2002,61120,383.0,27.63,24.86
8625,Eritrea,maize,2004,2409,383.0,27.63,24.79
8626,Eritrea,potato,2004,64000,383.0,27.63,24.79
8629,Eritrea,maize,2005,4906,383.0,27.63,24.85
8630,Eritrea,potato,2005,79311,383.0,27.63,24.85
8633,Eritrea,maize,2006,9755,383.0,27.63,24.7
8634,Eritrea,potato,2006,78493,383.0,27.63,24.7
8637,Eritrea,maize,2007,8321,383.0,27.63,24.7
8638,Eritrea,potato,2007,24508,383.0,27.63,24.7
8641,Eritrea,maize,2008,2123,383.0,27.63,24.79
8642,Eritrea,potato,2008,8406,383.0,27.63,24.79
8645,Eritrea,maize,2009,8689,383.0,27.63,25.3
8646,Eritrea,potato,2009,12000,383.0,27.63,25.3
8649,Eritrea,maize,2010,9000,383.0,27.63,25.22
8650,Eritrea,potato,2010,15729,383.0,27.63,25.22
8653,Eritrea,maize,2011,9524,383.0,27.63,24.78
8654,Eritrea,potato,2011,18180,383.0,27.63,24.78
8657,Eritrea,maize,2012,10476,383.0,27.63,25.16
8658,Eritrea,potato,2012,14209,383.0,27.63,25.16
8661,Eritrea,maize,2013,10000,383.0,27.63,25.87
8662,Eritrea,potato,2013,12819,383.0,27.63,25.87
8665,Estonia,potato,1992,144514,626.0,469.0,6.51
8667,Estonia,potato,1993,126432,626.0,170.0,5.26
8669,Estonia,potato,1994,140959,626.0,176.0,5.35
8671,Estonia,potato,1995,145590,626.0,154.0,6.23
8673,Estonia,potato,1996,141758,626.0,133.0,4.63
8675,Estonia,potato,1997,124153,626.0,200.0,5.95
8677,Estonia,potato,1998,97147,626.0,195.0,5.5
8679,Estonia,potato,1999,129807,626.0,187.0,6.55
8681,Estonia,potato,2000,152654,626.0,315.0,7.12
8683,Estonia,potato,2001,155249,626.0,329.0,6.08
8685,Estonia,potato,2002,131599,626.0,331.0,6.34
8687,Estonia,potato,2004,103416,626.0,351.0,6.03
8689,Estonia,potato,2005,150277,626.0,386.0,6.04
8691,Estonia,potato,2006,132608,626.0,452.0,6.7
8693,Estonia,potato,2007,171977,626.0,460.0,6.97
8695,Estonia,potato,2008,142273,626.0,551.0,7.39
8697,Estonia,potato,2009,152752,626.0,402.0,6.14
8699,Estonia,potato,2010,174562,626.0,514.0,5.06
8701,Estonia,potato,2011,178361,626.0,460.0,6.98
8703,Estonia,potato,2012,182175,626.0,553.0,5.57
8705,Estonia,potato,2013,193558,626.0,567.0,7.28
8707,Finland,potato,1990,214976,536.0,2001.0,6.07
8709,Finland,potato,1991,185663,536.0,1738.0,5.62
8711,Finland,potato,1992,192894,536.0,1372.0,5.8
8713,Finland,potato,1993,213516,536.0,1200.0,4.74
8715,Finland,potato,1994,198795,536.0,1247.0,4.66
8717,Finland,potato,1995,221053,536.0,1041.0,5.63
8719,Finland,potato,1996,220029,536.0,909.0,4.2
8721,Finland,potato,1997,227139,536.0,999.0,5.36
8723,Finland,potato,1998,180091,536.0,1164.0,4.71
8725,Finland,potato,1999,244923,536.0,1139.0,5.7
8727,Finland,potato,2000,243851,536.0,1147.48,6.57
8729,Finland,potato,2001,244267,536.0,1423.27,5.35
8731,Finland,potato,2002,261779,536.0,1620.36,5.54
8733,Finland,potato,2004,226886,536.0,1489.12,5.4
8735,Finland,potato,2005,256990,536.0,1431.04,5.8
8737,Finland,potato,2006,205607,536.0,1645.3,5.91
8739,Finland,potato,2007,256996,536.0,1479.45,6.23
8741,Finland,potato,2008,261221,536.0,1621.86,6.77
8743,Finland,potato,2009,286098,536.0,1693.8,5.49
8745,Finland,potato,2010,261548,536.0,1746.71,4.36
8747,Finland,potato,2011,275943,536.0,1707.54,6.38
8749,Finland,potato,2012,236522,536.0,1545.25,5.12
8751,Finland,potato,2013,281312,536.0,1475.39,6.17
8753,France,maize,1990,60186,867.0,97701.0,11.96
8754,France,potato,1990,290790,867.0,97701.0,11.96
8755,France,rice,1990,59461,867.0,97701.0,11.96
8759,France,maize,1991,72866,867.0,103434.0,10.6
8760,France,potato,1991,321625,867.0,103434.0,10.6
8761,France,rice,1991,53273,867.0,103434.0,10.6
8765,France,maize,1992,79812,867.0,85249.0,11.15
8766,France,potato,1992,365434,867.0,85249.0,11.15
8767,France,rice,1992,52448,867.0,85249.0,11.15
8771,France,maize,1993,80479,867.0,91953.0,10.7
8772,France,potato,1993,360076,867.0,91953.0,10.7
8773,France,rice,1993,49628,867.0,91953.0,10.7
8777,France,maize,1994,77983,867.0,89515.0,11.96
8778,France,potato,1994,335302,867.0,89515.0,11.96
8779,France,rice,1994,45700,867.0,89515.0,11.96
8783,France,maize,1995,77182,867.0,84011.0,11.69
8784,France,potato,1995,347354,867.0,84011.0,11.69
8785,France,rice,1995,48627,867.0,84011.0,11.69
8789,France,maize,1996,83856,867.0,97890.0,10.14
8790,France,potato,1996,361751,867.0,97890.0,10.14
8791,France,rice,1996,52455,867.0,97890.0,10.14
8795,France,maize,1997,90651,867.0,109792.0,11.59
8796,France,potato,1997,397848,867.0,109792.0,11.59
8797,France,rice,1997,58919,867.0,109792.0,11.59
8801,France,maize,1998,84528,867.0,107753.0,11.25
8802,France,potato,1998,373559,867.0,107753.0,11.25
8803,France,rice,1998,58281,867.0,107753.0,11.25
8807,France,maize,1999,89523,867.0,114695.0,11.83
8808,France,potato,1999,397361,867.0,114695.0,11.83
8809,France,rice,1999,60915,867.0,114695.0,11.83
8813,France,maize,2000,90766,867.0,97878.0,11.74
8814,France,potato,2000,395987,867.0,97878.0,11.74
8815,France,rice,2000,58358,867.0,97878.0,11.74
8819,France,maize,2001,85711,867.0,99694.0,11.37
8820,France,potato,2001,374385,867.0,99694.0,11.37
8821,France,rice,2001,53603,867.0,99694.0,11.37
8825,France,maize,2002,89751,867.0,82448.0,11.87
8826,France,potato,2002,423804,867.0,82448.0,11.87
8827,France,rice,2002,56910,867.0,82448.0,11.87
8831,France,maize,2004,89907,867.0,76099.0,11.34
8832,France,potato,2004,454162,867.0,76099.0,11.34
8833,France,rice,2004,57098,867.0,76099.0,11.34
8837,France,maize,2005,82539,867.0,78265.0,11.55
8838,France,potato,2005,422227,867.0,78265.0,11.55
8839,France,rice,2005,57314,867.0,78265.0,11.55
8843,France,maize,2006,85818,867.0,71612.0,11.79
8844,France,potato,2006,401909,867.0,71612.0,11.79
8845,France,rice,2006,54756,867.0,71612.0,11.79
8849,France,maize,2007,94821,867.0,77255.0,11.75
8850,France,potato,2007,453347,867.0,77255.0,11.75
8851,France,rice,2007,46354,867.0,77255.0,11.75
8855,France,maize,2008,91258,867.0,78577.0,11.28
8856,France,potato,2008,435194,867.0,78577.0,11.28
8857,France,rice,2008,57599,867.0,78577.0,11.28
8861,France,maize,2009,88934,867.0,63676.0,11.46
8862,France,potato,2009,437856,867.0,63676.0,11.46
8863,France,rice,2009,57406,867.0,63676.0,11.46
8867,France,maize,2010,88299,867.0,61903.0,10.41
8868,France,potato,2010,421566,867.0,61903.0,10.41
8869,France,rice,2010,50432,867.0,61903.0,10.41
8873,France,maize,2011,99668,867.0,61039.0,12.33
8874,France,potato,2011,468991,867.0,61039.0,12.33
8875,France,rice,2011,56263,867.0,61039.0,12.33
8879,France,maize,2012,90024,867.0,63547.59,11.22
8880,France,potato,2012,413769,867.0,63547.59,11.22
8881,France,rice,2012,55947,867.0,63547.59,11.22
8885,France,maize,2013,81592,867.0,66497.29,11.01
8886,France,potato,2013,431560,867.0,66497.29,11.01
8887,France,rice,2013,39400,867.0,66497.29,11.01
8891,Germany,maize,1990,67762,700.0,31289.0,10.71
8892,Germany,maize,1990,67762,700.0,31289.0,10.08
8893,Germany,maize,1990,67762,700.0,31289.0,5.92
8894,Germany,potato,1990,257764,700.0,31289.0,10.71
8895,Germany,potato,1990,257764,700.0,31289.0,10.08
8896,Germany,potato,1990,257764,700.0,31289.0,5.92
8903,Germany,maize,1991,68432,700.0,32006.0,9.36
8904,Germany,maize,1991,68432,700.0,32006.0,8.79
8905,Germany,maize,1991,68432,700.0,32006.0,4.93
8906,Germany,potato,1991,298464,700.0,32006.0,9.36
8907,Germany,potato,1991,298464,700.0,32006.0,8.79
8908,Germany,potato,1991,298464,700.0,32006.0,4.93
8915,Germany,maize,1992,72348,700.0,29542.0,10.38
8916,Germany,maize,1992,72348,700.0,29542.0,9.84
8917,Germany,maize,1992,72348,700.0,29542.0,5.91
8918,Germany,potato,1992,301928,700.0,29542.0,10.38
8919,Germany,potato,1992,301928,700.0,29542.0,9.84
8920,Germany,potato,1992,301928,700.0,29542.0,5.91
8927,Germany,maize,1993,80227,700.0,25170.0,9.34
8928,Germany,maize,1993,80227,700.0,25170.0,8.57
8929,Germany,maize,1993,80227,700.0,25170.0,5.33
8930,Germany,potato,1993,392539,700.0,25170.0,9.34
8931,Germany,potato,1993,392539,700.0,25170.0,8.57
8932,Germany,potato,1993,392539,700.0,25170.0,5.33
8939,Germany,maize,1994,70808,700.0,26330.0,10.43
8940,Germany,maize,1994,70808,700.0,26330.0,9.73
8941,Germany,maize,1994,70808,700.0,26330.0,6.64
8942,Germany,potato,1994,329512,700.0,26330.0,10.43
8943,Germany,potato,1994,329512,700.0,26330.0,9.73
8944,Germany,potato,1994,329512,700.0,26330.0,6.64
8951,Germany,maize,1995,73664,700.0,30090.0,9.75
8952,Germany,maize,1995,73664,700.0,30090.0,9.16
8953,Germany,maize,1995,73664,700.0,30090.0,5.33
8954,Germany,potato,1995,314059,700.0,30090.0,9.75
8955,Germany,potato,1995,314059,700.0,30090.0,9.16
8956,Germany,potato,1995,314059,700.0,30090.0,5.33
8963,Germany,maize,1996,78272,700.0,31683.0,7.88
8964,Germany,maize,1996,78272,700.0,31683.0,7.42
8965,Germany,maize,1996,78272,700.0,31683.0,4.49
8966,Germany,potato,1996,390096,700.0,31683.0,7.88
8967,Germany,potato,1996,390096,700.0,31683.0,7.42
8968,Germany,potato,1996,390096,700.0,31683.0,4.49
8975,Germany,maize,1997,86577,700.0,30414.0,9.73
8976,Germany,maize,1997,86577,700.0,30414.0,9.27
8977,Germany,maize,1997,86577,700.0,30414.0,5.79
8978,Germany,potato,1997,384055,700.0,30414.0,9.73
8979,Germany,potato,1997,384055,700.0,30414.0,9.27
8980,Germany,potato,1997,384055,700.0,30414.0,5.79
8987,Germany,maize,1998,81561,700.0,33377.0,10.05
8988,Germany,maize,1998,81561,700.0,33377.0,9.31
8989,Germany,maize,1998,81561,700.0,33377.0,5.66
8990,Germany,potato,1998,381394,700.0,33377.0,10.05
8991,Germany,potato,1998,381394,700.0,33377.0,9.31
8992,Germany,potato,1998,381394,700.0,33377.0,5.66
8999,Germany,maize,1999,87850,700.0,30019.0,10.58
9000,Germany,maize,1999,87850,700.0,30019.0,10.02
9001,Germany,maize,1999,87850,700.0,30019.0,5.55
9002,Germany,potato,1999,374989,700.0,30019.0,10.58
9003,Germany,potato,1999,374989,700.0,30019.0,10.02
9004,Germany,potato,1999,374989,700.0,30019.0,5.55
9011,Germany,maize,2000,92119,700.0,35273.17,10.96
9012,Germany,maize,2000,92119,700.0,35273.17,10.12
9013,Germany,maize,2000,92119,700.0,35273.17,6.33
9014,Germany,potato,2000,433437,700.0,35273.17,10.96
9015,Germany,potato,2000,433437,700.0,35273.17,10.12
9016,Germany,potato,2000,433437,700.0,35273.17,6.33
9023,Germany,maize,2001,88376,700.0,33423.49,9.69
9024,Germany,maize,2001,88376,700.0,33423.49,9.19
9025,Germany,maize,2001,88376,700.0,33423.49,5.59
9026,Germany,potato,2001,407758,700.0,33423.49,9.69
9027,Germany,potato,2001,407758,700.0,33423.49,9.19
9028,Germany,potato,2001,407758,700.0,33423.49,5.59
9035,Germany,maize,2002,93755,700.0,34431.72,10.26
9036,Germany,maize,2002,93755,700.0,34431.72,9.86
9037,Germany,maize,2002,93755,700.0,34431.72,6.26
9038,Germany,potato,2002,391226,700.0,34431.72,10.26
9039,Germany,potato,2002,391226,700.0,34431.72,9.86
9040,Germany,potato,2002,391226,700.0,34431.72,6.26
9047,Germany,maize,2004,90966,700.0,34930.37,9.82
9048,Germany,maize,2004,90966,700.0,34930.37,9.48
9049,Germany,maize,2004,90966,700.0,34930.37,5.43
9050,Germany,potato,2004,441756,700.0,34930.37,9.82
9051,Germany,potato,2004,441756,700.0,34930.37,9.48
9052,Germany,potato,2004,441756,700.0,34930.37,5.43
9056,Germany,maize,2005,92139,700.0,36386.27,9.92
9057,Germany,maize,2005,92139,700.0,36386.27,9.58
9058,Germany,maize,2005,92139,700.0,36386.27,5.01
9059,Germany,potato,2005,419798,700.0,36386.27,9.92
9060,Germany,potato,2005,419798,700.0,36386.27,9.58
9061,Germany,potato,2005,419798,700.0,36386.27,5.01
9065,Germany,maize,2006,80307,700.0,38540.15,10.55
9066,Germany,maize,2006,80307,700.0,38540.15,10.15
9067,Germany,maize,2006,80307,700.0,38540.15,5.94
9068,Germany,potato,2006,365680,700.0,38540.15,10.55
9069,Germany,potato,2006,365680,700.0,38540.15,10.15
9070,Germany,potato,2006,365680,700.0,38540.15,5.94
9077,Germany,maize,2007,94475,700.0,40740.64,10.88
9078,Germany,maize,2007,94475,700.0,40740.64,10.37
9079,Germany,maize,2007,94475,700.0,40740.64,6.28
9080,Germany,potato,2007,423470,700.0,40740.64,10.88
9081,Germany,potato,2007,423470,700.0,40740.64,10.37
9082,Germany,potato,2007,423470,700.0,40740.64,6.28
9089,Germany,maize,2008,98099,700.0,43413.01,10.66
9090,Germany,maize,2008,98099,700.0,43413.01,10.04
9091,Germany,maize,2008,98099,700.0,43413.01,5.94
9092,Germany,potato,2008,437606,700.0,43413.01,10.66
9093,Germany,potato,2008,437606,700.0,43413.01,10.04
9094,Germany,potato,2008,437606,700.0,43413.01,5.94
9101,Germany,maize,2009,97500,700.0,39289.43,10.06
9102,Germany,maize,2009,97500,700.0,39289.43,9.61
9103,Germany,maize,2009,97500,700.0,39289.43,5.89
9104,Germany,potato,2009,443045,700.0,39289.43,10.06
9105,Germany,potato,2009,443045,700.0,39289.43,9.61
9106,Germany,potato,2009,443045,700.0,39289.43,5.89
9113,Germany,maize,2010,90261,700.0,40832.42,8.61
9114,Germany,maize,2010,90261,700.0,40832.42,7.97
9115,Germany,maize,2010,90261,700.0,40832.42,4.85
9116,Germany,potato,2010,398758,700.0,40832.42,8.61
9117,Germany,potato,2010,398758,700.0,40832.42,7.97
9118,Germany,potato,2010,398758,700.0,40832.42,4.85
9125,Germany,maize,2011,106243,700.0,43754.35,10.56
9126,Germany,maize,2011,106243,700.0,43754.35,9.73
9127,Germany,maize,2011,106243,700.0,43754.35,6.56
9128,Germany,potato,2011,457565,700.0,43754.35,10.56
9129,Germany,potato,2011,457565,700.0,43754.35,9.73
9130,Germany,potato,2011,457565,700.0,43754.35,6.56
9137,Germany,maize,2012,104802,700.0,45522.5,9.96
9138,Germany,maize,2012,104802,700.0,45522.5,9.2
9139,Germany,maize,2012,104802,700.0,45522.5,5.88
9140,Germany,potato,2012,447570,700.0,45522.5,9.96
9141,Germany,potato,2012,447570,700.0,45522.5,9.2
9142,Germany,potato,2012,447570,700.0,45522.5,5.88
9149,Germany,maize,2013,88276,700.0,43756.1,10.12
9150,Germany,maize,2013,88276,700.0,43756.1,9.17
9151,Germany,maize,2013,88276,700.0,43756.1,6.0
9152,Germany,potato,2013,398258,700.0,43756.1,10.12
9153,Germany,potato,2013,398258,700.0,43756.1,9.17
9154,Germany,potato,2013,398258,700.0,43756.1,6.0
9162,Ghana,maize,1990,11889,1187.0,65.8,26.73
9164,Ghana,rice,1990,16510,1187.0,65.8,26.73
9168,Ghana,maize,1991,15260,1187.0,65.8,26.6
9170,Ghana,rice,1991,15901,1187.0,65.8,26.6
9174,Ghana,maize,1992,12040,1187.0,65.8,26.47
9176,Ghana,rice,1992,16499,1187.0,65.8,26.47
9180,Ghana,maize,1993,15092,1187.0,65.8,26.67
9182,Ghana,rice,1993,20389,1187.0,65.8,26.67
9186,Ghana,maize,1994,14933,1187.0,65.8,26.62
9188,Ghana,rice,1994,20062,1187.0,65.8,26.62
9192,Ghana,maize,1995,15020,1187.0,65.8,26.87
9194,Ghana,rice,1995,20192,1187.0,65.8,26.87
9198,Ghana,maize,1996,15153,1187.0,1575.5,26.61
9200,Ghana,rice,1996,20496,1187.0,1575.5,26.61
9202,Ghana,potato,1996,13596,1187.0,1575.5,26.61
9205,Ghana,maize,1997,15285,1187.0,502.0,26.58
9207,Ghana,rice,1997,16746,1187.0,502.0,26.58
9209,Ghana,potato,1997,13593,1187.0,502.0,26.58
9212,Ghana,maize,1998,14850,1187.0,297.78,27.28
9214,Ghana,rice,1998,14847,1187.0,297.78,27.28
9216,Ghana,potato,1998,13617,1187.0,297.78,27.28
9219,Ghana,maize,1999,14557,1187.0,114.13,26.74
9221,Ghana,rice,1999,19919,1187.0,114.13,26.74
9223,Ghana,potato,1999,13846,1187.0,114.13,26.74
9226,Ghana,maize,2000,14578,1187.0,81.63,26.83
9228,Ghana,rice,2000,21589,1187.0,81.63,26.83
9230,Ghana,potato,2000,13953,1187.0,81.63,26.83
9233,Ghana,maize,2001,13150,1187.0,82.0,26.76
9235,Ghana,rice,2001,20185,1187.0,82.0,26.76
9237,Ghana,potato,2001,14066,1187.0,82.0,26.76
9240,Ghana,maize,2002,14900,1187.0,89.88,26.92
9242,Ghana,rice,2002,22799,1187.0,89.88,26.92
9244,Ghana,potato,2002,14071,1187.0,89.88,26.92
9247,Ghana,maize,2004,15794,1187.0,134.25,27.02
9249,Ghana,rice,2004,20253,1187.0,134.25,27.02
9251,Ghana,potato,2004,14259,1187.0,134.25,27.02
9254,Ghana,maize,2005,15613,1187.0,166.16,27.06
9256,Ghana,rice,2005,23917,1187.0,166.16,27.06
9258,Ghana,potato,2005,13869,1187.0,166.16,27.06
9261,Ghana,maize,2006,14994,1187.0,771.58,27.1
9263,Ghana,rice,2006,20000,1187.0,771.58,27.1
9265,Ghana,potato,2006,14765,1187.0,771.58,27.1
9268,Ghana,maize,2007,15437,1187.0,119.86,27.16
9270,Ghana,rice,2007,17015,1187.0,119.86,27.16
9272,Ghana,potato,2007,15242,1187.0,119.86,27.16
9275,Ghana,maize,2008,17371,1187.0,350.83,26.98
9277,Ghana,rice,2008,22735,1187.0,350.83,26.98
9279,Ghana,potato,2008,15759,1187.0,350.83,26.98
9282,Ghana,maize,2009,16969,1187.0,378.97,27.14
9284,Ghana,rice,2009,24109,1187.0,378.97,27.14
9286,Ghana,potato,2009,16326,1187.0,378.97,27.14
9289,Ghana,maize,2010,18874,1187.0,378.97,27.57
9291,Ghana,rice,2010,27126,1187.0,378.97,27.57
9293,Ghana,potato,2010,16904,1187.0,378.97,27.57
9296,Ghana,maize,2011,16458,1187.0,378.97,27.11
9298,Ghana,rice,2011,23495,1187.0,378.97,27.11
9300,Ghana,potato,2011,17687,1187.0,378.97,27.11
9303,Ghana,maize,2012,18712,1187.0,378.97,26.86
9305,Ghana,rice,2012,25386,1187.0,378.97,26.86
9307,Ghana,potato,2012,18243,1187.0,378.97,26.86
9310,Ghana,maize,2013,17240,1187.0,378.97,27.24
9312,Ghana,rice,2013,26378,1187.0,378.97,27.24
9314,Ghana,potato,2013,18243,1187.0,378.97,27.24
9316,Greece,maize,1990,96965,652.0,7420.0,18.05
9317,Greece,potato,1990,189470,652.0,7420.0,18.05
9318,Greece,rice,1990,60000,652.0,7420.0,18.05
9321,Greece,potato,1990,168333,652.0,7420.0,18.05
9323,Greece,maize,1991,101042,652.0,7420.0,17.07
9324,Greece,potato,1991,202182,652.0,7420.0,17.07
9325,Greece,rice,1991,54938,652.0,7420.0,17.07
9328,Greece,potato,1991,200958,652.0,7420.0,17.07
9330,Greece,maize,1992,99762,652.0,7869.0,17.13
9331,Greece,potato,1992,204323,652.0,7869.0,17.13
9332,Greece,rice,1992,73611,652.0,7869.0,17.13
9335,Greece,potato,1992,235305,652.0,7869.0,17.13
9337,Greece,maize,1993,98951,652.0,8826.0,17.53
9338,Greece,potato,1993,202484,652.0,8826.0,17.53
9339,Greece,rice,1993,73904,652.0,8826.0,17.53
9342,Greece,potato,1993,207924,652.0,8826.0,17.53
9344,Greece,maize,1994,97800,652.0,6341.0,18.47
9345,Greece,potato,1994,200479,652.0,6341.0,18.47
9346,Greece,rice,1994,80813,652.0,6341.0,18.47
9349,Greece,potato,1994,207442,652.0,6341.0,18.47
9351,Greece,maize,1995,100563,652.0,6663.0,17.82
9352,Greece,potato,1995,200585,652.0,6663.0,17.82
9353,Greece,rice,1995,81057,652.0,6663.0,17.82
9356,Greece,potato,1995,146082,652.0,6663.0,17.82
9358,Greece,maize,1996,99314,652.0,7296.0,17.46
9359,Greece,potato,1996,200578,652.0,7296.0,17.46
9360,Greece,rice,1996,77561,652.0,7296.0,17.46
9363,Greece,potato,1996,159367,652.0,7296.0,17.46
9365,Greece,maize,1997,104030,652.0,9223.0,17.35
9366,Greece,potato,1997,191769,652.0,9223.0,17.35
9367,Greece,rice,1997,74739,652.0,9223.0,17.35
9370,Greece,potato,1997,126837,652.0,9223.0,17.35
9372,Greece,maize,1998,88247,652.0,10702.0,18.15
9373,Greece,potato,1998,202472,652.0,10702.0,18.15
9374,Greece,rice,1998,72195,652.0,10702.0,18.15
9377,Greece,potato,1998,130777,652.0,10702.0,18.15
9379,Greece,maize,1999,95128,652.0,9635.0,18.82
9380,Greece,potato,1999,199050,652.0,9635.0,18.82
9381,Greece,rice,1999,73028,652.0,9635.0,18.82
9384,Greece,potato,1999,184298,652.0,9635.0,18.82
9386,Greece,maize,2000,96708,652.0,10627.0,18.2
9387,Greece,potato,2000,207228,652.0,10627.0,18.2
9388,Greece,rice,2000,70098,652.0,10627.0,18.2
9391,Greece,potato,2000,153007,652.0,10627.0,18.2
9393,Greece,maize,2001,103463,652.0,10725.0,18.67
9394,Greece,potato,2001,204626,652.0,10725.0,18.67
9395,Greece,rice,2001,71151,652.0,10725.0,18.67
9398,Greece,potato,2001,176963,652.0,10725.0,18.67
9400,Greece,maize,2002,99544,652.0,11852.0,18.33
9401,Greece,potato,2002,193885,652.0,11852.0,18.33
9402,Greece,rice,2002,73683,652.0,11852.0,18.33
9405,Greece,potato,2002,186335,652.0,11852.0,18.33
9407,Greece,maize,2004,101088,652.0,11594.0,18.07
9408,Greece,potato,2004,202638,652.0,11594.0,18.07
9409,Greece,rice,2004,71038,652.0,11594.0,18.07
9412,Greece,potato,2004,205463,652.0,11594.0,18.07
9414,Greece,maize,2005,103033,652.0,12083.0,17.91
9415,Greece,potato,2005,200680,652.0,12083.0,17.91
9416,Greece,rice,2005,74059,652.0,12083.0,17.91
9419,Greece,potato,2005,186025,652.0,12083.0,17.91
9421,Greece,maize,2006,101383,652.0,7505.3,17.78
9422,Greece,potato,2006,198412,652.0,7505.3,17.78
9423,Greece,rice,2006,77137,652.0,7505.3,17.78
9426,Greece,potato,2006,186165,652.0,7505.3,17.78
9428,Greece,maize,2007,100223,652.0,7345.7,18.67
9429,Greece,potato,2007,206388,652.0,7345.7,18.67
9430,Greece,rice,2007,76337,652.0,7345.7,18.67
9433,Greece,potato,2007,214260,652.0,7345.7,18.67
9435,Greece,maize,2008,104810,652.0,5130.8,18.61
9436,Greece,potato,2008,201148,652.0,5130.8,18.61
9437,Greece,rice,2008,73731,652.0,5130.8,18.61
9440,Greece,potato,2008,211841,652.0,5130.8,18.61
9442,Greece,maize,2009,104326,652.0,3404.4,18.52
9443,Greece,potato,2009,207007,652.0,3404.4,18.52
9444,Greece,rice,2009,76682,652.0,3404.4,18.52
9447,Greece,potato,2009,204975,652.0,3404.4,18.52
9449,Greece,maize,2010,103818,652.0,5607.7,19.3
9450,Greece,potato,2010,206835,652.0,5607.7,19.3
9451,Greece,rice,2010,69283,652.0,5607.7,19.3
9454,Greece,potato,2010,215419,652.0,5607.7,19.3
9456,Greece,maize,2011,107069,652.0,8189.8,17.67
9457,Greece,potato,2011,202160,652.0,8189.8,17.67
9458,Greece,rice,2011,81086,652.0,8189.8,17.67
9461,Greece,potato,2011,197379,652.0,8189.8,17.67
9463,Greece,maize,2012,104559,652.0,8002.2,18.82
9464,Greece,potato,2012,199165,652.0,8002.2,18.82
9465,Greece,rice,2012,74926,652.0,8002.2,18.82
9468,Greece,potato,2012,199034,652.0,8002.2,18.82
9470,Greece,maize,2013,106689,652.0,8081.72,19.36
9471,Greece,potato,2013,206787,652.0,8081.72,19.36
9472,Greece,rice,2013,83964,652.0,8081.72,19.36
9475,Greece,potato,2013,221642,652.0,8081.72,19.36
9478,Guatemala,maize,1990,20052,1996.0,12004.33,19.64
9480,Guatemala,potato,1990,210685,1996.0,12004.33,19.64
9481,Guatemala,rice,1990,31111,1996.0,12004.33,19.64
9486,Guatemala,maize,1991,18442,1996.0,12004.33,19.91
9488,Guatemala,potato,1991,207137,1996.0,12004.33,19.91
9489,Guatemala,rice,1991,28745,1996.0,12004.33,19.91
9494,Guatemala,maize,1992,18831,1996.0,12004.33,19.89
9496,Guatemala,potato,1992,204371,1996.0,12004.33,19.89
9497,Guatemala,rice,1992,26021,1996.0,12004.33,19.89
9502,Guatemala,maize,1993,18506,1996.0,12004.33,19.85
9504,Guatemala,potato,1993,207000,1996.0,12004.33,19.85
9505,Guatemala,rice,1993,27338,1996.0,12004.33,19.85
9508,Guatemala,potato,1993,62500,1996.0,12004.33,19.85
9511,Guatemala,maize,1994,19569,1996.0,12004.33,20.08
9513,Guatemala,potato,1994,208248,1996.0,12004.33,20.08
9514,Guatemala,rice,1994,30022,1996.0,12004.33,20.08
9517,Guatemala,potato,1994,66667,1996.0,12004.33,20.08
9520,Guatemala,maize,1995,19436,1996.0,12004.33,19.98
9522,Guatemala,potato,1995,207000,1996.0,12004.33,19.98
9523,Guatemala,rice,1995,27877,1996.0,12004.33,19.98
9526,Guatemala,potato,1995,62500,1996.0,12004.33,19.98
9529,Guatemala,maize,1996,18201,1996.0,12004.33,19.48
9531,Guatemala,potato,1996,209629,1996.0,12004.33,19.48
9532,Guatemala,rice,1996,18086,1996.0,12004.33,19.48
9535,Guatemala,potato,1996,62500,1996.0,12004.33,19.48
9538,Guatemala,maize,1997,14942,1996.0,11419.53,20.16
9540,Guatemala,potato,1997,212213,1996.0,11419.53,20.16
9541,Guatemala,rice,1997,18548,1996.0,11419.53,20.16
9544,Guatemala,potato,1997,66667,1996.0,11419.53,20.16
9547,Guatemala,maize,1998,16994,1996.0,10834.74,20.36
9549,Guatemala,potato,1998,213250,1996.0,10834.74,20.36
9550,Guatemala,rice,1998,22581,1996.0,10834.74,20.36
9553,Guatemala,potato,1998,60000,1996.0,10834.74,20.36
9556,Guatemala,maize,1999,17378,1996.0,10249.94,19.44
9558,Guatemala,potato,1999,215496,1996.0,10249.94,19.44
9559,Guatemala,rice,1999,32924,1996.0,10249.94,19.44
9562,Guatemala,potato,1999,66667,1996.0,10249.94,19.44
9565,Guatemala,maize,2000,17811,1996.0,9665.14,19.47
9567,Guatemala,potato,2000,224631,1996.0,9665.14,19.47
9568,Guatemala,rice,2000,30764,1996.0,9665.14,19.47
9571,Guatemala,potato,2000,62500,1996.0,9665.14,19.47
9574,Guatemala,maize,2001,20681,1996.0,10023.42,19.62
9576,Guatemala,potato,2001,367969,1996.0,10023.42,19.62
9577,Guatemala,rice,2001,19229,1996.0,10023.42,19.62
9580,Guatemala,potato,2001,60000,1996.0,10023.42,19.62
9583,Guatemala,maize,2002,20659,1996.0,10381.71,19.93
9585,Guatemala,potato,2002,335861,1996.0,10381.71,19.93
9586,Guatemala,rice,2002,11989,1996.0,10381.71,19.93
9589,Guatemala,potato,2002,60000,1996.0,10381.71,19.93
9592,Guatemala,maize,2004,21307,1996.0,11959.92,19.85
9594,Guatemala,potato,2004,255804,1996.0,11959.92,19.85
9595,Guatemala,rice,2004,26236,1996.0,11959.92,19.85
9598,Guatemala,potato,2004,66667,1996.0,11959.92,19.85
9601,Guatemala,maize,2005,23360,1996.0,13506.02,19.99
9603,Guatemala,potato,2005,268403,1996.0,13506.02,19.99
9604,Guatemala,rice,2005,27463,1996.0,13506.02,19.99
9607,Guatemala,potato,2005,64706,1996.0,13506.02,19.99
9610,Guatemala,maize,2006,25807,1996.0,15951.27,19.88
9612,Guatemala,potato,2006,248346,1996.0,15951.27,19.88
9613,Guatemala,rice,2006,24662,1996.0,15951.27,19.88
9616,Guatemala,potato,2006,62500,1996.0,15951.27,19.88
9619,Guatemala,maize,2007,23219,1996.0,22883.17,19.9
9621,Guatemala,potato,2007,250489,1996.0,22883.17,19.9
9622,Guatemala,rice,2007,28203,1996.0,22883.17,19.9
9625,Guatemala,potato,2007,60000,1996.0,22883.17,19.9
9628,Guatemala,maize,2008,20115,1996.0,18091.67,19.51
9630,Guatemala,potato,2008,242863,1996.0,18091.67,19.51
9631,Guatemala,rice,2008,30625,1996.0,18091.67,19.51
9634,Guatemala,potato,2008,66667,1996.0,18091.67,19.51
9637,Guatemala,maize,2009,19798,1996.0,13276.7,19.99
9639,Guatemala,potato,2009,252535,1996.0,13276.7,19.99
9640,Guatemala,rice,2009,28922,1996.0,13276.7,19.99
9643,Guatemala,potato,2009,65000,1996.0,13276.7,19.99
9646,Guatemala,maize,2010,19944,1996.0,14898.25,19.85
9648,Guatemala,potato,2010,252547,1996.0,14898.25,19.85
9649,Guatemala,rice,2010,28258,1996.0,14898.25,19.85
9652,Guatemala,potato,2010,58333,1996.0,14898.25,19.85
9655,Guatemala,maize,2011,19976,1996.0,16540.71,19.85
9657,Guatemala,potato,2011,255064,1996.0,16540.71,19.85
9658,Guatemala,rice,2011,28621,1996.0,16540.71,19.85
9661,Guatemala,potato,2011,64286,1996.0,16540.71,19.85
9664,Guatemala,maize,2012,20348,1996.0,19726.3,19.88
9666,Guatemala,potato,2012,249536,1996.0,19726.3,19.88
9667,Guatemala,rice,2012,28928,1996.0,19726.3,19.88
9670,Guatemala,potato,2012,65000,1996.0,19726.3,19.88
9673,Guatemala,maize,2013,20827,1996.0,20489.4,20.37
9675,Guatemala,potato,2013,247554,1996.0,20489.4,20.37
9676,Guatemala,rice,2013,29387,1996.0,20489.4,20.37
9679,Guatemala,potato,2013,63636,1996.0,20489.4,20.37
9682,Guinea,maize,1990,10179,1651.0,80.0,27.08
9684,Guinea,rice,1990,17106,1651.0,80.0,27.08
9686,Guinea,potato,1990,49493,1651.0,80.0,27.08
9689,Guinea,maize,1991,10527,1651.0,80.0,27.22
9691,Guinea,rice,1991,17110,1651.0,80.0,27.22
9693,Guinea,potato,1991,48075,1651.0,80.0,27.22
9696,Guinea,maize,1992,10885,1651.0,80.0,27.02
9698,Guinea,rice,1992,17113,1651.0,80.0,27.02
9700,Guinea,potato,1992,46705,1651.0,80.0,27.02
9703,Guinea,maize,1993,11255,1651.0,21.0,27.25
9705,Guinea,rice,1993,17116,1651.0,21.0,27.25
9707,Guinea,potato,1993,45371,1651.0,21.0,27.25
9710,Guinea,maize,1994,11639,1651.0,39.0,27.03
9712,Guinea,rice,1994,17119,1651.0,39.0,27.03
9714,Guinea,potato,1994,44074,1651.0,39.0,27.03
9717,Guinea,maize,1995,12036,1651.0,153.0,27.23
9719,Guinea,rice,1995,17122,1651.0,153.0,27.23
9721,Guinea,potato,1995,42809,1651.0,153.0,27.23
9724,Guinea,maize,1996,12446,1651.0,157.0,27.33
9726,Guinea,rice,1996,17126,1651.0,157.0,27.33
9728,Guinea,potato,1996,41590,1651.0,157.0,27.33
9731,Guinea,maize,1997,12870,1651.0,157.0,27.3
9733,Guinea,rice,1997,17129,1651.0,157.0,27.3
9735,Guinea,potato,1997,40398,1651.0,157.0,27.3
9738,Guinea,maize,1998,13308,1651.0,181.35,27.63
9740,Guinea,rice,1998,17132,1651.0,181.35,27.63
9742,Guinea,potato,1998,39241,1651.0,181.35,27.63
9745,Guinea,maize,1999,13761,1651.0,205.71,27.12
9747,Guinea,rice,1999,17135,1651.0,205.71,27.12
9749,Guinea,potato,1999,38122,1651.0,205.71,27.12
9752,Guinea,maize,2000,14230,1651.0,230.06,27.12
9754,Guinea,rice,2000,17139,1651.0,230.06,27.12
9756,Guinea,potato,2000,37031,1651.0,230.06,27.12
9759,Guinea,maize,2001,14430,1651.0,254.42,27.36
9761,Guinea,rice,2001,17194,1651.0,254.42,27.36
9763,Guinea,potato,2001,36981,1651.0,254.42,27.36
9766,Guinea,maize,2002,14664,1651.0,278.77,27.53
9768,Guinea,rice,2002,17289,1651.0,278.77,27.53
9770,Guinea,potato,2002,37202,1651.0,278.77,27.53
9773,Guinea,maize,2004,15143,1651.0,327.49,27.56
9775,Guinea,potato,2004,61356,1651.0,327.49,27.56
9776,Guinea,rice,2004,17479,1651.0,327.49,27.56
9778,Guinea,potato,2004,36282,1651.0,327.49,27.56
9781,Guinea,maize,2005,15388,1651.0,351.84,27.66
9783,Guinea,potato,2005,63603,1651.0,351.84,27.66
9784,Guinea,rice,2005,17575,1651.0,351.84,27.66
9786,Guinea,potato,2005,36590,1651.0,351.84,27.66
9789,Guinea,maize,2006,15637,1651.0,376.19,27.2
9791,Guinea,potato,2006,61011,1651.0,376.19,27.2
9792,Guinea,rice,2006,17672,1651.0,376.19,27.2
9794,Guinea,potato,2006,37130,1651.0,376.19,27.2
9797,Guinea,maize,2007,15891,1651.0,400.55,27.28
9799,Guinea,potato,2007,59380,1651.0,400.55,27.28
9800,Guinea,rice,2007,17769,1651.0,400.55,27.28
9802,Guinea,potato,2007,36982,1651.0,400.55,27.28
9805,Guinea,maize,2008,10793,1651.0,424.9,27.61
9807,Guinea,potato,2008,65720,1651.0,424.9,27.61
9808,Guinea,rice,2008,19308,1651.0,424.9,27.61
9810,Guinea,potato,2008,36535,1651.0,424.9,27.61
9813,Guinea,maize,2009,16318,1651.0,449.26,27.37
9815,Guinea,potato,2009,89880,1651.0,449.26,27.37
9816,Guinea,rice,2009,16705,1651.0,449.26,27.37
9818,Guinea,potato,2009,32878,1651.0,449.26,27.37
9821,Guinea,maize,2010,16313,1651.0,556.24,27.8
9823,Guinea,potato,2010,59840,1651.0,556.24,27.8
9824,Guinea,rice,2010,11008,1651.0,556.24,27.8
9826,Guinea,potato,2010,31033,1651.0,556.24,27.8
9829,Guinea,maize,2011,16584,1651.0,663.23,27.51
9831,Guinea,potato,2011,56960,1651.0,663.23,27.51
9832,Guinea,rice,2011,11567,1651.0,663.23,27.51
9834,Guinea,potato,2011,34726,1651.0,663.23,27.51
9837,Guinea,maize,2012,12200,1651.0,770.21,27.28
9839,Guinea,potato,2012,68229,1651.0,770.21,27.28
9840,Guinea,rice,2012,12000,1651.0,770.21,27.28
9842,Guinea,potato,2012,34799,1651.0,770.21,27.28
9845,Guinea,maize,2013,12500,1651.0,877.19,27.29
9847,Guinea,potato,2013,75236,1651.0,877.19,27.29
9848,Guinea,rice,2013,12500,1651.0,877.19,27.29
9850,Guinea,potato,2013,34607,1651.0,877.19,27.29
9853,Guyana,maize,1990,15666,2387.0,289.9,27.07
9855,Guyana,rice,1990,30331,2387.0,289.9,27.07
9857,Guyana,maize,1991,13555,2387.0,289.9,26.95
9859,Guyana,rice,1991,33427,2387.0,289.9,26.95
9861,Guyana,maize,1992,12075,2387.0,289.9,27.13
9863,Guyana,rice,1992,35106,2387.0,289.9,27.13
9865,Guyana,maize,1993,12069,2387.0,289.9,26.95
9867,Guyana,rice,1993,33171,2387.0,289.9,26.95
9869,Guyana,maize,1994,11786,2387.0,289.9,27.12
9871,Guyana,rice,1994,37329,2387.0,289.9,27.12
9873,Guyana,maize,1995,13177,2387.0,289.9,27.57
9875,Guyana,rice,1995,39542,2387.0,289.9,27.57
9877,Guyana,maize,1996,11481,2387.0,289.9,27.11
9879,Guyana,rice,1996,40141,2387.0,289.9,27.11
9881,Guyana,maize,1997,30385,2387.0,289.9,27.25
9883,Guyana,rice,1997,39809,2387.0,289.9,27.25
9884,Guyana,potato,1997,16667,2387.0,289.9,27.25
9887,Guyana,maize,1998,15707,2387.0,289.9,27.71
9889,Guyana,rice,1998,40405,2387.0,289.9,27.71
9890,Guyana,potato,1998,19019,2387.0,289.9,27.71
9893,Guyana,maize,1999,15005,2387.0,289.9,27.16
9895,Guyana,rice,1999,38246,2387.0,289.9,27.16
9896,Guyana,potato,1999,19932,2387.0,289.9,27.16
9899,Guyana,maize,2000,12352,2387.0,289.9,27.05
9901,Guyana,rice,2000,38677,2387.0,289.9,27.05
9902,Guyana,potato,2000,20224,2387.0,289.9,27.05
9905,Guyana,maize,2001,12644,2387.0,289.9,27.27
9907,Guyana,rice,2001,39823,2387.0,289.9,27.27
9908,Guyana,potato,2001,16346,2387.0,289.9,27.27
9911,Guyana,maize,2002,14207,2387.0,289.9,27.17
9913,Guyana,rice,2002,41194,2387.0,289.9,27.17
9914,Guyana,potato,2002,16667,2387.0,289.9,27.17
9917,Guyana,maize,2004,12500,2387.0,289.9,27.45
9919,Guyana,rice,2004,43294,2387.0,289.9,27.45
9920,Guyana,potato,2004,60125,2387.0,289.9,27.45
9923,Guyana,maize,2005,12500,2387.0,270.78,27.71
9925,Guyana,rice,2005,39397,2387.0,270.78,27.71
9926,Guyana,potato,2005,92975,2387.0,270.78,27.71
9929,Guyana,maize,2006,10000,2387.0,343.12,27.49
9931,Guyana,rice,2006,46265,2387.0,343.12,27.49
9932,Guyana,potato,2006,137770,2387.0,343.12,27.49
9935,Guyana,maize,2007,17174,2387.0,246.5,27.3
9937,Guyana,rice,2007,43310,2387.0,246.5,27.3
9938,Guyana,potato,2007,177561,2387.0,246.5,27.3
9941,Guyana,maize,2008,13333,2387.0,234.27,27.31
9943,Guyana,rice,2008,42324,2387.0,234.27,27.31
9944,Guyana,potato,2008,214445,2387.0,234.27,27.31
9947,Guyana,maize,2009,13476,2387.0,264.47,27.67
9949,Guyana,rice,2009,44353,2387.0,264.47,27.67
9950,Guyana,potato,2009,329827,2387.0,264.47,27.67
9953,Guyana,maize,2010,13773,2387.0,211.83,27.87
9955,Guyana,rice,2010,42328,2387.0,211.83,27.87
9956,Guyana,potato,2010,321208,2387.0,211.83,27.87
9959,Guyana,maize,2011,13868,2387.0,400.76,27.43
9961,Guyana,rice,2011,44102,2387.0,400.76,27.43
9962,Guyana,potato,2011,314369,2387.0,400.76,27.43
9965,Guyana,maize,2012,13854,2387.0,427.73,27.42
9967,Guyana,rice,2012,45280,2387.0,427.73,27.42
9968,Guyana,potato,2012,293877,2387.0,427.73,27.42
9971,Guyana,maize,2013,13841,2387.0,358.72,27.3
9973,Guyana,rice,2013,49996,2387.0,358.72,27.3
9974,Guyana,potato,2013,254655,2387.0,358.72,27.3
9977,Haiti,maize,1990,7951,1440.0,17.14,27.11
9979,Haiti,potato,1990,109308,1440.0,17.14,27.11
9980,Haiti,rice,1990,21122,1440.0,17.14,27.11
9982,Haiti,potato,1990,34921,1440.0,17.14,27.11
9985,Haiti,maize,1991,8085,1440.0,18.86,27.01
9987,Haiti,potato,1991,142771,1440.0,18.86,27.01
9988,Haiti,rice,1991,20000,1440.0,18.86,27.01
9990,Haiti,potato,1991,30303,1440.0,18.86,27.01
9993,Haiti,maize,1992,7948,1440.0,11.52,26.81
9995,Haiti,potato,1992,145455,1440.0,11.52,26.81
9996,Haiti,rice,1992,21586,1440.0,11.52,26.81
9998,Haiti,potato,1992,31030,1440.0,11.52,26.81
10001,Haiti,maize,1993,8077,1440.0,6.96,26.78
10003,Haiti,potato,1993,150000,1440.0,6.96,26.78
10004,Haiti,rice,1993,20000,1440.0,6.96,26.78
10006,Haiti,potato,1993,31148,1440.0,6.96,26.78
10009,Haiti,maize,1994,8014,1440.0,8.58,27.28
10011,Haiti,potato,1994,146259,1440.0,8.58,27.28
10012,Haiti,rice,1994,19811,1440.0,8.58,27.28
10014,Haiti,potato,1994,30833,1440.0,8.58,27.28
10017,Haiti,maize,1995,8000,1440.0,12.32,27.3
10019,Haiti,potato,1995,143353,1440.0,12.32,27.3
10020,Haiti,rice,1995,20000,1440.0,12.32,27.3
10022,Haiti,potato,1995,30536,1440.0,12.32,27.3
10025,Haiti,maize,1996,7940,1440.0,14.44,26.85
10027,Haiti,potato,1996,140000,1440.0,14.44,26.85
10028,Haiti,rice,1996,24896,1440.0,14.44,26.85
10030,Haiti,potato,1996,30000,1440.0,14.44,26.85
10033,Haiti,maize,1997,7986,1440.0,16.35,27.74
10035,Haiti,potato,1997,133760,1440.0,16.35,27.74
10036,Haiti,rice,1997,22857,1440.0,16.35,27.74
10038,Haiti,potato,1997,30189,1440.0,16.35,27.74
10041,Haiti,maize,1998,7900,1440.0,23.78,27.57
10043,Haiti,potato,1998,127059,1440.0,23.78,27.57
10044,Haiti,rice,1998,19800,1440.0,23.78,27.57
10046,Haiti,potato,1998,29609,1440.0,23.78,27.57
10049,Haiti,maize,1999,8333,1440.0,26.32,27.01
10051,Haiti,potato,1999,122222,1440.0,26.32,27.01
10052,Haiti,rice,1999,20833,1440.0,26.32,27.01
10054,Haiti,potato,1999,29655,1440.0,26.32,27.01
10057,Haiti,maize,2000,7500,1440.0,27.85,26.76
10059,Haiti,potato,2000,120000,1440.0,27.85,26.76
10060,Haiti,rice,2000,25000,1440.0,27.85,26.76
10062,Haiti,potato,2000,30000,1440.0,27.85,26.76
10065,Haiti,maize,2001,6923,1440.0,27.85,27.21
10067,Haiti,potato,2001,129412,1440.0,27.85,27.21
10068,Haiti,rice,2001,20117,1440.0,27.85,27.21
10070,Haiti,potato,2001,30261,1440.0,27.85,27.21
10073,Haiti,maize,2002,7475,1440.0,27.85,27.42
10075,Haiti,potato,2002,127500,1440.0,27.85,27.42
10076,Haiti,rice,2002,20000,1440.0,27.85,27.42
10078,Haiti,potato,2002,30172,1440.0,27.85,27.42
10081,Haiti,maize,2004,7615,1440.0,27.85,27.37
10083,Haiti,potato,2004,127778,1440.0,27.85,27.37
10084,Haiti,rice,2004,20508,1440.0,27.85,27.37
10086,Haiti,potato,2004,33138,1440.0,27.85,27.37
10089,Haiti,maize,2005,7802,1440.0,27.85,27.35
10091,Haiti,potato,2005,130000,1440.0,27.85,27.35
10092,Haiti,rice,2005,20270,1440.0,27.85,27.35
10094,Haiti,potato,2005,30030,1440.0,27.85,27.35
10097,Haiti,maize,2006,7795,1440.0,27.85,27.41
10099,Haiti,potato,2006,130461,1440.0,27.85,27.41
10100,Haiti,rice,2006,20755,1440.0,27.85,27.41
10102,Haiti,potato,2006,34771,1440.0,27.85,27.41
10105,Haiti,maize,2007,7803,1440.0,27.85,27.47
10107,Haiti,potato,2007,131818,1440.0,27.85,27.47
10108,Haiti,rice,2007,22491,1440.0,27.85,27.47
10110,Haiti,potato,2007,30014,1440.0,27.85,27.47
10113,Haiti,maize,2008,7807,1440.0,27.85,27.08
10115,Haiti,potato,2008,130435,1440.0,27.85,27.08
10116,Haiti,rice,2008,20755,1440.0,27.85,27.08
10118,Haiti,potato,2008,30026,1440.0,27.85,27.08
10121,Haiti,maize,2009,8013,1440.0,27.85,27.35
10123,Haiti,potato,2009,125000,1440.0,27.85,27.35
10124,Haiti,rice,2009,22313,1440.0,27.85,27.35
10126,Haiti,potato,2009,39258,1440.0,27.85,27.35
10129,Haiti,maize,2010,8045,1440.0,27.85,27.19
10131,Haiti,potato,2010,121373,1440.0,27.85,27.19
10132,Haiti,rice,2010,23321,1440.0,27.85,27.19
10134,Haiti,potato,2010,45841,1440.0,27.85,27.19
10137,Haiti,maize,2011,8103,1440.0,27.85,27.1
10139,Haiti,potato,2011,126448,1440.0,27.85,27.1
10140,Haiti,rice,2011,24043,1440.0,27.85,27.1
10142,Haiti,potato,2011,51166,1440.0,27.85,27.1
10145,Haiti,maize,2012,8168,1440.0,27.85,27.2
10147,Haiti,potato,2012,127191,1440.0,27.85,27.2
10148,Haiti,rice,2012,24722,1440.0,27.85,27.2
10150,Haiti,potato,2012,56801,1440.0,27.85,27.2
10153,Haiti,maize,2013,8545,1440.0,27.85,27.2
10155,Haiti,potato,2013,127142,1440.0,27.85,27.2
10156,Haiti,rice,2013,28789,1440.0,27.85,27.2
10158,Haiti,potato,2013,90938,1440.0,27.85,27.2
10161,Honduras,maize,1990,15188,1976.0,9880.07,24.53
10163,Honduras,potato,1990,113100,1976.0,9880.07,24.53
10164,Honduras,rice,1990,25026,1976.0,9880.07,24.53
10166,Honduras,potato,1990,64286,1976.0,9880.07,24.53
10169,Honduras,maize,1991,13185,1976.0,6289.7,24.61
10171,Honduras,potato,1991,126721,1976.0,6289.7,24.61
10172,Honduras,rice,1991,25924,1976.0,6289.7,24.61
10174,Honduras,potato,1991,65517,1976.0,6289.7,24.61
10177,Honduras,maize,1992,12942,1976.0,9904.59,24.77
10179,Honduras,potato,1992,168751,1976.0,9904.59,24.77
10180,Honduras,rice,1992,26931,1976.0,9904.59,24.77
10182,Honduras,potato,1992,64667,1976.0,9904.59,24.77
10185,Honduras,maize,1993,13694,1976.0,6768.0,24.58
10187,Honduras,potato,1993,114676,1976.0,6768.0,24.58
10188,Honduras,rice,1993,26536,1976.0,6768.0,24.58
10191,Honduras,potato,1993,64516,1976.0,6768.0,24.58
10194,Honduras,maize,1994,13837,1976.0,3160.91,24.87
10196,Honduras,potato,1994,107494,1976.0,3160.91,24.87
10197,Honduras,rice,1994,24906,1976.0,3160.91,24.87
10200,Honduras,potato,1994,64327,1976.0,3160.91,24.87
10203,Honduras,maize,1995,16396,1976.0,7800.0,24.95
10205,Honduras,potato,1995,108075,1976.0,7800.0,24.95
10206,Honduras,rice,1995,26103,1976.0,7800.0,24.95
10209,Honduras,potato,1995,64221,1976.0,7800.0,24.95
10212,Honduras,maize,1996,16180,1976.0,6464.0,24.39
10214,Honduras,potato,1996,128591,1976.0,6464.0,24.39
10215,Honduras,rice,1996,26768,1976.0,6464.0,24.39
10218,Honduras,potato,1996,64106,1976.0,6464.0,24.39
10221,Honduras,maize,1997,15591,1976.0,6980.0,25.03
10223,Honduras,potato,1997,132505,1976.0,6980.0,25.03
10224,Honduras,rice,1997,31028,1976.0,6980.0,25.03
10227,Honduras,potato,1997,64006,1976.0,6980.0,25.03
10230,Honduras,maize,1998,10557,1976.0,3495.0,25.37
10232,Honduras,potato,1998,129694,1976.0,3495.0,25.37
10233,Honduras,rice,1998,25468,1976.0,3495.0,25.37
10236,Honduras,potato,1998,63915,1976.0,3495.0,25.37
10239,Honduras,maize,1999,12249,1976.0,2387.0,24.41
10241,Honduras,potato,1999,105190,1976.0,2387.0,24.41
10242,Honduras,rice,1999,21850,1976.0,2387.0,24.41
10245,Honduras,potato,1999,63402,1976.0,2387.0,24.41
10248,Honduras,maize,2000,14360,1976.0,4376.0,24.43
10250,Honduras,potato,2000,163204,1976.0,4376.0,24.43
10251,Honduras,rice,2000,22923,1976.0,4376.0,24.43
10254,Honduras,potato,2000,63499,1976.0,4376.0,24.43
10257,Honduras,maize,2001,14992,1976.0,1141.0,24.4
10259,Honduras,potato,2001,170700,1976.0,1141.0,24.4
10260,Honduras,rice,2001,34989,1976.0,1141.0,24.4
10263,Honduras,potato,2001,63626,1976.0,1141.0,24.4
10266,Honduras,maize,2002,13655,1976.0,1772.3,24.61
10268,Honduras,potato,2002,165543,1976.0,1772.3,24.61
10269,Honduras,rice,2002,23573,1976.0,1772.3,24.61
10272,Honduras,potato,2002,62000,1976.0,1772.3,24.61
10275,Honduras,maize,2004,13855,1976.0,3034.91,24.68
10277,Honduras,potato,2004,172745,1976.0,3034.91,24.68
10278,Honduras,rice,2004,41050,1976.0,3034.91,24.68
10281,Honduras,potato,2004,63462,1976.0,3034.91,24.68
10284,Honduras,maize,2005,15387,1976.0,3666.21,24.77
10286,Honduras,potato,2005,161908,1976.0,3666.21,24.77
10287,Honduras,rice,2005,37417,1976.0,3666.21,24.77
10290,Honduras,potato,2005,64151,1976.0,3666.21,24.77
10293,Honduras,maize,2006,15394,1976.0,4297.51,24.88
10295,Honduras,potato,2006,162963,1976.0,4297.51,24.88
10296,Honduras,rice,2006,49229,1976.0,4297.51,24.88
10299,Honduras,potato,2006,64286,1976.0,4297.51,24.88
10302,Honduras,maize,2007,16922,1976.0,5283.93,24.55
10304,Honduras,potato,2007,181923,1976.0,5283.93,24.55
10305,Honduras,rice,2007,50483,1976.0,5283.93,24.55
10308,Honduras,potato,2007,64754,1976.0,5283.93,24.55
10311,Honduras,maize,2008,16885,1976.0,5130.42,24.25
10313,Honduras,potato,2008,210827,1976.0,5130.42,24.25
10314,Honduras,rice,2008,51911,1976.0,5130.42,24.25
10317,Honduras,potato,2008,64286,1976.0,5130.42,24.25
10320,Honduras,maize,2009,17503,1976.0,4344.36,24.77
10322,Honduras,potato,2009,166654,1976.0,4344.36,24.77
10323,Honduras,rice,2009,49376,1976.0,4344.36,24.77
10326,Honduras,potato,2009,64220,1976.0,4344.36,24.77
10329,Honduras,maize,2010,16504,1976.0,5736.63,24.49
10331,Honduras,potato,2010,146252,1976.0,5736.63,24.49
10332,Honduras,rice,2010,57287,1976.0,5736.63,24.49
10335,Honduras,potato,2010,63916,1976.0,5736.63,24.49
10338,Honduras,maize,2011,16593,1976.0,6324.41,24.63
10340,Honduras,potato,2011,159629,1976.0,6324.41,24.63
10341,Honduras,rice,2011,57761,1976.0,6324.41,24.63
10344,Honduras,potato,2011,64000,1976.0,6324.41,24.63
10347,Honduras,maize,2012,15795,1976.0,7194.91,24.47
10349,Honduras,potato,2012,142073,1976.0,7194.91,24.47
10350,Honduras,rice,2012,59734,1976.0,7194.91,24.47
10353,Honduras,potato,2012,62500,1976.0,7194.91,24.47
10356,Honduras,maize,2013,16214,1976.0,7194.91,24.86
10358,Honduras,potato,2013,163465,1976.0,7194.91,24.86
10359,Honduras,rice,2013,61214,1976.0,7194.91,24.86
10362,Honduras,potato,2013,62500,1976.0,7194.91,24.86
10364,Hungary,maize,1990,41577,589.0,12756.0,10.96
10365,Hungary,potato,1990,170773,589.0,12756.0,10.96
10366,Hungary,rice,1990,33520,589.0,12756.0,10.96
10370,Hungary,maize,1991,67100,589.0,8069.0,9.66
10371,Hungary,potato,1991,144746,589.0,8069.0,9.66
10372,Hungary,rice,1991,23696,589.0,8069.0,9.66
10376,Hungary,maize,1992,36501,589.0,5777.0,11.01
10377,Hungary,potato,1992,168500,589.0,5777.0,11.01
10378,Hungary,rice,1992,30702,589.0,5777.0,11.01
10382,Hungary,maize,1993,35000,589.0,10197.0,10.22
10383,Hungary,potato,1993,133100,589.0,10197.0,10.22
10384,Hungary,rice,1993,26519,589.0,10197.0,10.22
10388,Hungary,maize,1994,38500,589.0,9574.0,11.58
10389,Hungary,potato,1994,127672,589.0,9574.0,11.58
10390,Hungary,rice,1994,31308,589.0,9574.0,11.58
10394,Hungary,maize,1995,45295,589.0,7715.0,10.34
10395,Hungary,potato,1995,157750,589.0,7715.0,10.34
10396,Hungary,rice,1995,31606,589.0,7715.0,10.34
10400,Hungary,maize,1996,56867,589.0,6946.0,9.44
10401,Hungary,potato,1996,212007,589.0,6946.0,9.44
10402,Hungary,rice,1996,22508,589.0,6946.0,9.44
10406,Hungary,maize,1997,64480,589.0,4445.0,9.89
10407,Hungary,potato,1997,179341,589.0,4445.0,9.89
10408,Hungary,rice,1997,33286,589.0,4445.0,9.89
10412,Hungary,maize,1998,60049,589.0,5280.0,10.35
10413,Hungary,potato,1998,218042,589.0,5280.0,10.35
10414,Hungary,rice,1998,27031,589.0,5280.0,10.35
10418,Hungary,maize,1999,64130,589.0,4598.0,10.64
10419,Hungary,potato,1999,212423,589.0,4598.0,10.64
10420,Hungary,rice,1999,33158,589.0,4598.0,10.64
10424,Hungary,maize,2000,41790,589.0,4151.0,11.69
10425,Hungary,potato,2000,184736,589.0,4151.0,11.69
10426,Hungary,rice,2000,34932,589.0,4151.0,11.69
10430,Hungary,maize,2001,62456,589.0,5458.0,10.47
10431,Hungary,potato,2001,250499,589.0,5458.0,10.47
10432,Hungary,rice,2001,32950,589.0,5458.0,10.47
10436,Hungary,maize,2002,50762,589.0,8231.5,11.43
10437,Hungary,potato,2002,221222,589.0,8231.5,11.43
10438,Hungary,rice,2002,46448,589.0,8231.5,11.43
10442,Hungary,maize,2004,70012,589.0,9940.5,10.37
10443,Hungary,potato,2004,253210,589.0,9940.5,10.37
10444,Hungary,rice,2004,34097,589.0,9940.5,10.37
10448,Hungary,maize,2005,75571,589.0,9676.0,10.05
10449,Hungary,potato,2005,258776,589.0,9676.0,10.05
10450,Hungary,rice,2005,35426,589.0,9676.0,10.05
10454,Hungary,maize,2006,68165,589.0,11523.0,10.67
10455,Hungary,potato,2006,249942,589.0,11523.0,10.67
10456,Hungary,rice,2006,32342,589.0,11523.0,10.67
10460,Hungary,maize,2007,37327,589.0,11178.0,11.82
10461,Hungary,potato,2007,221693,589.0,11178.0,11.82
10462,Hungary,rice,2007,37891,589.0,11178.0,11.82
10466,Hungary,maize,2008,74653,589.0,12084.0,11.55
10467,Hungary,potato,2008,269012,589.0,12084.0,11.55
10468,Hungary,rice,2008,39404,589.0,12084.0,11.55
10472,Hungary,maize,2009,63945,589.0,11144.0,11.48
10473,Hungary,potato,2009,251082,589.0,11144.0,11.48
10474,Hungary,rice,2009,43223,589.0,11144.0,11.48
10478,Hungary,maize,2010,64745,589.0,10299.5,10.35
10479,Hungary,potato,2010,217319,589.0,10299.5,10.35
10480,Hungary,rice,2010,29465,589.0,10299.5,10.35
10484,Hungary,maize,2011,64976,589.0,8473.26,10.92
10485,Hungary,potato,2011,285714,589.0,8473.26,10.92
10486,Hungary,rice,2011,32411,589.0,8473.26,10.92
10490,Hungary,maize,2012,39979,589.0,8141.17,11.31
10491,Hungary,potato,2012,218385,589.0,8141.17,11.31
10492,Hungary,rice,2012,38074,589.0,8141.17,11.31
10496,Hungary,maize,2013,54373,589.0,7744.5,12.44
10497,Hungary,potato,2013,232630,589.0,7744.5,12.44
10498,Hungary,rice,2013,32727,589.0,7744.5,12.44
10524,India,maize,1990,15178,1083.0,75000.0,25.58
10525,India,maize,1990,15178,1083.0,75000.0,26.88
10526,India,maize,1990,15178,1083.0,75000.0,25.79
10527,India,maize,1990,15178,1083.0,75000.0,24.1
10528,India,maize,1990,15178,1083.0,75000.0,25.25
10529,India,maize,1990,15178,1083.0,75000.0,25.44
10530,India,maize,1990,15178,1083.0,75000.0,25.54
10531,India,maize,1990,15178,1083.0,75000.0,26.36
10532,India,maize,1990,15178,1083.0,75000.0,26.91
10533,India,maize,1990,15178,1083.0,75000.0,25.16
10534,India,maize,1990,15178,1083.0,75000.0,25.77
10535,India,maize,1990,15178,1083.0,75000.0,25.12
10536,India,maize,1990,15178,1083.0,75000.0,24.1
10537,India,maize,1990,15178,1083.0,75000.0,25.68
10538,India,maize,1990,15178,1083.0,75000.0,25.54
10539,India,maize,1990,15178,1083.0,75000.0,25.44
10540,India,maize,1990,15178,1083.0,75000.0,24.78
10541,India,maize,1990,15178,1083.0,75000.0,26.59
10542,India,maize,1990,15178,1083.0,75000.0,24.37
10543,India,maize,1990,15178,1083.0,75000.0,26.63
10544,India,maize,1990,15178,1083.0,75000.0,26.63
10545,India,maize,1990,15178,1083.0,75000.0,25.64
10546,India,potato,1990,157136,1083.0,75000.0,25.58
10547,India,potato,1990,157136,1083.0,75000.0,26.88
10548,India,potato,1990,157136,1083.0,75000.0,25.79
10549,India,potato,1990,157136,1083.0,75000.0,24.1
10550,India,potato,1990,157136,1083.0,75000.0,25.25
10551,India,potato,1990,157136,1083.0,75000.0,25.44
10552,India,potato,1990,157136,1083.0,75000.0,25.54
10553,India,potato,1990,157136,1083.0,75000.0,26.36
10554,India,potato,1990,157136,1083.0,75000.0,26.91
10555,India,potato,1990,157136,1083.0,75000.0,25.16
10556,India,potato,1990,157136,1083.0,75000.0,25.77
10557,India,potato,1990,157136,1083.0,75000.0,25.12
10558,India,potato,1990,157136,1083.0,75000.0,24.1
10559,India,potato,1990,157136,1083.0,75000.0,25.68
10560,India,potato,1990,157136,1083.0,75000.0,25.54
10561,India,potato,1990,157136,1083.0,75000.0,25.44
10562,India,potato,1990,157136,1083.0,75000.0,24.78
10563,India,potato,1990,157136,1083.0,75000.0,26.59
10564,India,potato,1990,157136,1083.0,75000.0,24.37
10565,India,potato,1990,157136,1083.0,75000.0,26.63
10566,India,potato,1990,157136,1083.0,75000.0,26.63
10567,India,potato,1990,157136,1083.0,75000.0,25.64
10568,India,rice,1990,26125,1083.0,75000.0,25.58
10569,India,rice,1990,26125,1083.0,75000.0,26.88
10570,India,rice,1990,26125,1083.0,75000.0,25.79
10571,India,rice,1990,26125,1083.0,75000.0,24.1
10572,India,rice,1990,26125,1083.0,75000.0,25.25
10573,India,rice,1990,26125,1083.0,75000.0,25.44
10574,India,rice,1990,26125,1083.0,75000.0,25.54
10575,India,rice,1990,26125,1083.0,75000.0,26.36
10576,India,rice,1990,26125,1083.0,75000.0,26.91
10577,India,rice,1990,26125,1083.0,75000.0,25.16
10578,India,rice,1990,26125,1083.0,75000.0,25.77
10579,India,rice,1990,26125,1083.0,75000.0,25.12
10580,India,rice,1990,26125,1083.0,75000.0,24.1
10581,India,rice,1990,26125,1083.0,75000.0,25.68
10582,India,rice,1990,26125,1083.0,75000.0,25.54
10583,India,rice,1990,26125,1083.0,75000.0,25.44
10584,India,rice,1990,26125,1083.0,75000.0,24.78
10585,India,rice,1990,26125,1083.0,75000.0,26.59
10586,India,rice,1990,26125,1083.0,75000.0,24.37
10587,India,rice,1990,26125,1083.0,75000.0,26.63
10588,India,rice,1990,26125,1083.0,75000.0,26.63
10589,India,rice,1990,26125,1083.0,75000.0,25.64
10634,India,potato,1990,79663,1083.0,75000.0,25.58
10635,India,potato,1990,79663,1083.0,75000.0,26.88
10636,India,potato,1990,79663,1083.0,75000.0,25.79
10637,India,potato,1990,79663,1083.0,75000.0,24.1
10638,India,potato,1990,79663,1083.0,75000.0,25.25
10639,India,potato,1990,79663,1083.0,75000.0,25.44
10640,India,potato,1990,79663,1083.0,75000.0,25.54
10641,India,potato,1990,79663,1083.0,75000.0,26.36
10642,India,potato,1990,79663,1083.0,75000.0,26.91
10643,India,potato,1990,79663,1083.0,75000.0,25.16
10644,India,potato,1990,79663,1083.0,75000.0,25.77
10645,India,potato,1990,79663,1083.0,75000.0,25.12
10646,India,potato,1990,79663,1083.0,75000.0,24.1
10647,India,potato,1990,79663,1083.0,75000.0,25.68
10648,India,potato,1990,79663,1083.0,75000.0,25.54
10649,India,potato,1990,79663,1083.0,75000.0,25.44
10650,India,potato,1990,79663,1083.0,75000.0,24.78
10651,India,potato,1990,79663,1083.0,75000.0,26.59
10652,India,potato,1990,79663,1083.0,75000.0,24.37
10653,India,potato,1990,79663,1083.0,75000.0,26.63
10654,India,potato,1990,79663,1083.0,75000.0,26.63
10655,India,potato,1990,79663,1083.0,75000.0,25.64
10700,India,maize,1991,13763,1083.0,72133.0,25.85
10701,India,maize,1991,13763,1083.0,72133.0,26.9
10702,India,maize,1991,13763,1083.0,72133.0,25.96
10703,India,maize,1991,13763,1083.0,72133.0,23.77
10704,India,maize,1991,13763,1083.0,72133.0,25.49
10705,India,maize,1991,13763,1083.0,72133.0,25.82
10706,India,maize,1991,13763,1083.0,72133.0,25.74
10707,India,maize,1991,13763,1083.0,72133.0,26.54
10708,India,maize,1991,13763,1083.0,72133.0,27.35
10709,India,maize,1991,13763,1083.0,72133.0,25.4
10710,India,maize,1991,13763,1083.0,72133.0,25.99
10711,India,maize,1991,13763,1083.0,72133.0,25.32
10712,India,maize,1991,13763,1083.0,72133.0,23.77
10713,India,maize,1991,13763,1083.0,72133.0,26.2
10714,India,maize,1991,13763,1083.0,72133.0,25.74
10715,India,maize,1991,13763,1083.0,72133.0,25.55
10716,India,maize,1991,13763,1083.0,72133.0,25.06
10717,India,maize,1991,13763,1083.0,72133.0,26.34
10718,India,maize,1991,13763,1083.0,72133.0,24.62
10719,India,maize,1991,13763,1083.0,72133.0,26.7
10720,India,maize,1991,13763,1083.0,72133.0,26.7
10721,India,maize,1991,13763,1083.0,72133.0,25.74
10722,India,potato,1991,162540,1083.0,72133.0,25.85
10723,India,potato,1991,162540,1083.0,72133.0,26.9
10724,India,potato,1991,162540,1083.0,72133.0,25.96
10725,India,potato,1991,162540,1083.0,72133.0,23.77
10726,India,potato,1991,162540,1083.0,72133.0,25.49
10727,India,potato,1991,162540,1083.0,72133.0,25.82
10728,India,potato,1991,162540,1083.0,72133.0,25.74
10729,India,potato,1991,162540,1083.0,72133.0,26.54
10730,India,potato,1991,162540,1083.0,72133.0,27.35
10731,India,potato,1991,162540,1083.0,72133.0,25.4
10732,India,potato,1991,162540,1083.0,72133.0,25.99
10733,India,potato,1991,162540,1083.0,72133.0,25.32
10734,India,potato,1991,162540,1083.0,72133.0,23.77
10735,India,potato,1991,162540,1083.0,72133.0,26.2
10736,India,potato,1991,162540,1083.0,72133.0,25.74
10737,India,potato,1991,162540,1083.0,72133.0,25.55
10738,India,potato,1991,162540,1083.0,72133.0,25.06
10739,India,potato,1991,162540,1083.0,72133.0,26.34
10740,India,potato,1991,162540,1083.0,72133.0,24.62
10741,India,potato,1991,162540,1083.0,72133.0,26.7
10742,India,potato,1991,162540,1083.0,72133.0,26.7
10743,India,potato,1991,162540,1083.0,72133.0,25.74
10744,India,rice,1991,26271,1083.0,72133.0,25.85
10745,India,rice,1991,26271,1083.0,72133.0,26.9
10746,India,rice,1991,26271,1083.0,72133.0,25.96
10747,India,rice,1991,26271,1083.0,72133.0,23.77
10748,India,rice,1991,26271,1083.0,72133.0,25.49
10749,India,rice,1991,26271,1083.0,72133.0,25.82
10750,India,rice,1991,26271,1083.0,72133.0,25.74
10751,India,rice,1991,26271,1083.0,72133.0,26.54
10752,India,rice,1991,26271,1083.0,72133.0,27.35
10753,India,rice,1991,26271,1083.0,72133.0,25.4
10754,India,rice,1991,26271,1083.0,72133.0,25.99
10755,India,rice,1991,26271,1083.0,72133.0,25.32
10756,India,rice,1991,26271,1083.0,72133.0,23.77
10757,India,rice,1991,26271,1083.0,72133.0,26.2
10758,India,rice,1991,26271,1083.0,72133.0,25.74
10759,India,rice,1991,26271,1083.0,72133.0,25.55
10760,India,rice,1991,26271,1083.0,72133.0,25.06
10761,India,rice,1991,26271,1083.0,72133.0,26.34
10762,India,rice,1991,26271,1083.0,72133.0,24.62
10763,India,rice,1991,26271,1083.0,72133.0,26.7
10764,India,rice,1991,26271,1083.0,72133.0,26.7
10765,India,rice,1991,26271,1083.0,72133.0,25.74
10810,India,potato,1991,83453,1083.0,72133.0,25.85
10811,India,potato,1991,83453,1083.0,72133.0,26.9
10812,India,potato,1991,83453,1083.0,72133.0,25.96
10813,India,potato,1991,83453,1083.0,72133.0,23.77
10814,India,potato,1991,83453,1083.0,72133.0,25.49
10815,India,potato,1991,83453,1083.0,72133.0,25.82
10816,India,potato,1991,83453,1083.0,72133.0,25.74
10817,India,potato,1991,83453,1083.0,72133.0,26.54
10818,India,potato,1991,83453,1083.0,72133.0,27.35
10819,India,potato,1991,83453,1083.0,72133.0,25.4
10820,India,potato,1991,83453,1083.0,72133.0,25.99
10821,India,potato,1991,83453,1083.0,72133.0,25.32
10822,India,potato,1991,83453,1083.0,72133.0,23.77
10823,India,potato,1991,83453,1083.0,72133.0,26.2
10824,India,potato,1991,83453,1083.0,72133.0,25.74
10825,India,potato,1991,83453,1083.0,72133.0,25.55
10826,India,potato,1991,83453,1083.0,72133.0,25.06
10827,India,potato,1991,83453,1083.0,72133.0,26.34
10828,India,potato,1991,83453,1083.0,72133.0,24.62
10829,India,potato,1991,83453,1083.0,72133.0,26.7
10830,India,potato,1991,83453,1083.0,72133.0,26.7
10831,India,potato,1991,83453,1083.0,72133.0,25.74
10876,India,maize,1992,16758,1083.0,70791.0,25.69
10877,India,maize,1992,16758,1083.0,70791.0,26.82
10878,India,maize,1992,16758,1083.0,70791.0,26.09
10879,India,maize,1992,16758,1083.0,70791.0,23.79
10880,India,maize,1992,16758,1083.0,70791.0,25.16
10881,India,maize,1992,16758,1083.0,70791.0,25.91
10882,India,maize,1992,16758,1083.0,70791.0,25.52
10883,India,maize,1992,16758,1083.0,70791.0,26.41
10884,India,maize,1992,16758,1083.0,70791.0,27.24
10885,India,maize,1992,16758,1083.0,70791.0,25.41
10886,India,maize,1992,16758,1083.0,70791.0,25.73
10887,India,maize,1992,16758,1083.0,70791.0,25.27
10888,India,maize,1992,16758,1083.0,70791.0,23.79
10889,India,maize,1992,16758,1083.0,70791.0,26.32
10890,India,maize,1992,16758,1083.0,70791.0,25.52
10891,India,maize,1992,16758,1083.0,70791.0,25.58
10892,India,maize,1992,16758,1083.0,70791.0,25.14
10893,India,maize,1992,16758,1083.0,70791.0,26.37
10894,India,maize,1992,16758,1083.0,70791.0,24.62
10895,India,maize,1992,16758,1083.0,70791.0,26.78
10896,India,maize,1992,16758,1083.0,70791.0,26.78
10897,India,maize,1992,16758,1083.0,70791.0,25.89
10898,India,potato,1992,160294,1083.0,70791.0,25.69
10899,India,potato,1992,160294,1083.0,70791.0,26.82
10900,India,potato,1992,160294,1083.0,70791.0,26.09
10901,India,potato,1992,160294,1083.0,70791.0,23.79
10902,India,potato,1992,160294,1083.0,70791.0,25.16
10903,India,potato,1992,160294,1083.0,70791.0,25.91
10904,India,potato,1992,160294,1083.0,70791.0,25.52
10905,India,potato,1992,160294,1083.0,70791.0,26.41
10906,India,potato,1992,160294,1083.0,70791.0,27.24
10907,India,potato,1992,160294,1083.0,70791.0,25.41
10908,India,potato,1992,160294,1083.0,70791.0,25.73
10909,India,potato,1992,160294,1083.0,70791.0,25.27
10910,India,potato,1992,160294,1083.0,70791.0,23.79
10911,India,potato,1992,160294,1083.0,70791.0,26.32
10912,India,potato,1992,160294,1083.0,70791.0,25.52
10913,India,potato,1992,160294,1083.0,70791.0,25.58
10914,India,potato,1992,160294,1083.0,70791.0,25.14
10915,India,potato,1992,160294,1083.0,70791.0,26.37
10916,India,potato,1992,160294,1083.0,70791.0,24.62
10917,India,potato,1992,160294,1083.0,70791.0,26.78
10918,India,potato,1992,160294,1083.0,70791.0,26.78
10919,India,potato,1992,160294,1083.0,70791.0,25.89
10920,India,rice,1992,26092,1083.0,70791.0,25.69
10921,India,rice,1992,26092,1083.0,70791.0,26.82
10922,India,rice,1992,26092,1083.0,70791.0,26.09
10923,India,rice,1992,26092,1083.0,70791.0,23.79
10924,India,rice,1992,26092,1083.0,70791.0,25.16
10925,India,rice,1992,26092,1083.0,70791.0,25.91
10926,India,rice,1992,26092,1083.0,70791.0,25.52
10927,India,rice,1992,26092,1083.0,70791.0,26.41
10928,India,rice,1992,26092,1083.0,70791.0,27.24
10929,India,rice,1992,26092,1083.0,70791.0,25.41
10930,India,rice,1992,26092,1083.0,70791.0,25.73
10931,India,rice,1992,26092,1083.0,70791.0,25.27
10932,India,rice,1992,26092,1083.0,70791.0,23.79
10933,India,rice,1992,26092,1083.0,70791.0,26.32
10934,India,rice,1992,26092,1083.0,70791.0,25.52
10935,India,rice,1992,26092,1083.0,70791.0,25.58
10936,India,rice,1992,26092,1083.0,70791.0,25.14
10937,India,rice,1992,26092,1083.0,70791.0,26.37
10938,India,rice,1992,26092,1083.0,70791.0,24.62
10939,India,rice,1992,26092,1083.0,70791.0,26.78
10940,India,rice,1992,26092,1083.0,70791.0,26.78
10941,India,rice,1992,26092,1083.0,70791.0,25.89
10986,India,potato,1992,82835,1083.0,70791.0,25.69
10987,India,potato,1992,82835,1083.0,70791.0,26.82
10988,India,potato,1992,82835,1083.0,70791.0,26.09
10989,India,potato,1992,82835,1083.0,70791.0,23.79
10990,India,potato,1992,82835,1083.0,70791.0,25.16
10991,India,potato,1992,82835,1083.0,70791.0,25.91
10992,India,potato,1992,82835,1083.0,70791.0,25.52
10993,India,potato,1992,82835,1083.0,70791.0,26.41
10994,India,potato,1992,82835,1083.0,70791.0,27.24
10995,India,potato,1992,82835,1083.0,70791.0,25.41
10996,India,potato,1992,82835,1083.0,70791.0,25.73
10997,India,potato,1992,82835,1083.0,70791.0,25.27
10998,India,potato,1992,82835,1083.0,70791.0,23.79
10999,India,potato,1992,82835,1083.0,70791.0,26.32
11000,India,potato,1992,82835,1083.0,70791.0,25.52
11001,India,potato,1992,82835,1083.0,70791.0,25.58
11002,India,potato,1992,82835,1083.0,70791.0,25.14
11003,India,potato,1992,82835,1083.0,70791.0,26.37
11004,India,potato,1992,82835,1083.0,70791.0,24.62
11005,India,potato,1992,82835,1083.0,70791.0,26.78
11006,India,potato,1992,82835,1083.0,70791.0,26.78
11007,India,potato,1992,82835,1083.0,70791.0,25.89
11052,India,maize,1993,16015,1083.0,66388.0,25.88
11053,India,maize,1993,16015,1083.0,66388.0,27.46
11054,India,maize,1993,16015,1083.0,66388.0,26.1
11055,India,maize,1993,16015,1083.0,66388.0,24.34
11056,India,maize,1993,16015,1083.0,66388.0,25.22
11057,India,maize,1993,16015,1083.0,66388.0,25.75
11058,India,maize,1993,16015,1083.0,66388.0,25.92
11059,India,maize,1993,16015,1083.0,66388.0,26.34
11060,India,maize,1993,16015,1083.0,66388.0,27.24
11061,India,maize,1993,16015,1083.0,66388.0,25.5
11062,India,maize,1993,16015,1083.0,66388.0,26.32
11063,India,maize,1993,16015,1083.0,66388.0,25.27
11064,India,maize,1993,16015,1083.0,66388.0,24.34
11065,India,maize,1993,16015,1083.0,66388.0,26.07
11066,India,maize,1993,16015,1083.0,66388.0,25.92
11067,India,maize,1993,16015,1083.0,66388.0,25.66
11068,India,maize,1993,16015,1083.0,66388.0,25.06
11069,India,maize,1993,16015,1083.0,66388.0,27.07
11070,India,maize,1993,16015,1083.0,66388.0,24.74
11071,India,maize,1993,16015,1083.0,66388.0,27.04
11072,India,maize,1993,16015,1083.0,66388.0,27.04
11073,India,maize,1993,16015,1083.0,66388.0,25.97
11074,India,potato,1993,149024,1083.0,66388.0,25.88
11075,India,potato,1993,149024,1083.0,66388.0,27.46
11076,India,potato,1993,149024,1083.0,66388.0,26.1
11077,India,potato,1993,149024,1083.0,66388.0,24.34
11078,India,potato,1993,149024,1083.0,66388.0,25.22
11079,India,potato,1993,149024,1083.0,66388.0,25.75
11080,India,potato,1993,149024,1083.0,66388.0,25.92
11081,India,potato,1993,149024,1083.0,66388.0,26.34
11082,India,potato,1993,149024,1083.0,66388.0,27.24
11083,India,potato,1993,149024,1083.0,66388.0,25.5
11084,India,potato,1993,149024,1083.0,66388.0,26.32
11085,India,potato,1993,149024,1083.0,66388.0,25.27
11086,India,potato,1993,149024,1083.0,66388.0,24.34
11087,India,potato,1993,149024,1083.0,66388.0,26.07
11088,India,potato,1993,149024,1083.0,66388.0,25.92
11089,India,potato,1993,149024,1083.0,66388.0,25.66
11090,India,potato,1993,149024,1083.0,66388.0,25.06
11091,India,potato,1993,149024,1083.0,66388.0,27.07
11092,India,potato,1993,149024,1083.0,66388.0,24.74
11093,India,potato,1993,149024,1083.0,66388.0,27.04
11094,India,potato,1993,149024,1083.0,66388.0,27.04
11095,India,potato,1993,149024,1083.0,66388.0,25.97
11096,India,rice,1993,28303,1083.0,66388.0,25.88
11097,India,rice,1993,28303,1083.0,66388.0,27.46
11098,India,rice,1993,28303,1083.0,66388.0,26.1
11099,India,rice,1993,28303,1083.0,66388.0,24.34
11100,India,rice,1993,28303,1083.0,66388.0,25.22
11101,India,rice,1993,28303,1083.0,66388.0,25.75
11102,India,rice,1993,28303,1083.0,66388.0,25.92
11103,India,rice,1993,28303,1083.0,66388.0,26.34
11104,India,rice,1993,28303,1083.0,66388.0,27.24
11105,India,rice,1993,28303,1083.0,66388.0,25.5
11106,India,rice,1993,28303,1083.0,66388.0,26.32
11107,India,rice,1993,28303,1083.0,66388.0,25.27
11108,India,rice,1993,28303,1083.0,66388.0,24.34
11109,India,rice,1993,28303,1083.0,66388.0,26.07
11110,India,rice,1993,28303,1083.0,66388.0,25.92
11111,India,rice,1993,28303,1083.0,66388.0,25.66
11112,India,rice,1993,28303,1083.0,66388.0,25.06
11113,India,rice,1993,28303,1083.0,66388.0,27.07
11114,India,rice,1993,28303,1083.0,66388.0,24.74
11115,India,rice,1993,28303,1083.0,66388.0,27.04
11116,India,rice,1993,28303,1083.0,66388.0,27.04
11117,India,rice,1993,28303,1083.0,66388.0,25.97
11162,India,potato,1993,85962,1083.0,66388.0,25.88
11163,India,potato,1993,85962,1083.0,66388.0,27.46
11164,India,potato,1993,85962,1083.0,66388.0,26.1
11165,India,potato,1993,85962,1083.0,66388.0,24.34
11166,India,potato,1993,85962,1083.0,66388.0,25.22
11167,India,potato,1993,85962,1083.0,66388.0,25.75
11168,India,potato,1993,85962,1083.0,66388.0,25.92
11169,India,potato,1993,85962,1083.0,66388.0,26.34
11170,India,potato,1993,85962,1083.0,66388.0,27.24
11171,India,potato,1993,85962,1083.0,66388.0,25.5
11172,India,potato,1993,85962,1083.0,66388.0,26.32
11173,India,potato,1993,85962,1083.0,66388.0,25.27
11174,India,potato,1993,85962,1083.0,66388.0,24.34
11175,India,potato,1993,85962,1083.0,66388.0,26.07
11176,India,potato,1993,85962,1083.0,66388.0,25.92
11177,India,potato,1993,85962,1083.0,66388.0,25.66
11178,India,potato,1993,85962,1083.0,66388.0,25.06
11179,India,potato,1993,85962,1083.0,66388.0,27.07
11180,India,potato,1993,85962,1083.0,66388.0,24.74
11181,India,potato,1993,85962,1083.0,66388.0,27.04
11182,India,potato,1993,85962,1083.0,66388.0,27.04
11183,India,potato,1993,85962,1083.0,66388.0,25.97
11228,India,maize,1994,14480,1083.0,61357.0,25.75
11229,India,maize,1994,14480,1083.0,61357.0,26.74
11230,India,maize,1994,14480,1083.0,61357.0,26.03
11231,India,maize,1994,14480,1083.0,61357.0,24.29
11232,India,maize,1994,14480,1083.0,61357.0,25.22
11233,India,maize,1994,14480,1083.0,61357.0,25.33
11234,India,maize,1994,14480,1083.0,61357.0,25.87
11235,India,maize,1994,14480,1083.0,61357.0,26.54
11236,India,maize,1994,14480,1083.0,61357.0,27.07
11237,India,maize,1994,14480,1083.0,61357.0,25.01
11238,India,maize,1994,14480,1083.0,61357.0,25.92
11239,India,maize,1994,14480,1083.0,61357.0,25.33
11240,India,maize,1994,14480,1083.0,61357.0,24.29
11241,India,maize,1994,14480,1083.0,61357.0,25.75
11242,India,maize,1994,14480,1083.0,61357.0,25.87
11243,India,maize,1994,14480,1083.0,61357.0,25.71
11244,India,maize,1994,14480,1083.0,61357.0,24.84
11245,India,maize,1994,14480,1083.0,61357.0,26.46
11246,India,maize,1994,14480,1083.0,61357.0,24.71
11247,India,maize,1994,14480,1083.0,61357.0,26.55
11248,India,maize,1994,14480,1083.0,61357.0,26.55
11249,India,maize,1994,14480,1083.0,61357.0,25.95
11250,India,potato,1994,166101,1083.0,61357.0,25.75
11251,India,potato,1994,166101,1083.0,61357.0,26.74
11252,India,potato,1994,166101,1083.0,61357.0,26.03
11253,India,potato,1994,166101,1083.0,61357.0,24.29
11254,India,potato,1994,166101,1083.0,61357.0,25.22
11255,India,potato,1994,166101,1083.0,61357.0,25.33
11256,India,potato,1994,166101,1083.0,61357.0,25.87
11257,India,potato,1994,166101,1083.0,61357.0,26.54
11258,India,potato,1994,166101,1083.0,61357.0,27.07
11259,India,potato,1994,166101,1083.0,61357.0,25.01
11260,India,potato,1994,166101,1083.0,61357.0,25.92
11261,India,potato,1994,166101,1083.0,61357.0,25.33
11262,India,potato,1994,166101,1083.0,61357.0,24.29
11263,India,potato,1994,166101,1083.0,61357.0,25.75
11264,India,potato,1994,166101,1083.0,61357.0,25.87
11265,India,potato,1994,166101,1083.0,61357.0,25.71
11266,India,potato,1994,166101,1083.0,61357.0,24.84
11267,India,potato,1994,166101,1083.0,61357.0,26.46
11268,India,potato,1994,166101,1083.0,61357.0,24.71
11269,India,potato,1994,166101,1083.0,61357.0,26.55
11270,India,potato,1994,166101,1083.0,61357.0,26.55
11271,India,potato,1994,166101,1083.0,61357.0,25.95
11272,India,rice,1994,28645,1083.0,61357.0,25.75
11273,India,rice,1994,28645,1083.0,61357.0,26.74
11274,India,rice,1994,28645,1083.0,61357.0,26.03
11275,India,rice,1994,28645,1083.0,61357.0,24.29
11276,India,rice,1994,28645,1083.0,61357.0,25.22
11277,India,rice,1994,28645,1083.0,61357.0,25.33
11278,India,rice,1994,28645,1083.0,61357.0,25.87
11279,India,rice,1994,28645,1083.0,61357.0,26.54
11280,India,rice,1994,28645,1083.0,61357.0,27.07
11281,India,rice,1994,28645,1083.0,61357.0,25.01
11282,India,rice,1994,28645,1083.0,61357.0,25.92
11283,India,rice,1994,28645,1083.0,61357.0,25.33
11284,India,rice,1994,28645,1083.0,61357.0,24.29
11285,India,rice,1994,28645,1083.0,61357.0,25.75
11286,India,rice,1994,28645,1083.0,61357.0,25.87
11287,India,rice,1994,28645,1083.0,61357.0,25.71
11288,India,rice,1994,28645,1083.0,61357.0,24.84
11289,India,rice,1994,28645,1083.0,61357.0,26.46
11290,India,rice,1994,28645,1083.0,61357.0,24.71
11291,India,rice,1994,28645,1083.0,61357.0,26.55
11292,India,rice,1994,28645,1083.0,61357.0,26.55
11293,India,rice,1994,28645,1083.0,61357.0,25.95
11338,India,potato,1994,84823,1083.0,61357.0,25.75
11339,India,potato,1994,84823,1083.0,61357.0,26.74
11340,India,potato,1994,84823,1083.0,61357.0,26.03
11341,India,potato,1994,84823,1083.0,61357.0,24.29
11342,India,potato,1994,84823,1083.0,61357.0,25.22
11343,India,potato,1994,84823,1083.0,61357.0,25.33
11344,India,potato,1994,84823,1083.0,61357.0,25.87
11345,India,potato,1994,84823,1083.0,61357.0,26.54
11346,India,potato,1994,84823,1083.0,61357.0,27.07
11347,India,potato,1994,84823,1083.0,61357.0,25.01
11348,India,potato,1994,84823,1083.0,61357.0,25.92
11349,India,potato,1994,84823,1083.0,61357.0,25.33
11350,India,potato,1994,84823,1083.0,61357.0,24.29
11351,India,potato,1994,84823,1083.0,61357.0,25.75
11352,India,potato,1994,84823,1083.0,61357.0,25.87
11353,India,potato,1994,84823,1083.0,61357.0,25.71
11354,India,potato,1994,84823,1083.0,61357.0,24.84
11355,India,potato,1994,84823,1083.0,61357.0,26.46
11356,India,potato,1994,84823,1083.0,61357.0,24.71
11357,India,potato,1994,84823,1083.0,61357.0,26.55
11358,India,potato,1994,84823,1083.0,61357.0,26.55
11359,India,potato,1994,84823,1083.0,61357.0,25.95
11404,India,maize,1995,15946,1083.0,61257.0,25.86
11405,India,maize,1995,15946,1083.0,61257.0,27.2
11406,India,maize,1995,15946,1083.0,61257.0,26.15
11407,India,maize,1995,15946,1083.0,61257.0,24.04
11408,India,maize,1995,15946,1083.0,61257.0,25.44
11409,India,maize,1995,15946,1083.0,61257.0,25.73
11410,India,maize,1995,15946,1083.0,61257.0,25.92
11411,India,maize,1995,15946,1083.0,61257.0,26.62
11412,India,maize,1995,15946,1083.0,61257.0,27.24
11413,India,maize,1995,15946,1083.0,61257.0,25.5
11414,India,maize,1995,15946,1083.0,61257.0,26.13
11415,India,maize,1995,15946,1083.0,61257.0,25.55
11416,India,maize,1995,15946,1083.0,61257.0,24.04
11417,India,maize,1995,15946,1083.0,61257.0,26.04
11418,India,maize,1995,15946,1083.0,61257.0,25.92
11419,India,maize,1995,15946,1083.0,61257.0,25.76
11420,India,maize,1995,15946,1083.0,61257.0,25.24
11421,India,maize,1995,15946,1083.0,61257.0,26.72
11422,India,maize,1995,15946,1083.0,61257.0,24.64
11423,India,maize,1995,15946,1083.0,61257.0,27.03
11424,India,maize,1995,15946,1083.0,61257.0,27.03
11425,India,maize,1995,15946,1083.0,61257.0,26.01
11426,India,potato,1995,162720,1083.0,61257.0,25.86
11427,India,potato,1995,162720,1083.0,61257.0,27.2
11428,India,potato,1995,162720,1083.0,61257.0,26.15
11429,India,potato,1995,162720,1083.0,61257.0,24.04
11430,India,potato,1995,162720,1083.0,61257.0,25.44
11431,India,potato,1995,162720,1083.0,61257.0,25.73
11432,India,potato,1995,162720,1083.0,61257.0,25.92
11433,India,potato,1995,162720,1083.0,61257.0,26.62
11434,India,potato,1995,162720,1083.0,61257.0,27.24
11435,India,potato,1995,162720,1083.0,61257.0,25.5
11436,India,potato,1995,162720,1083.0,61257.0,26.13
11437,India,potato,1995,162720,1083.0,61257.0,25.55
11438,India,potato,1995,162720,1083.0,61257.0,24.04
11439,India,potato,1995,162720,1083.0,61257.0,26.04
11440,India,potato,1995,162720,1083.0,61257.0,25.92
11441,India,potato,1995,162720,1083.0,61257.0,25.76
11442,India,potato,1995,162720,1083.0,61257.0,25.24
11443,India,potato,1995,162720,1083.0,61257.0,26.72
11444,India,potato,1995,162720,1083.0,61257.0,24.64
11445,India,potato,1995,162720,1083.0,61257.0,27.03
11446,India,potato,1995,162720,1083.0,61257.0,27.03
11447,India,potato,1995,162720,1083.0,61257.0,26.01
11448,India,rice,1995,26972,1083.0,61257.0,25.86
11449,India,rice,1995,26972,1083.0,61257.0,27.2
11450,India,rice,1995,26972,1083.0,61257.0,26.15
11451,India,rice,1995,26972,1083.0,61257.0,24.04
11452,India,rice,1995,26972,1083.0,61257.0,25.44
11453,India,rice,1995,26972,1083.0,61257.0,25.73
11454,India,rice,1995,26972,1083.0,61257.0,25.92
11455,India,rice,1995,26972,1083.0,61257.0,26.62
11456,India,rice,1995,26972,1083.0,61257.0,27.24
11457,India,rice,1995,26972,1083.0,61257.0,25.5
11458,India,rice,1995,26972,1083.0,61257.0,26.13
11459,India,rice,1995,26972,1083.0,61257.0,25.55
11460,India,rice,1995,26972,1083.0,61257.0,24.04
11461,India,rice,1995,26972,1083.0,61257.0,26.04
11462,India,rice,1995,26972,1083.0,61257.0,25.92
11463,India,rice,1995,26972,1083.0,61257.0,25.76
11464,India,rice,1995,26972,1083.0,61257.0,25.24
11465,India,rice,1995,26972,1083.0,61257.0,26.72
11466,India,rice,1995,26972,1083.0,61257.0,24.64
11467,India,rice,1995,26972,1083.0,61257.0,27.03
11468,India,rice,1995,26972,1083.0,61257.0,27.03
11469,India,rice,1995,26972,1083.0,61257.0,26.01
11514,India,potato,1995,80643,1083.0,61257.0,25.86
11515,India,potato,1995,80643,1083.0,61257.0,27.2
11516,India,potato,1995,80643,1083.0,61257.0,26.15
11517,India,potato,1995,80643,1083.0,61257.0,24.04
11518,India,potato,1995,80643,1083.0,61257.0,25.44
11519,India,potato,1995,80643,1083.0,61257.0,25.73
11520,India,potato,1995,80643,1083.0,61257.0,25.92
11521,India,potato,1995,80643,1083.0,61257.0,26.62
11522,India,potato,1995,80643,1083.0,61257.0,27.24
11523,India,potato,1995,80643,1083.0,61257.0,25.5
11524,India,potato,1995,80643,1083.0,61257.0,26.13
11525,India,potato,1995,80643,1083.0,61257.0,25.55
11526,India,potato,1995,80643,1083.0,61257.0,24.04
11527,India,potato,1995,80643,1083.0,61257.0,26.04
11528,India,potato,1995,80643,1083.0,61257.0,25.92
11529,India,potato,1995,80643,1083.0,61257.0,25.76
11530,India,potato,1995,80643,1083.0,61257.0,25.24
11531,India,potato,1995,80643,1083.0,61257.0,26.72
11532,India,potato,1995,80643,1083.0,61257.0,24.64
11533,India,potato,1995,80643,1083.0,61257.0,27.03
11534,India,potato,1995,80643,1083.0,61257.0,27.03
11535,India,potato,1995,80643,1083.0,61257.0,26.01
11580,India,maize,1996,17094,1083.0,56114.0,25.63
11581,India,maize,1996,17094,1083.0,56114.0,27.06
11582,India,maize,1996,17094,1083.0,56114.0,26.1
11583,India,maize,1996,17094,1083.0,56114.0,23.81
11584,India,maize,1996,17094,1083.0,56114.0,25.41
11585,India,maize,1996,17094,1083.0,56114.0,25.9
11586,India,maize,1996,17094,1083.0,56114.0,25.55
11587,India,maize,1996,17094,1083.0,56114.0,26.65
11588,India,maize,1996,17094,1083.0,56114.0,27.37
11589,India,maize,1996,17094,1083.0,56114.0,25.55
11590,India,maize,1996,17094,1083.0,56114.0,25.79
11591,India,maize,1996,17094,1083.0,56114.0,25.31
11592,India,maize,1996,17094,1083.0,56114.0,23.81
11593,India,maize,1996,17094,1083.0,56114.0,26.46
11594,India,maize,1996,17094,1083.0,56114.0,25.55
11595,India,maize,1996,17094,1083.0,56114.0,25.75
11596,India,maize,1996,17094,1083.0,56114.0,25.34
11597,India,maize,1996,17094,1083.0,56114.0,26.64
11598,India,maize,1996,17094,1083.0,56114.0,24.78
11599,India,maize,1996,17094,1083.0,56114.0,27.01
11600,India,maize,1996,17094,1083.0,56114.0,27.01
11601,India,maize,1996,17094,1083.0,56114.0,25.99
11602,India,potato,1996,169913,1083.0,56114.0,25.63
11603,India,potato,1996,169913,1083.0,56114.0,27.06
11604,India,potato,1996,169913,1083.0,56114.0,26.1
11605,India,potato,1996,169913,1083.0,56114.0,23.81
11606,India,potato,1996,169913,1083.0,56114.0,25.41
11607,India,potato,1996,169913,1083.0,56114.0,25.9
11608,India,potato,1996,169913,1083.0,56114.0,25.55
11609,India,potato,1996,169913,1083.0,56114.0,26.65
11610,India,potato,1996,169913,1083.0,56114.0,27.37
11611,India,potato,1996,169913,1083.0,56114.0,25.55
11612,India,potato,1996,169913,1083.0,56114.0,25.79
11613,India,potato,1996,169913,1083.0,56114.0,25.31
11614,India,potato,1996,169913,1083.0,56114.0,23.81
11615,India,potato,1996,169913,1083.0,56114.0,26.46
11616,India,potato,1996,169913,1083.0,56114.0,25.55
11617,India,potato,1996,169913,1083.0,56114.0,25.75
11618,India,potato,1996,169913,1083.0,56114.0,25.34
11619,India,potato,1996,169913,1083.0,56114.0,26.64
11620,India,potato,1996,169913,1083.0,56114.0,24.78
11621,India,potato,1996,169913,1083.0,56114.0,27.01
11622,India,potato,1996,169913,1083.0,56114.0,27.01
11623,India,potato,1996,169913,1083.0,56114.0,25.99
11624,India,rice,1996,28226,1083.0,56114.0,25.63
11625,India,rice,1996,28226,1083.0,56114.0,27.06
11626,India,rice,1996,28226,1083.0,56114.0,26.1
11627,India,rice,1996,28226,1083.0,56114.0,23.81
11628,India,rice,1996,28226,1083.0,56114.0,25.41
11629,India,rice,1996,28226,1083.0,56114.0,25.9
11630,India,rice,1996,28226,1083.0,56114.0,25.55
11631,India,rice,1996,28226,1083.0,56114.0,26.65
11632,India,rice,1996,28226,1083.0,56114.0,27.37
11633,India,rice,1996,28226,1083.0,56114.0,25.55
11634,India,rice,1996,28226,1083.0,56114.0,25.79
11635,India,rice,1996,28226,1083.0,56114.0,25.31
11636,India,rice,1996,28226,1083.0,56114.0,23.81
11637,India,rice,1996,28226,1083.0,56114.0,26.46
11638,India,rice,1996,28226,1083.0,56114.0,25.55
11639,India,rice,1996,28226,1083.0,56114.0,25.75
11640,India,rice,1996,28226,1083.0,56114.0,25.34
11641,India,rice,1996,28226,1083.0,56114.0,26.64
11642,India,rice,1996,28226,1083.0,56114.0,24.78
11643,India,rice,1996,28226,1083.0,56114.0,27.01
11644,India,rice,1996,28226,1083.0,56114.0,27.01
11645,India,rice,1996,28226,1083.0,56114.0,25.99
11690,India,potato,1996,80716,1083.0,56114.0,25.63
11691,India,potato,1996,80716,1083.0,56114.0,27.06
11692,India,potato,1996,80716,1083.0,56114.0,26.1
11693,India,potato,1996,80716,1083.0,56114.0,23.81
11694,India,potato,1996,80716,1083.0,56114.0,25.41
11695,India,potato,1996,80716,1083.0,56114.0,25.9
11696,India,potato,1996,80716,1083.0,56114.0,25.55
11697,India,potato,1996,80716,1083.0,56114.0,26.65
11698,India,potato,1996,80716,1083.0,56114.0,27.37
11699,India,potato,1996,80716,1083.0,56114.0,25.55
11700,India,potato,1996,80716,1083.0,56114.0,25.79
11701,India,potato,1996,80716,1083.0,56114.0,25.31
11702,India,potato,1996,80716,1083.0,56114.0,23.81
11703,India,potato,1996,80716,1083.0,56114.0,26.46
11704,India,potato,1996,80716,1083.0,56114.0,25.55
11705,India,potato,1996,80716,1083.0,56114.0,25.75
11706,India,potato,1996,80716,1083.0,56114.0,25.34
11707,India,potato,1996,80716,1083.0,56114.0,26.64
11708,India,potato,1996,80716,1083.0,56114.0,24.78
11709,India,potato,1996,80716,1083.0,56114.0,27.01
11710,India,potato,1996,80716,1083.0,56114.0,27.01
11711,India,potato,1996,80716,1083.0,56114.0,25.99
11756,India,maize,1997,17111,1083.0,52279.0,24.92
11757,India,maize,1997,17111,1083.0,52279.0,26.45
11758,India,maize,1997,17111,1083.0,52279.0,25.58
11759,India,maize,1997,17111,1083.0,52279.0,23.26
11760,India,maize,1997,17111,1083.0,52279.0,25.68
11761,India,maize,1997,17111,1083.0,52279.0,25.09
11762,India,maize,1997,17111,1083.0,52279.0,24.71
11763,India,maize,1997,17111,1083.0,52279.0,26.19
11764,India,maize,1997,17111,1083.0,52279.0,27.47
11765,India,maize,1997,17111,1083.0,52279.0,24.77
11766,India,maize,1997,17111,1083.0,52279.0,24.83
11767,India,maize,1997,17111,1083.0,52279.0,24.71
11768,India,maize,1997,17111,1083.0,52279.0,23.26
11769,India,maize,1997,17111,1083.0,52279.0,25.75
11770,India,maize,1997,17111,1083.0,52279.0,24.71
11771,India,maize,1997,17111,1083.0,52279.0,25.46
11772,India,maize,1997,17111,1083.0,52279.0,25.21
11773,India,maize,1997,17111,1083.0,52279.0,26.38
11774,India,maize,1997,17111,1083.0,52279.0,24.55
11775,India,maize,1997,17111,1083.0,52279.0,26.53
11776,India,maize,1997,17111,1083.0,52279.0,26.53
11777,India,maize,1997,17111,1083.0,52279.0,25.58
11778,India,potato,1997,193913,1083.0,52279.0,24.92
11779,India,potato,1997,193913,1083.0,52279.0,26.45
11780,India,potato,1997,193913,1083.0,52279.0,25.58
11781,India,potato,1997,193913,1083.0,52279.0,23.26
11782,India,potato,1997,193913,1083.0,52279.0,25.68
11783,India,potato,1997,193913,1083.0,52279.0,25.09
11784,India,potato,1997,193913,1083.0,52279.0,24.71
11785,India,potato,1997,193913,1083.0,52279.0,26.19
11786,India,potato,1997,193913,1083.0,52279.0,27.47
11787,India,potato,1997,193913,1083.0,52279.0,24.77
11788,India,potato,1997,193913,1083.0,52279.0,24.83
11789,India,potato,1997,193913,1083.0,52279.0,24.71
11790,India,potato,1997,193913,1083.0,52279.0,23.26
11791,India,potato,1997,193913,1083.0,52279.0,25.75
11792,India,potato,1997,193913,1083.0,52279.0,24.71
11793,India,potato,1997,193913,1083.0,52279.0,25.46
11794,India,potato,1997,193913,1083.0,52279.0,25.21
11795,India,potato,1997,193913,1083.0,52279.0,26.38
11796,India,potato,1997,193913,1083.0,52279.0,24.55
11797,India,potato,1997,193913,1083.0,52279.0,26.53
11798,India,potato,1997,193913,1083.0,52279.0,26.53
11799,India,potato,1997,193913,1083.0,52279.0,25.58
11800,India,rice,1997,28457,1083.0,52279.0,24.92
11801,India,rice,1997,28457,1083.0,52279.0,26.45
11802,India,rice,1997,28457,1083.0,52279.0,25.58
11803,India,rice,1997,28457,1083.0,52279.0,23.26
11804,India,rice,1997,28457,1083.0,52279.0,25.68
11805,India,rice,1997,28457,1083.0,52279.0,25.09
11806,India,rice,1997,28457,1083.0,52279.0,24.71
11807,India,rice,1997,28457,1083.0,52279.0,26.19
11808,India,rice,1997,28457,1083.0,52279.0,27.47
11809,India,rice,1997,28457,1083.0,52279.0,24.77
11810,India,rice,1997,28457,1083.0,52279.0,24.83
11811,India,rice,1997,28457,1083.0,52279.0,24.71
11812,India,rice,1997,28457,1083.0,52279.0,23.26
11813,India,rice,1997,28457,1083.0,52279.0,25.75
11814,India,rice,1997,28457,1083.0,52279.0,24.71
11815,India,rice,1997,28457,1083.0,52279.0,25.46
11816,India,rice,1997,28457,1083.0,52279.0,25.21
11817,India,rice,1997,28457,1083.0,52279.0,26.38
11818,India,rice,1997,28457,1083.0,52279.0,24.55
11819,India,rice,1997,28457,1083.0,52279.0,26.53
11820,India,rice,1997,28457,1083.0,52279.0,26.53
11821,India,rice,1997,28457,1083.0,52279.0,25.58
11866,India,potato,1997,84850,1083.0,52279.0,24.92
11867,India,potato,1997,84850,1083.0,52279.0,26.45
11868,India,potato,1997,84850,1083.0,52279.0,25.58
11869,India,potato,1997,84850,1083.0,52279.0,23.26
11870,India,potato,1997,84850,1083.0,52279.0,25.68
11871,India,potato,1997,84850,1083.0,52279.0,25.09
11872,India,potato,1997,84850,1083.0,52279.0,24.71
11873,India,potato,1997,84850,1083.0,52279.0,26.19
11874,India,potato,1997,84850,1083.0,52279.0,27.47
11875,India,potato,1997,84850,1083.0,52279.0,24.77
11876,India,potato,1997,84850,1083.0,52279.0,24.83
11877,India,potato,1997,84850,1083.0,52279.0,24.71
11878,India,potato,1997,84850,1083.0,52279.0,23.26
11879,India,potato,1997,84850,1083.0,52279.0,25.75
11880,India,potato,1997,84850,1083.0,52279.0,24.71
11881,India,potato,1997,84850,1083.0,52279.0,25.46
11882,India,potato,1997,84850,1083.0,52279.0,25.21
11883,India,potato,1997,84850,1083.0,52279.0,26.38
11884,India,potato,1997,84850,1083.0,52279.0,24.55
11885,India,potato,1997,84850,1083.0,52279.0,26.53
11886,India,potato,1997,84850,1083.0,52279.0,26.53
11887,India,potato,1997,84850,1083.0,52279.0,25.58
11932,India,maize,1998,17969,1083.0,49157.0,25.91
11933,India,maize,1998,17969,1083.0,49157.0,27.48
11934,India,maize,1998,17969,1083.0,49157.0,26.35
11935,India,maize,1998,17969,1083.0,49157.0,24.34
11936,India,maize,1998,17969,1083.0,49157.0,26.01
11937,India,maize,1998,17969,1083.0,49157.0,26.12
11938,India,maize,1998,17969,1083.0,49157.0,25.77
11939,India,maize,1998,17969,1083.0,49157.0,26.69
11940,India,maize,1998,17969,1083.0,49157.0,27.87
11941,India,maize,1998,17969,1083.0,49157.0,25.87
11942,India,maize,1998,17969,1083.0,49157.0,26.27
11943,India,maize,1998,17969,1083.0,49157.0,25.46
11944,India,maize,1998,17969,1083.0,49157.0,24.34
11945,India,maize,1998,17969,1083.0,49157.0,26.4
11946,India,maize,1998,17969,1083.0,49157.0,25.77
11947,India,maize,1998,17969,1083.0,49157.0,25.87
11948,India,maize,1998,17969,1083.0,49157.0,25.55
11949,India,maize,1998,17969,1083.0,49157.0,27.09
11950,India,maize,1998,17969,1083.0,49157.0,24.84
11951,India,maize,1998,17969,1083.0,49157.0,27.32
11952,India,maize,1998,17969,1083.0,49157.0,27.32
11953,India,maize,1998,17969,1083.0,49157.0,26.12
11954,India,potato,1998,146020,1083.0,49157.0,25.91
11955,India,potato,1998,146020,1083.0,49157.0,27.48
11956,India,potato,1998,146020,1083.0,49157.0,26.35
11957,India,potato,1998,146020,1083.0,49157.0,24.34
11958,India,potato,1998,146020,1083.0,49157.0,26.01
11959,India,potato,1998,146020,1083.0,49157.0,26.12
11960,India,potato,1998,146020,1083.0,49157.0,25.77
11961,India,potato,1998,146020,1083.0,49157.0,26.69
11962,India,potato,1998,146020,1083.0,49157.0,27.87
11963,India,potato,1998,146020,1083.0,49157.0,25.87
11964,India,potato,1998,146020,1083.0,49157.0,26.27
11965,India,potato,1998,146020,1083.0,49157.0,25.46
11966,India,potato,1998,146020,1083.0,49157.0,24.34
11967,India,potato,1998,146020,1083.0,49157.0,26.4
11968,India,potato,1998,146020,1083.0,49157.0,25.77
11969,India,potato,1998,146020,1083.0,49157.0,25.87
11970,India,potato,1998,146020,1083.0,49157.0,25.55
11971,India,potato,1998,146020,1083.0,49157.0,27.09
11972,India,potato,1998,146020,1083.0,49157.0,24.84
11973,India,potato,1998,146020,1083.0,49157.0,27.32
11974,India,potato,1998,146020,1083.0,49157.0,27.32
11975,India,potato,1998,146020,1083.0,49157.0,26.12
11976,India,rice,1998,28805,1083.0,49157.0,25.91
11977,India,rice,1998,28805,1083.0,49157.0,27.48
11978,India,rice,1998,28805,1083.0,49157.0,26.35
11979,India,rice,1998,28805,1083.0,49157.0,24.34
11980,India,rice,1998,28805,1083.0,49157.0,26.01
11981,India,rice,1998,28805,1083.0,49157.0,26.12
11982,India,rice,1998,28805,1083.0,49157.0,25.77
11983,India,rice,1998,28805,1083.0,49157.0,26.69
11984,India,rice,1998,28805,1083.0,49157.0,27.87
11985,India,rice,1998,28805,1083.0,49157.0,25.87
11986,India,rice,1998,28805,1083.0,49157.0,26.27
11987,India,rice,1998,28805,1083.0,49157.0,25.46
11988,India,rice,1998,28805,1083.0,49157.0,24.34
11989,India,rice,1998,28805,1083.0,49157.0,26.4
11990,India,rice,1998,28805,1083.0,49157.0,25.77
11991,India,rice,1998,28805,1083.0,49157.0,25.87
11992,India,rice,1998,28805,1083.0,49157.0,25.55
11993,India,rice,1998,28805,1083.0,49157.0,27.09
11994,India,rice,1998,28805,1083.0,49157.0,24.84
11995,India,rice,1998,28805,1083.0,49157.0,27.32
11996,India,rice,1998,28805,1083.0,49157.0,27.32
11997,India,rice,1998,28805,1083.0,49157.0,26.12
12042,India,potato,1998,86907,1083.0,49157.0,25.91
12043,India,potato,1998,86907,1083.0,49157.0,27.48
12044,India,potato,1998,86907,1083.0,49157.0,26.35
12045,India,potato,1998,86907,1083.0,49157.0,24.34
12046,India,potato,1998,86907,1083.0,49157.0,26.01
12047,India,potato,1998,86907,1083.0,49157.0,26.12
12048,India,potato,1998,86907,1083.0,49157.0,25.77
12049,India,potato,1998,86907,1083.0,49157.0,26.69
12050,India,potato,1998,86907,1083.0,49157.0,27.87
12051,India,potato,1998,86907,1083.0,49157.0,25.87
12052,India,potato,1998,86907,1083.0,49157.0,26.27
12053,India,potato,1998,86907,1083.0,49157.0,25.46
12054,India,potato,1998,86907,1083.0,49157.0,24.34
12055,India,potato,1998,86907,1083.0,49157.0,26.4
12056,India,potato,1998,86907,1083.0,49157.0,25.77
12057,India,potato,1998,86907,1083.0,49157.0,25.87
12058,India,potato,1998,86907,1083.0,49157.0,25.55
12059,India,potato,1998,86907,1083.0,49157.0,27.09
12060,India,potato,1998,86907,1083.0,49157.0,24.84
12061,India,potato,1998,86907,1083.0,49157.0,27.32
12062,India,potato,1998,86907,1083.0,49157.0,27.32
12063,India,potato,1998,86907,1083.0,49157.0,26.12
12108,India,maize,1999,17922,1083.0,46195.0,26.12
12109,India,maize,1999,17922,1083.0,46195.0,27.21
12110,India,maize,1999,17922,1083.0,46195.0,26.4
12111,India,maize,1999,17922,1083.0,46195.0,24.9
12112,India,maize,1999,17922,1083.0,46195.0,25.29
12113,India,maize,1999,17922,1083.0,46195.0,25.74
12114,India,maize,1999,17922,1083.0,46195.0,26.36
12115,India,maize,1999,17922,1083.0,46195.0,26.86
12116,India,maize,1999,17922,1083.0,46195.0,27.24
12117,India,maize,1999,17922,1083.0,46195.0,25.5
12118,India,maize,1999,17922,1083.0,46195.0,26.42
12119,India,maize,1999,17922,1083.0,46195.0,25.78
12120,India,maize,1999,17922,1083.0,46195.0,24.9
12121,India,maize,1999,17922,1083.0,46195.0,26.06
12122,India,maize,1999,17922,1083.0,46195.0,26.36
12123,India,maize,1999,17922,1083.0,46195.0,25.97
12124,India,maize,1999,17922,1083.0,46195.0,25.1
12125,India,maize,1999,17922,1083.0,46195.0,26.85
12126,India,maize,1999,17922,1083.0,46195.0,24.93
12127,India,maize,1999,17922,1083.0,46195.0,26.96
12128,India,maize,1999,17922,1083.0,46195.0,26.96
12129,India,maize,1999,17922,1083.0,46195.0,26.21
12130,India,potato,1999,175712,1083.0,46195.0,26.12
12131,India,potato,1999,175712,1083.0,46195.0,27.21
12132,India,potato,1999,175712,1083.0,46195.0,26.4
12133,India,potato,1999,175712,1083.0,46195.0,24.9
12134,India,potato,1999,175712,1083.0,46195.0,25.29
12135,India,potato,1999,175712,1083.0,46195.0,25.74
12136,India,potato,1999,175712,1083.0,46195.0,26.36
12137,India,potato,1999,175712,1083.0,46195.0,26.86
12138,India,potato,1999,175712,1083.0,46195.0,27.24
12139,India,potato,1999,175712,1083.0,46195.0,25.5
12140,India,potato,1999,175712,1083.0,46195.0,26.42
12141,India,potato,1999,175712,1083.0,46195.0,25.78
12142,India,potato,1999,175712,1083.0,46195.0,24.9
12143,India,potato,1999,175712,1083.0,46195.0,26.06
12144,India,potato,1999,175712,1083.0,46195.0,26.36
12145,India,potato,1999,175712,1083.0,46195.0,25.97
12146,India,potato,1999,175712,1083.0,46195.0,25.1
12147,India,potato,1999,175712,1083.0,46195.0,26.85
12148,India,potato,1999,175712,1083.0,46195.0,24.93
12149,India,potato,1999,175712,1083.0,46195.0,26.96
12150,India,potato,1999,175712,1083.0,46195.0,26.96
12151,India,potato,1999,175712,1083.0,46195.0,26.21
12152,India,rice,1999,29782,1083.0,46195.0,26.12
12153,India,rice,1999,29782,1083.0,46195.0,27.21
12154,India,rice,1999,29782,1083.0,46195.0,26.4
12155,India,rice,1999,29782,1083.0,46195.0,24.9
12156,India,rice,1999,29782,1083.0,46195.0,25.29
12157,India,rice,1999,29782,1083.0,46195.0,25.74
12158,India,rice,1999,29782,1083.0,46195.0,26.36
12159,India,rice,1999,29782,1083.0,46195.0,26.86
12160,India,rice,1999,29782,1083.0,46195.0,27.24
12161,India,rice,1999,29782,1083.0,46195.0,25.5
12162,India,rice,1999,29782,1083.0,46195.0,26.42
12163,India,rice,1999,29782,1083.0,46195.0,25.78
12164,India,rice,1999,29782,1083.0,46195.0,24.9
12165,India,rice,1999,29782,1083.0,46195.0,26.06
12166,India,rice,1999,29782,1083.0,46195.0,26.36
12167,India,rice,1999,29782,1083.0,46195.0,25.97
12168,India,rice,1999,29782,1083.0,46195.0,25.1
12169,India,rice,1999,29782,1083.0,46195.0,26.85
12170,India,rice,1999,29782,1083.0,46195.0,24.93
12171,India,rice,1999,29782,1083.0,46195.0,26.96
12172,India,rice,1999,29782,1083.0,46195.0,26.96
12173,India,rice,1999,29782,1083.0,46195.0,26.21
12218,India,potato,1999,85744,1083.0,46195.0,26.12
12219,India,potato,1999,85744,1083.0,46195.0,27.21
12220,India,potato,1999,85744,1083.0,46195.0,26.4
12221,India,potato,1999,85744,1083.0,46195.0,24.9
12222,India,potato,1999,85744,1083.0,46195.0,25.29
12223,India,potato,1999,85744,1083.0,46195.0,25.74
12224,India,potato,1999,85744,1083.0,46195.0,26.36
12225,India,potato,1999,85744,1083.0,46195.0,26.86
12226,India,potato,1999,85744,1083.0,46195.0,27.24
12227,India,potato,1999,85744,1083.0,46195.0,25.5
12228,India,potato,1999,85744,1083.0,46195.0,26.42
12229,India,potato,1999,85744,1083.0,46195.0,25.78
12230,India,potato,1999,85744,1083.0,46195.0,24.9
12231,India,potato,1999,85744,1083.0,46195.0,26.06
12232,India,potato,1999,85744,1083.0,46195.0,26.36
12233,India,potato,1999,85744,1083.0,46195.0,25.97
12234,India,potato,1999,85744,1083.0,46195.0,25.1
12235,India,potato,1999,85744,1083.0,46195.0,26.85
12236,India,potato,1999,85744,1083.0,46195.0,24.93
12237,India,potato,1999,85744,1083.0,46195.0,26.96
12238,India,potato,1999,85744,1083.0,46195.0,26.96
12239,India,potato,1999,85744,1083.0,46195.0,26.21
12284,India,maize,2000,18216,1083.0,44957.52,25.98
12285,India,maize,2000,18216,1083.0,44957.52,27.44
12286,India,maize,2000,18216,1083.0,44957.52,26.13
12287,India,maize,2000,18216,1083.0,44957.52,24.57
12288,India,maize,2000,18216,1083.0,44957.52,25.34
12289,India,maize,2000,18216,1083.0,44957.52,25.93
12290,India,maize,2000,18216,1083.0,44957.52,26.05
12291,India,maize,2000,18216,1083.0,44957.52,26.49
12292,India,maize,2000,18216,1083.0,44957.52,27.23
12293,India,maize,2000,18216,1083.0,44957.52,25.62
12294,India,maize,2000,18216,1083.0,44957.52,26.43
12295,India,maize,2000,18216,1083.0,44957.52,25.35
12296,India,maize,2000,18216,1083.0,44957.52,24.57
12297,India,maize,2000,18216,1083.0,44957.52,26.18
12298,India,maize,2000,18216,1083.0,44957.52,26.05
12299,India,maize,2000,18216,1083.0,44957.52,25.58
12300,India,maize,2000,18216,1083.0,44957.52,25.11
12301,India,maize,2000,18216,1083.0,44957.52,27.08
12302,India,maize,2000,18216,1083.0,44957.52,24.69
12303,India,maize,2000,18216,1083.0,44957.52,27.03
12304,India,maize,2000,18216,1083.0,44957.52,27.03
12305,India,maize,2000,18216,1083.0,44957.52,25.93
12306,India,potato,2000,186443,1083.0,44957.52,25.98
12307,India,potato,2000,186443,1083.0,44957.52,27.44
12308,India,potato,2000,186443,1083.0,44957.52,26.13
12309,India,potato,2000,186443,1083.0,44957.52,24.57
12310,India,potato,2000,186443,1083.0,44957.52,25.34
12311,India,potato,2000,186443,1083.0,44957.52,25.93
12312,India,potato,2000,186443,1083.0,44957.52,26.05
12313,India,potato,2000,186443,1083.0,44957.52,26.49
12314,India,potato,2000,186443,1083.0,44957.52,27.23
12315,India,potato,2000,186443,1083.0,44957.52,25.62
12316,India,potato,2000,186443,1083.0,44957.52,26.43
12317,India,potato,2000,186443,1083.0,44957.52,25.35
12318,India,potato,2000,186443,1083.0,44957.52,24.57
12319,India,potato,2000,186443,1083.0,44957.52,26.18
12320,India,potato,2000,186443,1083.0,44957.52,26.05
12321,India,potato,2000,186443,1083.0,44957.52,25.58
12322,India,potato,2000,186443,1083.0,44957.52,25.11
12323,India,potato,2000,186443,1083.0,44957.52,27.08
12324,India,potato,2000,186443,1083.0,44957.52,24.69
12325,India,potato,2000,186443,1083.0,44957.52,27.03
12326,India,potato,2000,186443,1083.0,44957.52,27.03
12327,India,potato,2000,186443,1083.0,44957.52,25.93
12328,India,rice,2000,28508,1083.0,44957.52,25.98
12329,India,rice,2000,28508,1083.0,44957.52,27.44
12330,India,rice,2000,28508,1083.0,44957.52,26.13
12331,India,rice,2000,28508,1083.0,44957.52,24.57
12332,India,rice,2000,28508,1083.0,44957.52,25.34
12333,India,rice,2000,28508,1083.0,44957.52,25.93
12334,India,rice,2000,28508,1083.0,44957.52,26.05
12335,India,rice,2000,28508,1083.0,44957.52,26.49
12336,India,rice,2000,28508,1083.0,44957.52,27.23
12337,India,rice,2000,28508,1083.0,44957.52,25.62
12338,India,rice,2000,28508,1083.0,44957.52,26.43
12339,India,rice,2000,28508,1083.0,44957.52,25.35
12340,India,rice,2000,28508,1083.0,44957.52,24.57
12341,India,rice,2000,28508,1083.0,44957.52,26.18
12342,India,rice,2000,28508,1083.0,44957.52,26.05
12343,India,rice,2000,28508,1083.0,44957.52,25.58
12344,India,rice,2000,28508,1083.0,44957.52,25.11
12345,India,rice,2000,28508,1083.0,44957.52,27.08
12346,India,rice,2000,28508,1083.0,44957.52,24.69
12347,India,rice,2000,28508,1083.0,44957.52,27.03
12348,India,rice,2000,28508,1083.0,44957.52,27.03
12349,India,rice,2000,28508,1083.0,44957.52,25.93
12394,India,potato,2000,97421,1083.0,44957.52,25.98
12395,India,potato,2000,97421,1083.0,44957.52,27.44
12396,India,potato,2000,97421,1083.0,44957.52,26.13
12397,India,potato,2000,97421,1083.0,44957.52,24.57
12398,India,potato,2000,97421,1083.0,44957.52,25.34
12399,India,potato,2000,97421,1083.0,44957.52,25.93
12400,India,potato,2000,97421,1083.0,44957.52,26.05
12401,India,potato,2000,97421,1083.0,44957.52,26.49
12402,India,potato,2000,97421,1083.0,44957.52,27.23
12403,India,potato,2000,97421,1083.0,44957.52,25.62
12404,India,potato,2000,97421,1083.0,44957.52,26.43
12405,India,potato,2000,97421,1083.0,44957.52,25.35
12406,India,potato,2000,97421,1083.0,44957.52,24.57
12407,India,potato,2000,97421,1083.0,44957.52,26.18
12408,India,potato,2000,97421,1083.0,44957.52,26.05
12409,India,potato,2000,97421,1083.0,44957.52,25.58
12410,India,potato,2000,97421,1083.0,44957.52,25.11
12411,India,potato,2000,97421,1083.0,44957.52,27.08
12412,India,potato,2000,97421,1083.0,44957.52,24.69
12413,India,potato,2000,97421,1083.0,44957.52,27.03
12414,India,potato,2000,97421,1083.0,44957.52,27.03
12415,India,potato,2000,97421,1083.0,44957.52,25.93
12460,India,maize,2001,19996,1083.0,43720.04,25.76
12461,India,maize,2001,19996,1083.0,43720.04,27.2
12462,India,maize,2001,19996,1083.0,43720.04,26.02
12463,India,maize,2001,19996,1083.0,43720.04,24.5
12464,India,maize,2001,19996,1083.0,43720.04,25.53
12465,India,maize,2001,19996,1083.0,43720.04,25.95
12466,India,maize,2001,19996,1083.0,43720.04,25.86
12467,India,maize,2001,19996,1083.0,43720.04,26.52
12468,India,maize,2001,19996,1083.0,43720.04,27.56
12469,India,maize,2001,19996,1083.0,43720.04,25.59
12470,India,maize,2001,19996,1083.0,43720.04,26.02
12471,India,maize,2001,19996,1083.0,43720.04,25.33
12472,India,maize,2001,19996,1083.0,43720.04,24.5
12473,India,maize,2001,19996,1083.0,43720.04,26.32
12474,India,maize,2001,19996,1083.0,43720.04,25.86
12475,India,maize,2001,19996,1083.0,43720.04,25.82
12476,India,maize,2001,19996,1083.0,43720.04,25.34
12477,India,maize,2001,19996,1083.0,43720.04,26.91
12478,India,maize,2001,19996,1083.0,43720.04,24.76
12479,India,maize,2001,19996,1083.0,43720.04,26.9
12480,India,maize,2001,19996,1083.0,43720.04,26.9
12481,India,maize,2001,19996,1083.0,43720.04,25.92
12482,India,potato,2001,183627,1083.0,43720.04,25.76
12483,India,potato,2001,183627,1083.0,43720.04,27.2
12484,India,potato,2001,183627,1083.0,43720.04,26.02
12485,India,potato,2001,183627,1083.0,43720.04,24.5
12486,India,potato,2001,183627,1083.0,43720.04,25.53
12487,India,potato,2001,183627,1083.0,43720.04,25.95
12488,India,potato,2001,183627,1083.0,43720.04,25.86
12489,India,potato,2001,183627,1083.0,43720.04,26.52
12490,India,potato,2001,183627,1083.0,43720.04,27.56
12491,India,potato,2001,183627,1083.0,43720.04,25.59
12492,India,potato,2001,183627,1083.0,43720.04,26.02
12493,India,potato,2001,183627,1083.0,43720.04,25.33
12494,India,potato,2001,183627,1083.0,43720.04,24.5
12495,India,potato,2001,183627,1083.0,43720.04,26.32
12496,India,potato,2001,183627,1083.0,43720.04,25.86
12497,India,potato,2001,183627,1083.0,43720.04,25.82
12498,India,potato,2001,183627,1083.0,43720.04,25.34
12499,India,potato,2001,183627,1083.0,43720.04,26.91
12500,India,potato,2001,183627,1083.0,43720.04,24.76
12501,India,potato,2001,183627,1083.0,43720.04,26.9
12502,India,potato,2001,183627,1083.0,43720.04,26.9
12503,India,potato,2001,183627,1083.0,43720.04,25.92
12504,India,rice,2001,31158,1083.0,43720.04,25.76
12505,India,rice,2001,31158,1083.0,43720.04,27.2
12506,India,rice,2001,31158,1083.0,43720.04,26.02
12507,India,rice,2001,31158,1083.0,43720.04,24.5
12508,India,rice,2001,31158,1083.0,43720.04,25.53
12509,India,rice,2001,31158,1083.0,43720.04,25.95
12510,India,rice,2001,31158,1083.0,43720.04,25.86
12511,India,rice,2001,31158,1083.0,43720.04,26.52
12512,India,rice,2001,31158,1083.0,43720.04,27.56
12513,India,rice,2001,31158,1083.0,43720.04,25.59
12514,India,rice,2001,31158,1083.0,43720.04,26.02
12515,India,rice,2001,31158,1083.0,43720.04,25.33
12516,India,rice,2001,31158,1083.0,43720.04,24.5
12517,India,rice,2001,31158,1083.0,43720.04,26.32
12518,India,rice,2001,31158,1083.0,43720.04,25.86
12519,India,rice,2001,31158,1083.0,43720.04,25.82
12520,India,rice,2001,31158,1083.0,43720.04,25.34
12521,India,rice,2001,31158,1083.0,43720.04,26.91
12522,India,rice,2001,31158,1083.0,43720.04,24.76
12523,India,rice,2001,31158,1083.0,43720.04,26.9
12524,India,rice,2001,31158,1083.0,43720.04,26.9
12525,India,rice,2001,31158,1083.0,43720.04,25.92
12570,India,potato,2001,88368,1083.0,43720.04,25.76
12571,India,potato,2001,88368,1083.0,43720.04,27.2
12572,India,potato,2001,88368,1083.0,43720.04,26.02
12573,India,potato,2001,88368,1083.0,43720.04,24.5
12574,India,potato,2001,88368,1083.0,43720.04,25.53
12575,India,potato,2001,88368,1083.0,43720.04,25.95
12576,India,potato,2001,88368,1083.0,43720.04,25.86
12577,India,potato,2001,88368,1083.0,43720.04,26.52
12578,India,potato,2001,88368,1083.0,43720.04,27.56
12579,India,potato,2001,88368,1083.0,43720.04,25.59
12580,India,potato,2001,88368,1083.0,43720.04,26.02
12581,India,potato,2001,88368,1083.0,43720.04,25.33
12582,India,potato,2001,88368,1083.0,43720.04,24.5
12583,India,potato,2001,88368,1083.0,43720.04,26.32
12584,India,potato,2001,88368,1083.0,43720.04,25.86
12585,India,potato,2001,88368,1083.0,43720.04,25.82
12586,India,potato,2001,88368,1083.0,43720.04,25.34
12587,India,potato,2001,88368,1083.0,43720.04,26.91
12588,India,potato,2001,88368,1083.0,43720.04,24.76
12589,India,potato,2001,88368,1083.0,43720.04,26.9
12590,India,potato,2001,88368,1083.0,43720.04,26.9
12591,India,potato,2001,88368,1083.0,43720.04,25.92
12636,India,maize,2002,16807,1083.0,42482.56,26.66
12637,India,maize,2002,16807,1083.0,42482.56,27.72
12638,India,maize,2002,16807,1083.0,42482.56,26.79
12639,India,maize,2002,16807,1083.0,42482.56,24.91
12640,India,maize,2002,16807,1083.0,42482.56,25.76
12641,India,maize,2002,16807,1083.0,42482.56,26.55
12642,India,maize,2002,16807,1083.0,42482.56,26.63
12643,India,maize,2002,16807,1083.0,42482.56,26.7
12644,India,maize,2002,16807,1083.0,42482.56,27.67
12645,India,maize,2002,16807,1083.0,42482.56,26.15
12646,India,maize,2002,16807,1083.0,42482.56,27.03
12647,India,maize,2002,16807,1083.0,42482.56,26.12
12648,India,maize,2002,16807,1083.0,42482.56,24.91
12649,India,maize,2002,16807,1083.0,42482.56,26.75
12650,India,maize,2002,16807,1083.0,42482.56,26.63
12651,India,maize,2002,16807,1083.0,42482.56,26.06
12652,India,maize,2002,16807,1083.0,42482.56,25.58
12653,India,maize,2002,16807,1083.0,42482.56,27.15
12654,India,maize,2002,16807,1083.0,42482.56,25.07
12655,India,maize,2002,16807,1083.0,42482.56,27.35
12656,India,maize,2002,16807,1083.0,42482.56,27.35
12657,India,maize,2002,16807,1083.0,42482.56,26.49
12658,India,potato,2002,194173,1083.0,42482.56,26.66
12659,India,potato,2002,194173,1083.0,42482.56,27.72
12660,India,potato,2002,194173,1083.0,42482.56,26.79
12661,India,potato,2002,194173,1083.0,42482.56,24.91
12662,India,potato,2002,194173,1083.0,42482.56,25.76
12663,India,potato,2002,194173,1083.0,42482.56,26.55
12664,India,potato,2002,194173,1083.0,42482.56,26.63
12665,India,potato,2002,194173,1083.0,42482.56,26.7
12666,India,potato,2002,194173,1083.0,42482.56,27.67
12667,India,potato,2002,194173,1083.0,42482.56,26.15
12668,India,potato,2002,194173,1083.0,42482.56,27.03
12669,India,potato,2002,194173,1083.0,42482.56,26.12
12670,India,potato,2002,194173,1083.0,42482.56,24.91
12671,India,potato,2002,194173,1083.0,42482.56,26.75
12672,India,potato,2002,194173,1083.0,42482.56,26.63
12673,India,potato,2002,194173,1083.0,42482.56,26.06
12674,India,potato,2002,194173,1083.0,42482.56,25.58
12675,India,potato,2002,194173,1083.0,42482.56,27.15
12676,India,potato,2002,194173,1083.0,42482.56,25.07
12677,India,potato,2002,194173,1083.0,42482.56,27.35
12678,India,potato,2002,194173,1083.0,42482.56,27.35
12679,India,potato,2002,194173,1083.0,42482.56,26.49
12680,India,rice,2002,26163,1083.0,42482.56,26.66
12681,India,rice,2002,26163,1083.0,42482.56,27.72
12682,India,rice,2002,26163,1083.0,42482.56,26.79
12683,India,rice,2002,26163,1083.0,42482.56,24.91
12684,India,rice,2002,26163,1083.0,42482.56,25.76
12685,India,rice,2002,26163,1083.0,42482.56,26.55
12686,India,rice,2002,26163,1083.0,42482.56,26.63
12687,India,rice,2002,26163,1083.0,42482.56,26.7
12688,India,rice,2002,26163,1083.0,42482.56,27.67
12689,India,rice,2002,26163,1083.0,42482.56,26.15
12690,India,rice,2002,26163,1083.0,42482.56,27.03
12691,India,rice,2002,26163,1083.0,42482.56,26.12
12692,India,rice,2002,26163,1083.0,42482.56,24.91
12693,India,rice,2002,26163,1083.0,42482.56,26.75
12694,India,rice,2002,26163,1083.0,42482.56,26.63
12695,India,rice,2002,26163,1083.0,42482.56,26.06
12696,India,rice,2002,26163,1083.0,42482.56,25.58
12697,India,rice,2002,26163,1083.0,42482.56,27.15
12698,India,rice,2002,26163,1083.0,42482.56,25.07
12699,India,rice,2002,26163,1083.0,42482.56,27.35
12700,India,rice,2002,26163,1083.0,42482.56,27.35
12701,India,rice,2002,26163,1083.0,42482.56,26.49
12746,India,potato,2002,85694,1083.0,42482.56,26.66
12747,India,potato,2002,85694,1083.0,42482.56,27.72
12748,India,potato,2002,85694,1083.0,42482.56,26.79
12749,India,potato,2002,85694,1083.0,42482.56,24.91
12750,India,potato,2002,85694,1083.0,42482.56,25.76
12751,India,potato,2002,85694,1083.0,42482.56,26.55
12752,India,potato,2002,85694,1083.0,42482.56,26.63
12753,India,potato,2002,85694,1083.0,42482.56,26.7
12754,India,potato,2002,85694,1083.0,42482.56,27.67
12755,India,potato,2002,85694,1083.0,42482.56,26.15
12756,India,potato,2002,85694,1083.0,42482.56,27.03
12757,India,potato,2002,85694,1083.0,42482.56,26.12
12758,India,potato,2002,85694,1083.0,42482.56,24.91
12759,India,potato,2002,85694,1083.0,42482.56,26.75
12760,India,potato,2002,85694,1083.0,42482.56,26.63
12761,India,potato,2002,85694,1083.0,42482.56,26.06
12762,India,potato,2002,85694,1083.0,42482.56,25.58
12763,India,potato,2002,85694,1083.0,42482.56,27.15
12764,India,potato,2002,85694,1083.0,42482.56,25.07
12765,India,potato,2002,85694,1083.0,42482.56,27.35
12766,India,potato,2002,85694,1083.0,42482.56,27.35
12767,India,potato,2002,85694,1083.0,42482.56,26.49
12812,India,maize,2004,19073,1083.0,35113.0,26.11
12813,India,maize,2004,19073,1083.0,35113.0,27.63
12814,India,maize,2004,19073,1083.0,35113.0,26.25
12815,India,maize,2004,19073,1083.0,35113.0,24.85
12816,India,maize,2004,19073,1083.0,35113.0,25.25
12817,India,maize,2004,19073,1083.0,35113.0,26.22
12818,India,maize,2004,19073,1083.0,35113.0,26.24
12819,India,maize,2004,19073,1083.0,35113.0,26.63
12820,India,maize,2004,19073,1083.0,35113.0,27.23
12821,India,maize,2004,19073,1083.0,35113.0,25.98
12822,India,maize,2004,19073,1083.0,35113.0,26.64
12823,India,maize,2004,19073,1083.0,35113.0,25.59
12824,India,maize,2004,19073,1083.0,35113.0,24.85
12825,India,maize,2004,19073,1083.0,35113.0,26.41
12826,India,maize,2004,19073,1083.0,35113.0,26.24
12827,India,maize,2004,19073,1083.0,35113.0,25.69
12828,India,maize,2004,19073,1083.0,35113.0,25.32
12829,India,maize,2004,19073,1083.0,35113.0,27.16
12830,India,maize,2004,19073,1083.0,35113.0,24.69
12831,India,maize,2004,19073,1083.0,35113.0,27.29
12832,India,maize,2004,19073,1083.0,35113.0,27.29
12833,India,maize,2004,19073,1083.0,35113.0,25.95
12834,India,potato,2004,188091,1083.0,35113.0,26.11
12835,India,potato,2004,188091,1083.0,35113.0,27.63
12836,India,potato,2004,188091,1083.0,35113.0,26.25
12837,India,potato,2004,188091,1083.0,35113.0,24.85
12838,India,potato,2004,188091,1083.0,35113.0,25.25
12839,India,potato,2004,188091,1083.0,35113.0,26.22
12840,India,potato,2004,188091,1083.0,35113.0,26.24
12841,India,potato,2004,188091,1083.0,35113.0,26.63
12842,India,potato,2004,188091,1083.0,35113.0,27.23
12843,India,potato,2004,188091,1083.0,35113.0,25.98
12844,India,potato,2004,188091,1083.0,35113.0,26.64
12845,India,potato,2004,188091,1083.0,35113.0,25.59
12846,India,potato,2004,188091,1083.0,35113.0,24.85
12847,India,potato,2004,188091,1083.0,35113.0,26.41
12848,India,potato,2004,188091,1083.0,35113.0,26.24
12849,India,potato,2004,188091,1083.0,35113.0,25.69
12850,India,potato,2004,188091,1083.0,35113.0,25.32
12851,India,potato,2004,188091,1083.0,35113.0,27.16
12852,India,potato,2004,188091,1083.0,35113.0,24.69
12853,India,potato,2004,188091,1083.0,35113.0,27.29
12854,India,potato,2004,188091,1083.0,35113.0,27.29
12855,India,potato,2004,188091,1083.0,35113.0,25.95
12856,India,rice,2004,29756,1083.0,35113.0,26.11
12857,India,rice,2004,29756,1083.0,35113.0,27.63
12858,India,rice,2004,29756,1083.0,35113.0,26.25
12859,India,rice,2004,29756,1083.0,35113.0,24.85
12860,India,rice,2004,29756,1083.0,35113.0,25.25
12861,India,rice,2004,29756,1083.0,35113.0,26.22
12862,India,rice,2004,29756,1083.0,35113.0,26.24
12863,India,rice,2004,29756,1083.0,35113.0,26.63
12864,India,rice,2004,29756,1083.0,35113.0,27.23
12865,India,rice,2004,29756,1083.0,35113.0,25.98
12866,India,rice,2004,29756,1083.0,35113.0,26.64
12867,India,rice,2004,29756,1083.0,35113.0,25.59
12868,India,rice,2004,29756,1083.0,35113.0,24.85
12869,India,rice,2004,29756,1083.0,35113.0,26.41
12870,India,rice,2004,29756,1083.0,35113.0,26.24
12871,India,rice,2004,29756,1083.0,35113.0,25.69
12872,India,rice,2004,29756,1083.0,35113.0,25.32
12873,India,rice,2004,29756,1083.0,35113.0,27.16
12874,India,rice,2004,29756,1083.0,35113.0,24.69
12875,India,rice,2004,29756,1083.0,35113.0,27.29
12876,India,rice,2004,29756,1083.0,35113.0,27.29
12877,India,rice,2004,29756,1083.0,35113.0,25.95
12922,India,potato,2004,88588,1083.0,35113.0,26.11
12923,India,potato,2004,88588,1083.0,35113.0,27.63
12924,India,potato,2004,88588,1083.0,35113.0,26.25
12925,India,potato,2004,88588,1083.0,35113.0,24.85
12926,India,potato,2004,88588,1083.0,35113.0,25.25
12927,India,potato,2004,88588,1083.0,35113.0,26.22
12928,India,potato,2004,88588,1083.0,35113.0,26.24
12929,India,potato,2004,88588,1083.0,35113.0,26.63
12930,India,potato,2004,88588,1083.0,35113.0,27.23
12931,India,potato,2004,88588,1083.0,35113.0,25.98
12932,India,potato,2004,88588,1083.0,35113.0,26.64
12933,India,potato,2004,88588,1083.0,35113.0,25.59
12934,India,potato,2004,88588,1083.0,35113.0,24.85
12935,India,potato,2004,88588,1083.0,35113.0,26.41
12936,India,potato,2004,88588,1083.0,35113.0,26.24
12937,India,potato,2004,88588,1083.0,35113.0,25.69
12938,India,potato,2004,88588,1083.0,35113.0,25.32
12939,India,potato,2004,88588,1083.0,35113.0,27.16
12940,India,potato,2004,88588,1083.0,35113.0,24.69
12941,India,potato,2004,88588,1083.0,35113.0,27.29
12942,India,potato,2004,88588,1083.0,35113.0,27.29
12943,India,potato,2004,88588,1083.0,35113.0,25.95
12988,India,maize,2005,19385,1083.0,35342.0,25.85
12989,India,maize,2005,19385,1083.0,35342.0,26.83
12990,India,maize,2005,19385,1083.0,35342.0,26.28
12991,India,maize,2005,19385,1083.0,35342.0,24.12
12992,India,maize,2005,19385,1083.0,35342.0,25.48
12993,India,maize,2005,19385,1083.0,35342.0,25.82
12994,India,maize,2005,19385,1083.0,35342.0,25.72
12995,India,maize,2005,19385,1083.0,35342.0,26.73
12996,India,maize,2005,19385,1083.0,35342.0,27.49
12997,India,maize,2005,19385,1083.0,35342.0,25.4
12998,India,maize,2005,19385,1083.0,35342.0,25.77
12999,India,maize,2005,19385,1083.0,35342.0,25.62
13000,India,maize,2005,19385,1083.0,35342.0,24.12
13001,India,maize,2005,19385,1083.0,35342.0,26.23
13002,India,maize,2005,19385,1083.0,35342.0,25.72
13003,India,maize,2005,19385,1083.0,35342.0,26.11
13004,India,maize,2005,19385,1083.0,35342.0,25.09
13005,India,maize,2005,19385,1083.0,35342.0,26.51
13006,India,maize,2005,19385,1083.0,35342.0,25.07
13007,India,maize,2005,19385,1083.0,35342.0,26.72
13008,India,maize,2005,19385,1083.0,35342.0,26.72
13009,India,maize,2005,19385,1083.0,35342.0,26.3
13010,India,potato,2005,188908,1083.0,35342.0,25.85
13011,India,potato,2005,188908,1083.0,35342.0,26.83
13012,India,potato,2005,188908,1083.0,35342.0,26.28
13013,India,potato,2005,188908,1083.0,35342.0,24.12
13014,India,potato,2005,188908,1083.0,35342.0,25.48
13015,India,potato,2005,188908,1083.0,35342.0,25.82
13016,India,potato,2005,188908,1083.0,35342.0,25.72
13017,India,potato,2005,188908,1083.0,35342.0,26.73
13018,India,potato,2005,188908,1083.0,35342.0,27.49
13019,India,potato,2005,188908,1083.0,35342.0,25.4
13020,India,potato,2005,188908,1083.0,35342.0,25.77
13021,India,potato,2005,188908,1083.0,35342.0,25.62
13022,India,potato,2005,188908,1083.0,35342.0,24.12
13023,India,potato,2005,188908,1083.0,35342.0,26.23
13024,India,potato,2005,188908,1083.0,35342.0,25.72
13025,India,potato,2005,188908,1083.0,35342.0,26.11
13026,India,potato,2005,188908,1083.0,35342.0,25.09
13027,India,potato,2005,188908,1083.0,35342.0,26.51
13028,India,potato,2005,188908,1083.0,35342.0,25.07
13029,India,potato,2005,188908,1083.0,35342.0,26.72
13030,India,potato,2005,188908,1083.0,35342.0,26.72
13031,India,potato,2005,188908,1083.0,35342.0,26.3
13032,India,rice,2005,31537,1083.0,35342.0,25.85
13033,India,rice,2005,31537,1083.0,35342.0,26.83
13034,India,rice,2005,31537,1083.0,35342.0,26.28
13035,India,rice,2005,31537,1083.0,35342.0,24.12
13036,India,rice,2005,31537,1083.0,35342.0,25.48
13037,India,rice,2005,31537,1083.0,35342.0,25.82
13038,India,rice,2005,31537,1083.0,35342.0,25.72
13039,India,rice,2005,31537,1083.0,35342.0,26.73
13040,India,rice,2005,31537,1083.0,35342.0,27.49
13041,India,rice,2005,31537,1083.0,35342.0,25.4
13042,India,rice,2005,31537,1083.0,35342.0,25.77
13043,India,rice,2005,31537,1083.0,35342.0,25.62
13044,India,rice,2005,31537,1083.0,35342.0,24.12
13045,India,rice,2005,31537,1083.0,35342.0,26.23
13046,India,rice,2005,31537,1083.0,35342.0,25.72
13047,India,rice,2005,31537,1083.0,35342.0,26.11
13048,India,rice,2005,31537,1083.0,35342.0,25.09
13049,India,rice,2005,31537,1083.0,35342.0,26.51
13050,India,rice,2005,31537,1083.0,35342.0,25.07
13051,India,rice,2005,31537,1083.0,35342.0,26.72
13052,India,rice,2005,31537,1083.0,35342.0,26.72
13053,India,rice,2005,31537,1083.0,35342.0,26.3
13098,India,potato,2005,88477,1083.0,35342.0,25.85
13099,India,potato,2005,88477,1083.0,35342.0,26.83
13100,India,potato,2005,88477,1083.0,35342.0,26.28
13101,India,potato,2005,88477,1083.0,35342.0,24.12
13102,India,potato,2005,88477,1083.0,35342.0,25.48
13103,India,potato,2005,88477,1083.0,35342.0,25.82
13104,India,potato,2005,88477,1083.0,35342.0,25.72
13105,India,potato,2005,88477,1083.0,35342.0,26.73
13106,India,potato,2005,88477,1083.0,35342.0,27.49
13107,India,potato,2005,88477,1083.0,35342.0,25.4
13108,India,potato,2005,88477,1083.0,35342.0,25.77
13109,India,potato,2005,88477,1083.0,35342.0,25.62
13110,India,potato,2005,88477,1083.0,35342.0,24.12
13111,India,potato,2005,88477,1083.0,35342.0,26.23
13112,India,potato,2005,88477,1083.0,35342.0,25.72
13113,India,potato,2005,88477,1083.0,35342.0,26.11
13114,India,potato,2005,88477,1083.0,35342.0,25.09
13115,India,potato,2005,88477,1083.0,35342.0,26.51
13116,India,potato,2005,88477,1083.0,35342.0,25.07
13117,India,potato,2005,88477,1083.0,35342.0,26.72
13118,India,potato,2005,88477,1083.0,35342.0,26.72
13119,India,potato,2005,88477,1083.0,35342.0,26.3
13164,India,maize,2006,19125,1083.0,37423.0,26.34
13165,India,maize,2006,19125,1083.0,37423.0,27.28
13166,India,maize,2006,19125,1083.0,37423.0,26.39
13167,India,maize,2006,19125,1083.0,37423.0,24.72
13168,India,maize,2006,19125,1083.0,37423.0,25.42
13169,India,maize,2006,19125,1083.0,37423.0,26.04
13170,India,maize,2006,19125,1083.0,37423.0,26.37
13171,India,maize,2006,19125,1083.0,37423.0,26.99
13172,India,maize,2006,19125,1083.0,37423.0,27.47
13173,India,maize,2006,19125,1083.0,37423.0,25.78
13174,India,maize,2006,19125,1083.0,37423.0,26.43
13175,India,maize,2006,19125,1083.0,37423.0,25.85
13176,India,maize,2006,19125,1083.0,37423.0,24.72
13177,India,maize,2006,19125,1083.0,37423.0,26.37
13178,India,maize,2006,19125,1083.0,37423.0,26.37
13179,India,maize,2006,19125,1083.0,37423.0,26.13
13180,India,maize,2006,19125,1083.0,37423.0,25.31
13181,India,maize,2006,19125,1083.0,37423.0,26.94
13182,India,maize,2006,19125,1083.0,37423.0,24.98
13183,India,maize,2006,19125,1083.0,37423.0,27.15
13184,India,maize,2006,19125,1083.0,37423.0,27.15
13185,India,maize,2006,19125,1083.0,37423.0,26.28
13186,India,potato,2006,185920,1083.0,37423.0,26.34
13187,India,potato,2006,185920,1083.0,37423.0,27.28
13188,India,potato,2006,185920,1083.0,37423.0,26.39
13189,India,potato,2006,185920,1083.0,37423.0,24.72
13190,India,potato,2006,185920,1083.0,37423.0,25.42
13191,India,potato,2006,185920,1083.0,37423.0,26.04
13192,India,potato,2006,185920,1083.0,37423.0,26.37
13193,India,potato,2006,185920,1083.0,37423.0,26.99
13194,India,potato,2006,185920,1083.0,37423.0,27.47
13195,India,potato,2006,185920,1083.0,37423.0,25.78
13196,India,potato,2006,185920,1083.0,37423.0,26.43
13197,India,potato,2006,185920,1083.0,37423.0,25.85
13198,India,potato,2006,185920,1083.0,37423.0,24.72
13199,India,potato,2006,185920,1083.0,37423.0,26.37
13200,India,potato,2006,185920,1083.0,37423.0,26.37
13201,India,potato,2006,185920,1083.0,37423.0,26.13
13202,India,potato,2006,185920,1083.0,37423.0,25.31
13203,India,potato,2006,185920,1083.0,37423.0,26.94
13204,India,potato,2006,185920,1083.0,37423.0,24.98
13205,India,potato,2006,185920,1083.0,37423.0,27.15
13206,India,potato,2006,185920,1083.0,37423.0,27.15
13207,India,potato,2006,185920,1083.0,37423.0,26.28
13208,India,rice,2006,31759,1083.0,37423.0,26.34
13209,India,rice,2006,31759,1083.0,37423.0,27.28
13210,India,rice,2006,31759,1083.0,37423.0,26.39
13211,India,rice,2006,31759,1083.0,37423.0,24.72
13212,India,rice,2006,31759,1083.0,37423.0,25.42
13213,India,rice,2006,31759,1083.0,37423.0,26.04
13214,India,rice,2006,31759,1083.0,37423.0,26.37
13215,India,rice,2006,31759,1083.0,37423.0,26.99
13216,India,rice,2006,31759,1083.0,37423.0,27.47
13217,India,rice,2006,31759,1083.0,37423.0,25.78
13218,India,rice,2006,31759,1083.0,37423.0,26.43
13219,India,rice,2006,31759,1083.0,37423.0,25.85
13220,India,rice,2006,31759,1083.0,37423.0,24.72
13221,India,rice,2006,31759,1083.0,37423.0,26.37
13222,India,rice,2006,31759,1083.0,37423.0,26.37
13223,India,rice,2006,31759,1083.0,37423.0,26.13
13224,India,rice,2006,31759,1083.0,37423.0,25.31
13225,India,rice,2006,31759,1083.0,37423.0,26.94
13226,India,rice,2006,31759,1083.0,37423.0,24.98
13227,India,rice,2006,31759,1083.0,37423.0,27.15
13228,India,rice,2006,31759,1083.0,37423.0,27.15
13229,India,rice,2006,31759,1083.0,37423.0,26.28
13274,India,potato,2006,86849,1083.0,37423.0,26.34
13275,India,potato,2006,86849,1083.0,37423.0,27.28
13276,India,potato,2006,86849,1083.0,37423.0,26.39
13277,India,potato,2006,86849,1083.0,37423.0,24.72
13278,India,potato,2006,86849,1083.0,37423.0,25.42
13279,India,potato,2006,86849,1083.0,37423.0,26.04
13280,India,potato,2006,86849,1083.0,37423.0,26.37
13281,India,potato,2006,86849,1083.0,37423.0,26.99
13282,India,potato,2006,86849,1083.0,37423.0,27.47
13283,India,potato,2006,86849,1083.0,37423.0,25.78
13284,India,potato,2006,86849,1083.0,37423.0,26.43
13285,India,potato,2006,86849,1083.0,37423.0,25.85
13286,India,potato,2006,86849,1083.0,37423.0,24.72
13287,India,potato,2006,86849,1083.0,37423.0,26.37
13288,India,potato,2006,86849,1083.0,37423.0,26.37
13289,India,potato,2006,86849,1083.0,37423.0,26.13
13290,India,potato,2006,86849,1083.0,37423.0,25.31
13291,India,potato,2006,86849,1083.0,37423.0,26.94
13292,India,potato,2006,86849,1083.0,37423.0,24.98
13293,India,potato,2006,86849,1083.0,37423.0,27.15
13294,India,potato,2006,86849,1083.0,37423.0,27.15
13295,India,potato,2006,86849,1083.0,37423.0,26.28
13340,India,maize,2007,23352,1083.0,27422.77,26.0
13341,India,maize,2007,23352,1083.0,27422.77,27.51
13342,India,maize,2007,23352,1083.0,27422.77,25.98
13343,India,maize,2007,23352,1083.0,27422.77,24.6
13344,India,maize,2007,23352,1083.0,27422.77,25.46
13345,India,maize,2007,23352,1083.0,27422.77,25.95
13346,India,maize,2007,23352,1083.0,27422.77,26.15
13347,India,maize,2007,23352,1083.0,27422.77,26.58
13348,India,maize,2007,23352,1083.0,27422.77,27.55
13349,India,maize,2007,23352,1083.0,27422.77,25.66
13350,India,maize,2007,23352,1083.0,27422.77,26.27
13351,India,maize,2007,23352,1083.0,27422.77,25.44
13352,India,maize,2007,23352,1083.0,27422.77,24.6
13353,India,maize,2007,23352,1083.0,27422.77,26.39
13354,India,maize,2007,23352,1083.0,27422.77,26.15
13355,India,maize,2007,23352,1083.0,27422.77,25.59
13356,India,maize,2007,23352,1083.0,27422.77,25.58
13357,India,maize,2007,23352,1083.0,27422.77,27.23
13358,India,maize,2007,23352,1083.0,27422.77,24.59
13359,India,maize,2007,23352,1083.0,27422.77,27.31
13360,India,maize,2007,23352,1083.0,27422.77,27.31
13361,India,maize,2007,23352,1083.0,27422.77,25.82
13362,India,potato,2007,164101,1083.0,27422.77,26.0
13363,India,potato,2007,164101,1083.0,27422.77,27.51
13364,India,potato,2007,164101,1083.0,27422.77,25.98
13365,India,potato,2007,164101,1083.0,27422.77,24.6
13366,India,potato,2007,164101,1083.0,27422.77,25.46
13367,India,potato,2007,164101,1083.0,27422.77,25.95
13368,India,potato,2007,164101,1083.0,27422.77,26.15
13369,India,potato,2007,164101,1083.0,27422.77,26.58
13370,India,potato,2007,164101,1083.0,27422.77,27.55
13371,India,potato,2007,164101,1083.0,27422.77,25.66
13372,India,potato,2007,164101,1083.0,27422.77,26.27
13373,India,potato,2007,164101,1083.0,27422.77,25.44
13374,India,potato,2007,164101,1083.0,27422.77,24.6
13375,India,potato,2007,164101,1083.0,27422.77,26.39
13376,India,potato,2007,164101,1083.0,27422.77,26.15
13377,India,potato,2007,164101,1083.0,27422.77,25.59
13378,India,potato,2007,164101,1083.0,27422.77,25.58
13379,India,potato,2007,164101,1083.0,27422.77,27.23
13380,India,potato,2007,164101,1083.0,27422.77,24.59
13381,India,potato,2007,164101,1083.0,27422.77,27.31
13382,India,potato,2007,164101,1083.0,27422.77,27.31
13383,India,potato,2007,164101,1083.0,27422.77,25.82
13384,India,rice,2007,32924,1083.0,27422.77,26.0
13385,India,rice,2007,32924,1083.0,27422.77,27.51
13386,India,rice,2007,32924,1083.0,27422.77,25.98
13387,India,rice,2007,32924,1083.0,27422.77,24.6
13388,India,rice,2007,32924,1083.0,27422.77,25.46
13389,India,rice,2007,32924,1083.0,27422.77,25.95
13390,India,rice,2007,32924,1083.0,27422.77,26.15
13391,India,rice,2007,32924,1083.0,27422.77,26.58
13392,India,rice,2007,32924,1083.0,27422.77,27.55
13393,India,rice,2007,32924,1083.0,27422.77,25.66
13394,India,rice,2007,32924,1083.0,27422.77,26.27
13395,India,rice,2007,32924,1083.0,27422.77,25.44
13396,India,rice,2007,32924,1083.0,27422.77,24.6
13397,India,rice,2007,32924,1083.0,27422.77,26.39
13398,India,rice,2007,32924,1083.0,27422.77,26.15
13399,India,rice,2007,32924,1083.0,27422.77,25.59
13400,India,rice,2007,32924,1083.0,27422.77,25.58
13401,India,rice,2007,32924,1083.0,27422.77,27.23
13402,India,rice,2007,32924,1083.0,27422.77,24.59
13403,India,rice,2007,32924,1083.0,27422.77,27.31
13404,India,rice,2007,32924,1083.0,27422.77,27.31
13405,India,rice,2007,32924,1083.0,27422.77,25.82
13450,India,potato,2007,86976,1083.0,27422.77,26.0
13451,India,potato,2007,86976,1083.0,27422.77,27.51
13452,India,potato,2007,86976,1083.0,27422.77,25.98
13453,India,potato,2007,86976,1083.0,27422.77,24.6
13454,India,potato,2007,86976,1083.0,27422.77,25.46
13455,India,potato,2007,86976,1083.0,27422.77,25.95
13456,India,potato,2007,86976,1083.0,27422.77,26.15
13457,India,potato,2007,86976,1083.0,27422.77,26.58
13458,India,potato,2007,86976,1083.0,27422.77,27.55
13459,India,potato,2007,86976,1083.0,27422.77,25.66
13460,India,potato,2007,86976,1083.0,27422.77,26.27
13461,India,potato,2007,86976,1083.0,27422.77,25.44
13462,India,potato,2007,86976,1083.0,27422.77,24.6
13463,India,potato,2007,86976,1083.0,27422.77,26.39
13464,India,potato,2007,86976,1083.0,27422.77,26.15
13465,India,potato,2007,86976,1083.0,27422.77,25.59
13466,India,potato,2007,86976,1083.0,27422.77,25.58
13467,India,potato,2007,86976,1083.0,27422.77,27.23
13468,India,potato,2007,86976,1083.0,27422.77,24.59
13469,India,potato,2007,86976,1083.0,27422.77,27.31
13470,India,potato,2007,86976,1083.0,27422.77,27.31
13471,India,potato,2007,86976,1083.0,27422.77,25.82
13516,India,maize,2008,24140,1083.0,14485.33,25.57
13517,India,maize,2008,24140,1083.0,14485.33,27.05
13518,India,maize,2008,24140,1083.0,14485.33,25.78
13519,India,maize,2008,24140,1083.0,14485.33,24.25
13520,India,maize,2008,24140,1083.0,14485.33,25.35
13521,India,maize,2008,24140,1083.0,14485.33,25.65
13522,India,maize,2008,24140,1083.0,14485.33,25.68
13523,India,maize,2008,24140,1083.0,14485.33,26.52
13524,India,maize,2008,24140,1083.0,14485.33,27.45
13525,India,maize,2008,24140,1083.0,14485.33,25.3
13526,India,maize,2008,24140,1083.0,14485.33,25.88
13527,India,maize,2008,24140,1083.0,14485.33,25.11
13528,India,maize,2008,24140,1083.0,14485.33,24.25
13529,India,maize,2008,24140,1083.0,14485.33,26.19
13530,India,maize,2008,24140,1083.0,14485.33,25.68
13531,India,maize,2008,24140,1083.0,14485.33,25.56
13532,India,maize,2008,24140,1083.0,14485.33,25.23
13533,India,maize,2008,24140,1083.0,14485.33,26.51
13534,India,maize,2008,24140,1083.0,14485.33,24.51
13535,India,maize,2008,24140,1083.0,14485.33,26.83
13536,India,maize,2008,24140,1083.0,14485.33,26.83
13537,India,maize,2008,24140,1083.0,14485.33,25.66
13538,India,potato,2008,192973,1083.0,14485.33,25.57
13539,India,potato,2008,192973,1083.0,14485.33,27.05
13540,India,potato,2008,192973,1083.0,14485.33,25.78
13541,India,potato,2008,192973,1083.0,14485.33,24.25
13542,India,potato,2008,192973,1083.0,14485.33,25.35
13543,India,potato,2008,192973,1083.0,14485.33,25.65
13544,India,potato,2008,192973,1083.0,14485.33,25.68
13545,India,potato,2008,192973,1083.0,14485.33,26.52
13546,India,potato,2008,192973,1083.0,14485.33,27.45
13547,India,potato,2008,192973,1083.0,14485.33,25.3
13548,India,potato,2008,192973,1083.0,14485.33,25.88
13549,India,potato,2008,192973,1083.0,14485.33,25.11
13550,India,potato,2008,192973,1083.0,14485.33,24.25
13551,India,potato,2008,192973,1083.0,14485.33,26.19
13552,India,potato,2008,192973,1083.0,14485.33,25.68
13553,India,potato,2008,192973,1083.0,14485.33,25.56
13554,India,potato,2008,192973,1083.0,14485.33,25.23
13555,India,potato,2008,192973,1083.0,14485.33,26.51
13556,India,potato,2008,192973,1083.0,14485.33,24.51
13557,India,potato,2008,192973,1083.0,14485.33,26.83
13558,India,potato,2008,192973,1083.0,14485.33,26.83
13559,India,potato,2008,192973,1083.0,14485.33,25.66
13560,India,rice,2008,32509,1083.0,14485.33,25.57
13561,India,rice,2008,32509,1083.0,14485.33,27.05
13562,India,rice,2008,32509,1083.0,14485.33,25.78
13563,India,rice,2008,32509,1083.0,14485.33,24.25
13564,India,rice,2008,32509,1083.0,14485.33,25.35
13565,India,rice,2008,32509,1083.0,14485.33,25.65
13566,India,rice,2008,32509,1083.0,14485.33,25.68
13567,India,rice,2008,32509,1083.0,14485.33,26.52
13568,India,rice,2008,32509,1083.0,14485.33,27.45
13569,India,rice,2008,32509,1083.0,14485.33,25.3
13570,India,rice,2008,32509,1083.0,14485.33,25.88
13571,India,rice,2008,32509,1083.0,14485.33,25.11
13572,India,rice,2008,32509,1083.0,14485.33,24.25
13573,India,rice,2008,32509,1083.0,14485.33,26.19
13574,India,rice,2008,32509,1083.0,14485.33,25.68
13575,India,rice,2008,32509,1083.0,14485.33,25.56
13576,India,rice,2008,32509,1083.0,14485.33,25.23
13577,India,rice,2008,32509,1083.0,14485.33,26.51
13578,India,rice,2008,32509,1083.0,14485.33,24.51
13579,India,rice,2008,32509,1083.0,14485.33,26.83
13580,India,rice,2008,32509,1083.0,14485.33,26.83
13581,India,rice,2008,32509,1083.0,14485.33,25.66
13626,India,potato,2008,88943,1083.0,14485.33,25.57
13627,India,potato,2008,88943,1083.0,14485.33,27.05
13628,India,potato,2008,88943,1083.0,14485.33,25.78
13629,India,potato,2008,88943,1083.0,14485.33,24.25
13630,India,potato,2008,88943,1083.0,14485.33,25.35
13631,India,potato,2008,88943,1083.0,14485.33,25.65
13632,India,potato,2008,88943,1083.0,14485.33,25.68
13633,India,potato,2008,88943,1083.0,14485.33,26.52
13634,India,potato,2008,88943,1083.0,14485.33,27.45
13635,India,potato,2008,88943,1083.0,14485.33,25.3
13636,India,potato,2008,88943,1083.0,14485.33,25.88
13637,India,potato,2008,88943,1083.0,14485.33,25.11
13638,India,potato,2008,88943,1083.0,14485.33,24.25
13639,India,potato,2008,88943,1083.0,14485.33,26.19
13640,India,potato,2008,88943,1083.0,14485.33,25.68
13641,India,potato,2008,88943,1083.0,14485.33,25.56
13642,India,potato,2008,88943,1083.0,14485.33,25.23
13643,India,potato,2008,88943,1083.0,14485.33,26.51
13644,India,potato,2008,88943,1083.0,14485.33,24.51
13645,India,potato,2008,88943,1083.0,14485.33,26.83
13646,India,potato,2008,88943,1083.0,14485.33,26.83
13647,India,potato,2008,88943,1083.0,14485.33,25.66
13692,India,maize,2009,20238,1083.0,28707.01,26.55
13693,India,maize,2009,20238,1083.0,28707.01,28.1
13694,India,maize,2009,20238,1083.0,28707.01,26.76
13695,India,maize,2009,20238,1083.0,28707.01,24.87
13696,India,maize,2009,20238,1083.0,28707.01,25.73
13697,India,maize,2009,20238,1083.0,28707.01,26.68
13698,India,maize,2009,20238,1083.0,28707.01,26.55
13699,India,maize,2009,20238,1083.0,28707.01,27.15
13700,India,maize,2009,20238,1083.0,28707.01,28.03
13701,India,maize,2009,20238,1083.0,28707.01,26.41
13702,India,maize,2009,20238,1083.0,28707.01,26.92
13703,India,maize,2009,20238,1083.0,28707.01,25.99
13704,India,maize,2009,20238,1083.0,28707.01,24.87
13705,India,maize,2009,20238,1083.0,28707.01,27.14
13706,India,maize,2009,20238,1083.0,28707.01,26.55
13707,India,maize,2009,20238,1083.0,28707.01,26.31
13708,India,maize,2009,20238,1083.0,28707.01,25.87
13709,India,maize,2009,20238,1083.0,28707.01,27.43
13710,India,maize,2009,20238,1083.0,28707.01,25.38
13711,India,maize,2009,20238,1083.0,28707.01,27.82
13712,India,maize,2009,20238,1083.0,28707.01,27.82
13713,India,maize,2009,20238,1083.0,28707.01,26.55
13714,India,potato,2009,188103,1083.0,28707.01,26.55
13715,India,potato,2009,188103,1083.0,28707.01,28.1
13716,India,potato,2009,188103,1083.0,28707.01,26.76
13717,India,potato,2009,188103,1083.0,28707.01,24.87
13718,India,potato,2009,188103,1083.0,28707.01,25.73
13719,India,potato,2009,188103,1083.0,28707.01,26.68
13720,India,potato,2009,188103,1083.0,28707.01,26.55
13721,India,potato,2009,188103,1083.0,28707.01,27.15
13722,India,potato,2009,188103,1083.0,28707.01,28.03
13723,India,potato,2009,188103,1083.0,28707.01,26.41
13724,India,potato,2009,188103,1083.0,28707.01,26.92
13725,India,potato,2009,188103,1083.0,28707.01,25.99
13726,India,potato,2009,188103,1083.0,28707.01,24.87
13727,India,potato,2009,188103,1083.0,28707.01,27.14
13728,India,potato,2009,188103,1083.0,28707.01,26.55
13729,India,potato,2009,188103,1083.0,28707.01,26.31
13730,India,potato,2009,188103,1083.0,28707.01,25.87
13731,India,potato,2009,188103,1083.0,28707.01,27.43
13732,India,potato,2009,188103,1083.0,28707.01,25.38
13733,India,potato,2009,188103,1083.0,28707.01,27.82
13734,India,potato,2009,188103,1083.0,28707.01,27.82
13735,India,potato,2009,188103,1083.0,28707.01,26.55
13736,India,rice,2009,32366,1083.0,28707.01,26.55
13737,India,rice,2009,32366,1083.0,28707.01,28.1
13738,India,rice,2009,32366,1083.0,28707.01,26.76
13739,India,rice,2009,32366,1083.0,28707.01,24.87
13740,India,rice,2009,32366,1083.0,28707.01,25.73
13741,India,rice,2009,32366,1083.0,28707.01,26.68
13742,India,rice,2009,32366,1083.0,28707.01,26.55
13743,India,rice,2009,32366,1083.0,28707.01,27.15
13744,India,rice,2009,32366,1083.0,28707.01,28.03
13745,India,rice,2009,32366,1083.0,28707.01,26.41
13746,India,rice,2009,32366,1083.0,28707.01,26.92
13747,India,rice,2009,32366,1083.0,28707.01,25.99
13748,India,rice,2009,32366,1083.0,28707.01,24.87
13749,India,rice,2009,32366,1083.0,28707.01,27.14
13750,India,rice,2009,32366,1083.0,28707.01,26.55
13751,India,rice,2009,32366,1083.0,28707.01,26.31
13752,India,rice,2009,32366,1083.0,28707.01,25.87
13753,India,rice,2009,32366,1083.0,28707.01,27.43
13754,India,rice,2009,32366,1083.0,28707.01,25.38
13755,India,rice,2009,32366,1083.0,28707.01,27.82
13756,India,rice,2009,32366,1083.0,28707.01,27.82
13757,India,rice,2009,32366,1083.0,28707.01,26.55
13802,India,potato,2009,90080,1083.0,28707.01,26.55
13803,India,potato,2009,90080,1083.0,28707.01,28.1
13804,India,potato,2009,90080,1083.0,28707.01,26.76
13805,India,potato,2009,90080,1083.0,28707.01,24.87
13806,India,potato,2009,90080,1083.0,28707.01,25.73
13807,India,potato,2009,90080,1083.0,28707.01,26.68
13808,India,potato,2009,90080,1083.0,28707.01,26.55
13809,India,potato,2009,90080,1083.0,28707.01,27.15
13810,India,potato,2009,90080,1083.0,28707.01,28.03
13811,India,potato,2009,90080,1083.0,28707.01,26.41
13812,India,potato,2009,90080,1083.0,28707.01,26.92
13813,India,potato,2009,90080,1083.0,28707.01,25.99
13814,India,potato,2009,90080,1083.0,28707.01,24.87
13815,India,potato,2009,90080,1083.0,28707.01,27.14
13816,India,potato,2009,90080,1083.0,28707.01,26.55
13817,India,potato,2009,90080,1083.0,28707.01,26.31
13818,India,potato,2009,90080,1083.0,28707.01,25.87
13819,India,potato,2009,90080,1083.0,28707.01,27.43
13820,India,potato,2009,90080,1083.0,28707.01,25.38
13821,India,potato,2009,90080,1083.0,28707.01,27.82
13822,India,potato,2009,90080,1083.0,28707.01,27.82
13823,India,potato,2009,90080,1083.0,28707.01,26.55
13868,India,maize,2010,25401,1083.0,40093.69,26.51
13869,India,maize,2010,25401,1083.0,40093.69,28.02
13870,India,maize,2010,25401,1083.0,40093.69,26.81
13871,India,maize,2010,25401,1083.0,40093.69,24.98
13872,India,maize,2010,25401,1083.0,40093.69,25.71
13873,India,maize,2010,25401,1083.0,40093.69,26.61
13874,India,maize,2010,25401,1083.0,40093.69,26.52
13875,India,maize,2010,25401,1083.0,40093.69,27.29
13876,India,maize,2010,25401,1083.0,40093.69,27.69
13877,India,maize,2010,25401,1083.0,40093.69,26.31
13878,India,maize,2010,25401,1083.0,40093.69,26.82
13879,India,maize,2010,25401,1083.0,40093.69,26.02
13880,India,maize,2010,25401,1083.0,40093.69,24.98
13881,India,maize,2010,25401,1083.0,40093.69,26.93
13882,India,maize,2010,25401,1083.0,40093.69,26.52
13883,India,maize,2010,25401,1083.0,40093.69,26.54
13884,India,maize,2010,25401,1083.0,40093.69,25.75
13885,India,maize,2010,25401,1083.0,40093.69,27.16
13886,India,maize,2010,25401,1083.0,40093.69,25.54
13887,India,maize,2010,25401,1083.0,40093.69,27.68
13888,India,maize,2010,25401,1083.0,40093.69,27.68
13889,India,maize,2010,25401,1083.0,40093.69,26.67
13890,India,potato,2010,199299,1083.0,40093.69,26.51
13891,India,potato,2010,199299,1083.0,40093.69,28.02
13892,India,potato,2010,199299,1083.0,40093.69,26.81
13893,India,potato,2010,199299,1083.0,40093.69,24.98
13894,India,potato,2010,199299,1083.0,40093.69,25.71
13895,India,potato,2010,199299,1083.0,40093.69,26.61
13896,India,potato,2010,199299,1083.0,40093.69,26.52
13897,India,potato,2010,199299,1083.0,40093.69,27.29
13898,India,potato,2010,199299,1083.0,40093.69,27.69
13899,India,potato,2010,199299,1083.0,40093.69,26.31
13900,India,potato,2010,199299,1083.0,40093.69,26.82
13901,India,potato,2010,199299,1083.0,40093.69,26.02
13902,India,potato,2010,199299,1083.0,40093.69,24.98
13903,India,potato,2010,199299,1083.0,40093.69,26.93
13904,India,potato,2010,199299,1083.0,40093.69,26.52
13905,India,potato,2010,199299,1083.0,40093.69,26.54
13906,India,potato,2010,199299,1083.0,40093.69,25.75
13907,India,potato,2010,199299,1083.0,40093.69,27.16
13908,India,potato,2010,199299,1083.0,40093.69,25.54
13909,India,potato,2010,199299,1083.0,40093.69,27.68
13910,India,potato,2010,199299,1083.0,40093.69,27.68
13911,India,potato,2010,199299,1083.0,40093.69,26.67
13912,India,rice,2010,33587,1083.0,40093.69,26.51
13913,India,rice,2010,33587,1083.0,40093.69,28.02
13914,India,rice,2010,33587,1083.0,40093.69,26.81
13915,India,rice,2010,33587,1083.0,40093.69,24.98
13916,India,rice,2010,33587,1083.0,40093.69,25.71
13917,India,rice,2010,33587,1083.0,40093.69,26.61
13918,India,rice,2010,33587,1083.0,40093.69,26.52
13919,India,rice,2010,33587,1083.0,40093.69,27.29
13920,India,rice,2010,33587,1083.0,40093.69,27.69
13921,India,rice,2010,33587,1083.0,40093.69,26.31
13922,India,rice,2010,33587,1083.0,40093.69,26.82
13923,India,rice,2010,33587,1083.0,40093.69,26.02
13924,India,rice,2010,33587,1083.0,40093.69,24.98
13925,India,rice,2010,33587,1083.0,40093.69,26.93
13926,India,rice,2010,33587,1083.0,40093.69,26.52
13927,India,rice,2010,33587,1083.0,40093.69,26.54
13928,India,rice,2010,33587,1083.0,40093.69,25.75
13929,India,rice,2010,33587,1083.0,40093.69,27.16
13930,India,rice,2010,33587,1083.0,40093.69,25.54
13931,India,rice,2010,33587,1083.0,40093.69,27.68
13932,India,rice,2010,33587,1083.0,40093.69,27.68
13933,India,rice,2010,33587,1083.0,40093.69,26.67
13978,India,potato,2010,92069,1083.0,40093.69,26.51
13979,India,potato,2010,92069,1083.0,40093.69,28.02
13980,India,potato,2010,92069,1083.0,40093.69,26.81
13981,India,potato,2010,92069,1083.0,40093.69,24.98
13982,India,potato,2010,92069,1083.0,40093.69,25.71
13983,India,potato,2010,92069,1083.0,40093.69,26.61
13984,India,potato,2010,92069,1083.0,40093.69,26.52
13985,India,potato,2010,92069,1083.0,40093.69,27.29
13986,India,potato,2010,92069,1083.0,40093.69,27.69
13987,India,potato,2010,92069,1083.0,40093.69,26.31
13988,India,potato,2010,92069,1083.0,40093.69,26.82
13989,India,potato,2010,92069,1083.0,40093.69,26.02
13990,India,potato,2010,92069,1083.0,40093.69,24.98
13991,India,potato,2010,92069,1083.0,40093.69,26.93
13992,India,potato,2010,92069,1083.0,40093.69,26.52
13993,India,potato,2010,92069,1083.0,40093.69,26.54
13994,India,potato,2010,92069,1083.0,40093.69,25.75
13995,India,potato,2010,92069,1083.0,40093.69,27.16
13996,India,potato,2010,92069,1083.0,40093.69,25.54
13997,India,potato,2010,92069,1083.0,40093.69,27.68
13998,India,potato,2010,92069,1083.0,40093.69,27.68
13999,India,potato,2010,92069,1083.0,40093.69,26.67
14044,India,maize,2011,24784,1083.0,55540.0,25.53
14045,India,maize,2011,24784,1083.0,55540.0,27.29
14046,India,maize,2011,24784,1083.0,55540.0,25.81
14047,India,maize,2011,24784,1083.0,55540.0,24.35
14048,India,maize,2011,24784,1083.0,55540.0,25.36
14049,India,maize,2011,24784,1083.0,55540.0,25.72
14050,India,maize,2011,24784,1083.0,55540.0,25.63
14051,India,maize,2011,24784,1083.0,55540.0,26.41
14052,India,maize,2011,24784,1083.0,55540.0,27.41
14053,India,maize,2011,24784,1083.0,55540.0,25.45
14054,India,maize,2011,24784,1083.0,55540.0,25.92
14055,India,maize,2011,24784,1083.0,55540.0,25.06
14056,India,maize,2011,24784,1083.0,55540.0,24.35
14057,India,maize,2011,24784,1083.0,55540.0,26.0
14058,India,maize,2011,24784,1083.0,55540.0,25.63
14059,India,maize,2011,24784,1083.0,55540.0,25.48
14060,India,maize,2011,24784,1083.0,55540.0,25.16
14061,India,maize,2011,24784,1083.0,55540.0,26.84
14062,India,maize,2011,24784,1083.0,55540.0,24.5
14063,India,maize,2011,24784,1083.0,55540.0,27.02
14064,India,maize,2011,24784,1083.0,55540.0,27.02
14065,India,maize,2011,24784,1083.0,55540.0,25.64
14066,India,potato,2011,227240,1083.0,55540.0,25.53
14067,India,potato,2011,227240,1083.0,55540.0,27.29
14068,India,potato,2011,227240,1083.0,55540.0,25.81
14069,India,potato,2011,227240,1083.0,55540.0,24.35
14070,India,potato,2011,227240,1083.0,55540.0,25.36
14071,India,potato,2011,227240,1083.0,55540.0,25.72
14072,India,potato,2011,227240,1083.0,55540.0,25.63
14073,India,potato,2011,227240,1083.0,55540.0,26.41
14074,India,potato,2011,227240,1083.0,55540.0,27.41
14075,India,potato,2011,227240,1083.0,55540.0,25.45
14076,India,potato,2011,227240,1083.0,55540.0,25.92
14077,India,potato,2011,227240,1083.0,55540.0,25.06
14078,India,potato,2011,227240,1083.0,55540.0,24.35
14079,India,potato,2011,227240,1083.0,55540.0,26.0
14080,India,potato,2011,227240,1083.0,55540.0,25.63
14081,India,potato,2011,227240,1083.0,55540.0,25.48
14082,India,potato,2011,227240,1083.0,55540.0,25.16
14083,India,potato,2011,227240,1083.0,55540.0,26.84
14084,India,potato,2011,227240,1083.0,55540.0,24.5
14085,India,potato,2011,227240,1083.0,55540.0,27.02
14086,India,potato,2011,227240,1083.0,55540.0,27.02
14087,India,potato,2011,227240,1083.0,55540.0,25.64
14088,India,rice,2011,35878,1083.0,55540.0,25.53
14089,India,rice,2011,35878,1083.0,55540.0,27.29
14090,India,rice,2011,35878,1083.0,55540.0,25.81
14091,India,rice,2011,35878,1083.0,55540.0,24.35
14092,India,rice,2011,35878,1083.0,55540.0,25.36
14093,India,rice,2011,35878,1083.0,55540.0,25.72
14094,India,rice,2011,35878,1083.0,55540.0,25.63
14095,India,rice,2011,35878,1083.0,55540.0,26.41
14096,India,rice,2011,35878,1083.0,55540.0,27.41
14097,India,rice,2011,35878,1083.0,55540.0,25.45
14098,India,rice,2011,35878,1083.0,55540.0,25.92
14099,India,rice,2011,35878,1083.0,55540.0,25.06
14100,India,rice,2011,35878,1083.0,55540.0,24.35
14101,India,rice,2011,35878,1083.0,55540.0,26.0
14102,India,rice,2011,35878,1083.0,55540.0,25.63
14103,India,rice,2011,35878,1083.0,55540.0,25.48
14104,India,rice,2011,35878,1083.0,55540.0,25.16
14105,India,rice,2011,35878,1083.0,55540.0,26.84
14106,India,rice,2011,35878,1083.0,55540.0,24.5
14107,India,rice,2011,35878,1083.0,55540.0,27.02
14108,India,rice,2011,35878,1083.0,55540.0,27.02
14109,India,rice,2011,35878,1083.0,55540.0,25.64
14154,India,potato,2011,92456,1083.0,55540.0,25.53
14155,India,potato,2011,92456,1083.0,55540.0,27.29
14156,India,potato,2011,92456,1083.0,55540.0,25.81
14157,India,potato,2011,92456,1083.0,55540.0,24.35
14158,India,potato,2011,92456,1083.0,55540.0,25.36
14159,India,potato,2011,92456,1083.0,55540.0,25.72
14160,India,potato,2011,92456,1083.0,55540.0,25.63
14161,India,potato,2011,92456,1083.0,55540.0,26.41
14162,India,potato,2011,92456,1083.0,55540.0,27.41
14163,India,potato,2011,92456,1083.0,55540.0,25.45
14164,India,potato,2011,92456,1083.0,55540.0,25.92
14165,India,potato,2011,92456,1083.0,55540.0,25.06
14166,India,potato,2011,92456,1083.0,55540.0,24.35
14167,India,potato,2011,92456,1083.0,55540.0,26.0
14168,India,potato,2011,92456,1083.0,55540.0,25.63
14169,India,potato,2011,92456,1083.0,55540.0,25.48
14170,India,potato,2011,92456,1083.0,55540.0,25.16
14171,India,potato,2011,92456,1083.0,55540.0,26.84
14172,India,potato,2011,92456,1083.0,55540.0,24.5
14173,India,potato,2011,92456,1083.0,55540.0,27.02
14174,India,potato,2011,92456,1083.0,55540.0,27.02
14175,India,potato,2011,92456,1083.0,55540.0,25.64
14220,India,maize,2012,25557,1083.0,52980.0,25.86
14221,India,maize,2012,25557,1083.0,52980.0,27.03
14222,India,maize,2012,25557,1083.0,52980.0,26.21
14223,India,maize,2012,25557,1083.0,52980.0,24.37
14224,India,maize,2012,25557,1083.0,52980.0,26.04
14225,India,maize,2012,25557,1083.0,52980.0,25.82
14226,India,maize,2012,25557,1083.0,52980.0,25.89
14227,India,maize,2012,25557,1083.0,52980.0,26.94
14228,India,maize,2012,25557,1083.0,52980.0,28.02
14229,India,maize,2012,25557,1083.0,52980.0,25.39
14230,India,maize,2012,25557,1083.0,52980.0,25.88
14231,India,maize,2012,25557,1083.0,52980.0,25.45
14232,India,maize,2012,25557,1083.0,52980.0,24.37
14233,India,maize,2012,25557,1083.0,52980.0,26.33
14234,India,maize,2012,25557,1083.0,52980.0,25.89
14235,India,maize,2012,25557,1083.0,52980.0,25.98
14236,India,maize,2012,25557,1083.0,52980.0,25.3
14237,India,maize,2012,25557,1083.0,52980.0,26.65
14238,India,maize,2012,25557,1083.0,52980.0,25.09
14239,India,maize,2012,25557,1083.0,52980.0,26.89
14240,India,maize,2012,25557,1083.0,52980.0,26.89
14241,India,maize,2012,25557,1083.0,52980.0,26.09
14242,India,potato,2012,217530,1083.0,52980.0,25.86
14243,India,potato,2012,217530,1083.0,52980.0,27.03
14244,India,potato,2012,217530,1083.0,52980.0,26.21
14245,India,potato,2012,217530,1083.0,52980.0,24.37
14246,India,potato,2012,217530,1083.0,52980.0,26.04
14247,India,potato,2012,217530,1083.0,52980.0,25.82
14248,India,potato,2012,217530,1083.0,52980.0,25.89
14249,India,potato,2012,217530,1083.0,52980.0,26.94
14250,India,potato,2012,217530,1083.0,52980.0,28.02
14251,India,potato,2012,217530,1083.0,52980.0,25.39
14252,India,potato,2012,217530,1083.0,52980.0,25.88
14253,India,potato,2012,217530,1083.0,52980.0,25.45
14254,India,potato,2012,217530,1083.0,52980.0,24.37
14255,India,potato,2012,217530,1083.0,52980.0,26.33
14256,India,potato,2012,217530,1083.0,52980.0,25.89
14257,India,potato,2012,217530,1083.0,52980.0,25.98
14258,India,potato,2012,217530,1083.0,52980.0,25.3
14259,India,potato,2012,217530,1083.0,52980.0,26.65
14260,India,potato,2012,217530,1083.0,52980.0,25.09
14261,India,potato,2012,217530,1083.0,52980.0,26.89
14262,India,potato,2012,217530,1083.0,52980.0,26.89
14263,India,potato,2012,217530,1083.0,52980.0,26.09
14264,India,rice,2012,36909,1083.0,52980.0,25.86
14265,India,rice,2012,36909,1083.0,52980.0,27.03
14266,India,rice,2012,36909,1083.0,52980.0,26.21
14267,India,rice,2012,36909,1083.0,52980.0,24.37
14268,India,rice,2012,36909,1083.0,52980.0,26.04
14269,India,rice,2012,36909,1083.0,52980.0,25.82
14270,India,rice,2012,36909,1083.0,52980.0,25.89
14271,India,rice,2012,36909,1083.0,52980.0,26.94
14272,India,rice,2012,36909,1083.0,52980.0,28.02
14273,India,rice,2012,36909,1083.0,52980.0,25.39
14274,India,rice,2012,36909,1083.0,52980.0,25.88
14275,India,rice,2012,36909,1083.0,52980.0,25.45
14276,India,rice,2012,36909,1083.0,52980.0,24.37
14277,India,rice,2012,36909,1083.0,52980.0,26.33
14278,India,rice,2012,36909,1083.0,52980.0,25.89
14279,India,rice,2012,36909,1083.0,52980.0,25.98
14280,India,rice,2012,36909,1083.0,52980.0,25.3
14281,India,rice,2012,36909,1083.0,52980.0,26.65
14282,India,rice,2012,36909,1083.0,52980.0,25.09
14283,India,rice,2012,36909,1083.0,52980.0,26.89
14284,India,rice,2012,36909,1083.0,52980.0,26.89
14285,India,rice,2012,36909,1083.0,52980.0,26.09
14330,India,potato,2012,97174,1083.0,52980.0,25.86
14331,India,potato,2012,97174,1083.0,52980.0,27.03
14332,India,potato,2012,97174,1083.0,52980.0,26.21
14333,India,potato,2012,97174,1083.0,52980.0,24.37
14334,India,potato,2012,97174,1083.0,52980.0,26.04
14335,India,potato,2012,97174,1083.0,52980.0,25.82
14336,India,potato,2012,97174,1083.0,52980.0,25.89
14337,India,potato,2012,97174,1083.0,52980.0,26.94
14338,India,potato,2012,97174,1083.0,52980.0,28.02
14339,India,potato,2012,97174,1083.0,52980.0,25.39
14340,India,potato,2012,97174,1083.0,52980.0,25.88
14341,India,potato,2012,97174,1083.0,52980.0,25.45
14342,India,potato,2012,97174,1083.0,52980.0,24.37
14343,India,potato,2012,97174,1083.0,52980.0,26.33
14344,India,potato,2012,97174,1083.0,52980.0,25.89
14345,India,potato,2012,97174,1083.0,52980.0,25.98
14346,India,potato,2012,97174,1083.0,52980.0,25.3
14347,India,potato,2012,97174,1083.0,52980.0,26.65
14348,India,potato,2012,97174,1083.0,52980.0,25.09
14349,India,potato,2012,97174,1083.0,52980.0,26.89
14350,India,potato,2012,97174,1083.0,52980.0,26.89
14351,India,potato,2012,97174,1083.0,52980.0,26.09
14396,India,maize,2013,25726,1083.0,45620.0,26.69
14397,India,maize,2013,25726,1083.0,45620.0,27.61
14398,India,maize,2013,25726,1083.0,45620.0,27.1
14399,India,maize,2013,25726,1083.0,45620.0,25.44
14400,India,maize,2013,25726,1083.0,45620.0,26.61
14401,India,maize,2013,25726,1083.0,45620.0,26.37
14402,India,maize,2013,25726,1083.0,45620.0,26.71
14403,India,maize,2013,25726,1083.0,45620.0,27.37
14404,India,maize,2013,25726,1083.0,45620.0,28.85
14405,India,maize,2013,25726,1083.0,45620.0,25.94
14406,India,maize,2013,25726,1083.0,45620.0,26.84
14407,India,maize,2013,25726,1083.0,45620.0,26.12
14408,India,maize,2013,25726,1083.0,45620.0,25.44
14409,India,maize,2013,25726,1083.0,45620.0,27.11
14410,India,maize,2013,25726,1083.0,45620.0,26.71
14411,India,maize,2013,25726,1083.0,45620.0,26.79
14412,India,maize,2013,25726,1083.0,45620.0,25.85
14413,India,maize,2013,25726,1083.0,45620.0,27.14
14414,India,maize,2013,25726,1083.0,45620.0,25.98
14415,India,maize,2013,25726,1083.0,45620.0,27.44
14416,India,maize,2013,25726,1083.0,45620.0,27.44
14417,India,maize,2013,25726,1083.0,45620.0,26.99
14418,India,potato,2013,227606,1083.0,45620.0,26.69
14419,India,potato,2013,227606,1083.0,45620.0,27.61
14420,India,potato,2013,227606,1083.0,45620.0,27.1
14421,India,potato,2013,227606,1083.0,45620.0,25.44
14422,India,potato,2013,227606,1083.0,45620.0,26.61
14423,India,potato,2013,227606,1083.0,45620.0,26.37
14424,India,potato,2013,227606,1083.0,45620.0,26.71
14425,India,potato,2013,227606,1083.0,45620.0,27.37
14426,India,potato,2013,227606,1083.0,45620.0,28.85
14427,India,potato,2013,227606,1083.0,45620.0,25.94
14428,India,potato,2013,227606,1083.0,45620.0,26.84
14429,India,potato,2013,227606,1083.0,45620.0,26.12
14430,India,potato,2013,227606,1083.0,45620.0,25.44
14431,India,potato,2013,227606,1083.0,45620.0,27.11
14432,India,potato,2013,227606,1083.0,45620.0,26.71
14433,India,potato,2013,227606,1083.0,45620.0,26.79
14434,India,potato,2013,227606,1083.0,45620.0,25.85
14435,India,potato,2013,227606,1083.0,45620.0,27.14
14436,India,potato,2013,227606,1083.0,45620.0,25.98
14437,India,potato,2013,227606,1083.0,45620.0,27.44
14438,India,potato,2013,227606,1083.0,45620.0,27.44
14439,India,potato,2013,227606,1083.0,45620.0,26.99
14440,India,rice,2013,36070,1083.0,45620.0,26.69
14441,India,rice,2013,36070,1083.0,45620.0,27.61
14442,India,rice,2013,36070,1083.0,45620.0,27.1
14443,India,rice,2013,36070,1083.0,45620.0,25.44
14444,India,rice,2013,36070,1083.0,45620.0,26.61
14445,India,rice,2013,36070,1083.0,45620.0,26.37
14446,India,rice,2013,36070,1083.0,45620.0,26.71
14447,India,rice,2013,36070,1083.0,45620.0,27.37
14448,India,rice,2013,36070,1083.0,45620.0,28.85
14449,India,rice,2013,36070,1083.0,45620.0,25.94
14450,India,rice,2013,36070,1083.0,45620.0,26.84
14451,India,rice,2013,36070,1083.0,45620.0,26.12
14452,India,rice,2013,36070,1083.0,45620.0,25.44
14453,India,rice,2013,36070,1083.0,45620.0,27.11
14454,India,rice,2013,36070,1083.0,45620.0,26.71
14455,India,rice,2013,36070,1083.0,45620.0,26.79
14456,India,rice,2013,36070,1083.0,45620.0,25.85
14457,India,rice,2013,36070,1083.0,45620.0,27.14
14458,India,rice,2013,36070,1083.0,45620.0,25.98
14459,India,rice,2013,36070,1083.0,45620.0,27.44
14460,India,rice,2013,36070,1083.0,45620.0,27.44
14461,India,rice,2013,36070,1083.0,45620.0,26.99
14506,India,potato,2013,101288,1083.0,45620.0,26.69
14507,India,potato,2013,101288,1083.0,45620.0,27.61
14508,India,potato,2013,101288,1083.0,45620.0,27.1
14509,India,potato,2013,101288,1083.0,45620.0,25.44
14510,India,potato,2013,101288,1083.0,45620.0,26.61
14511,India,potato,2013,101288,1083.0,45620.0,26.37
14512,India,potato,2013,101288,1083.0,45620.0,26.71
14513,India,potato,2013,101288,1083.0,45620.0,27.37
14514,India,potato,2013,101288,1083.0,45620.0,28.85
14515,India,potato,2013,101288,1083.0,45620.0,25.94
14516,India,potato,2013,101288,1083.0,45620.0,26.84
14517,India,potato,2013,101288,1083.0,45620.0,26.12
14518,India,potato,2013,101288,1083.0,45620.0,25.44
14519,India,potato,2013,101288,1083.0,45620.0,27.11
14520,India,potato,2013,101288,1083.0,45620.0,26.71
14521,India,potato,2013,101288,1083.0,45620.0,26.79
14522,India,potato,2013,101288,1083.0,45620.0,25.85
14523,India,potato,2013,101288,1083.0,45620.0,27.14
14524,India,potato,2013,101288,1083.0,45620.0,25.98
14525,India,potato,2013,101288,1083.0,45620.0,27.44
14526,India,potato,2013,101288,1083.0,45620.0,27.44
14527,India,potato,2013,101288,1083.0,45620.0,26.99
14556,Indonesia,maize,1990,21323,2702.0,2432.0,25.37
14557,Indonesia,maize,1990,21323,2702.0,2432.0,27.05
14558,Indonesia,maize,1990,21323,2702.0,2432.0,27.11
14559,Indonesia,maize,1990,21323,2702.0,2432.0,27.18
14560,Indonesia,maize,1990,21323,2702.0,2432.0,26.79
14561,Indonesia,maize,1990,21323,2702.0,2432.0,27.47
14562,Indonesia,potato,1990,141637,2702.0,2432.0,25.37
14563,Indonesia,potato,1990,141637,2702.0,2432.0,27.05
14564,Indonesia,potato,1990,141637,2702.0,2432.0,27.11
14565,Indonesia,potato,1990,141637,2702.0,2432.0,27.18
14566,Indonesia,potato,1990,141637,2702.0,2432.0,26.79
14567,Indonesia,potato,1990,141637,2702.0,2432.0,27.47
14568,Indonesia,rice,1990,43018,2702.0,2432.0,25.37
14569,Indonesia,rice,1990,43018,2702.0,2432.0,27.05
14570,Indonesia,rice,1990,43018,2702.0,2432.0,27.11
14571,Indonesia,rice,1990,43018,2702.0,2432.0,27.18
14572,Indonesia,rice,1990,43018,2702.0,2432.0,26.79
14573,Indonesia,rice,1990,43018,2702.0,2432.0,27.47
14580,Indonesia,potato,1990,94450,2702.0,2432.0,25.37
14581,Indonesia,potato,1990,94450,2702.0,2432.0,27.05
14582,Indonesia,potato,1990,94450,2702.0,2432.0,27.11
14583,Indonesia,potato,1990,94450,2702.0,2432.0,27.18
14584,Indonesia,potato,1990,94450,2702.0,2432.0,26.79
14585,Indonesia,potato,1990,94450,2702.0,2432.0,27.47
14592,Indonesia,maize,1991,21505,2702.0,3259.0,25.27
14593,Indonesia,maize,1991,21505,2702.0,3259.0,27.04
14594,Indonesia,maize,1991,21505,2702.0,3259.0,26.92
14595,Indonesia,maize,1991,21505,2702.0,3259.0,27.05
14596,Indonesia,maize,1991,21505,2702.0,3259.0,26.61
14597,Indonesia,maize,1991,21505,2702.0,3259.0,27.21
14598,Indonesia,potato,1991,132721,2702.0,3259.0,25.27
14599,Indonesia,potato,1991,132721,2702.0,3259.0,27.04
14600,Indonesia,potato,1991,132721,2702.0,3259.0,26.92
14601,Indonesia,potato,1991,132721,2702.0,3259.0,27.05
14602,Indonesia,potato,1991,132721,2702.0,3259.0,26.61
14603,Indonesia,potato,1991,132721,2702.0,3259.0,27.21
14604,Indonesia,rice,1991,43465,2702.0,3259.0,25.27
14605,Indonesia,rice,1991,43465,2702.0,3259.0,27.04
14606,Indonesia,rice,1991,43465,2702.0,3259.0,26.92
14607,Indonesia,rice,1991,43465,2702.0,3259.0,27.05
14608,Indonesia,rice,1991,43465,2702.0,3259.0,26.61
14609,Indonesia,rice,1991,43465,2702.0,3259.0,27.21
14616,Indonesia,potato,1991,95150,2702.0,3259.0,25.27
14617,Indonesia,potato,1991,95150,2702.0,3259.0,27.04
14618,Indonesia,potato,1991,95150,2702.0,3259.0,26.92
14619,Indonesia,potato,1991,95150,2702.0,3259.0,27.05
14620,Indonesia,potato,1991,95150,2702.0,3259.0,26.61
14621,Indonesia,potato,1991,95150,2702.0,3259.0,27.21
14628,Indonesia,maize,1992,22030,2702.0,825.0,25.17
14629,Indonesia,maize,1992,22030,2702.0,825.0,26.96
14630,Indonesia,maize,1992,22030,2702.0,825.0,27.01
14631,Indonesia,maize,1992,22030,2702.0,825.0,27.2
14632,Indonesia,maize,1992,22030,2702.0,825.0,26.72
14633,Indonesia,maize,1992,22030,2702.0,825.0,27.4
14634,Indonesia,potato,1992,143819,2702.0,825.0,25.17
14635,Indonesia,potato,1992,143819,2702.0,825.0,26.96
14636,Indonesia,potato,1992,143819,2702.0,825.0,27.01
14637,Indonesia,potato,1992,143819,2702.0,825.0,27.2
14638,Indonesia,potato,1992,143819,2702.0,825.0,26.72
14639,Indonesia,potato,1992,143819,2702.0,825.0,27.4
14640,Indonesia,rice,1992,43446,2702.0,825.0,25.17
14641,Indonesia,rice,1992,43446,2702.0,825.0,26.96
14642,Indonesia,rice,1992,43446,2702.0,825.0,27.01
14643,Indonesia,rice,1992,43446,2702.0,825.0,27.2
14644,Indonesia,rice,1992,43446,2702.0,825.0,26.72
14645,Indonesia,rice,1992,43446,2702.0,825.0,27.4
14652,Indonesia,potato,1992,94481,2702.0,825.0,25.17
14653,Indonesia,potato,1992,94481,2702.0,825.0,26.96
14654,Indonesia,potato,1992,94481,2702.0,825.0,27.01
14655,Indonesia,potato,1992,94481,2702.0,825.0,27.2
14656,Indonesia,potato,1992,94481,2702.0,825.0,26.72
14657,Indonesia,potato,1992,94481,2702.0,825.0,27.4
14664,Indonesia,maize,1993,21975,2702.0,1597.0,25.46
14665,Indonesia,maize,1993,21975,2702.0,1597.0,27.04
14666,Indonesia,maize,1993,21975,2702.0,1597.0,26.9
14667,Indonesia,maize,1993,21975,2702.0,1597.0,27.21
14668,Indonesia,maize,1993,21975,2702.0,1597.0,26.88
14669,Indonesia,maize,1993,21975,2702.0,1597.0,27.51
14670,Indonesia,potato,1993,158338,2702.0,1597.0,25.46
14671,Indonesia,potato,1993,158338,2702.0,1597.0,27.04
14672,Indonesia,potato,1993,158338,2702.0,1597.0,26.9
14673,Indonesia,potato,1993,158338,2702.0,1597.0,27.21
14674,Indonesia,potato,1993,158338,2702.0,1597.0,26.88
14675,Indonesia,potato,1993,158338,2702.0,1597.0,27.51
14676,Indonesia,rice,1993,43750,2702.0,1597.0,25.46
14677,Indonesia,rice,1993,43750,2702.0,1597.0,27.04
14678,Indonesia,rice,1993,43750,2702.0,1597.0,26.9
14679,Indonesia,rice,1993,43750,2702.0,1597.0,27.21
14680,Indonesia,rice,1993,43750,2702.0,1597.0,26.88
14681,Indonesia,rice,1993,43750,2702.0,1597.0,27.51
14688,Indonesia,potato,1993,93183,2702.0,1597.0,25.46
14689,Indonesia,potato,1993,93183,2702.0,1597.0,27.04
14690,Indonesia,potato,1993,93183,2702.0,1597.0,26.9
14691,Indonesia,potato,1993,93183,2702.0,1597.0,27.21
14692,Indonesia,potato,1993,93183,2702.0,1597.0,26.88
14693,Indonesia,potato,1993,93183,2702.0,1597.0,27.51
14700,Indonesia,maize,1994,22091,2702.0,1597.0,25.21
14701,Indonesia,maize,1994,22091,2702.0,1597.0,27.12
14702,Indonesia,maize,1994,22091,2702.0,1597.0,26.97
14703,Indonesia,maize,1994,22091,2702.0,1597.0,27.34
14704,Indonesia,maize,1994,22091,2702.0,1597.0,26.56
14705,Indonesia,maize,1994,22091,2702.0,1597.0,27.18
14706,Indonesia,potato,1994,156474,2702.0,1597.0,25.21
14707,Indonesia,potato,1994,156474,2702.0,1597.0,27.12
14708,Indonesia,potato,1994,156474,2702.0,1597.0,26.97
14709,Indonesia,potato,1994,156474,2702.0,1597.0,27.34
14710,Indonesia,potato,1994,156474,2702.0,1597.0,26.56
14711,Indonesia,potato,1994,156474,2702.0,1597.0,27.18
14712,Indonesia,rice,1994,43453,2702.0,1597.0,25.21
14713,Indonesia,rice,1994,43453,2702.0,1597.0,27.12
14714,Indonesia,rice,1994,43453,2702.0,1597.0,26.97
14715,Indonesia,rice,1994,43453,2702.0,1597.0,27.34
14716,Indonesia,rice,1994,43453,2702.0,1597.0,26.56
14717,Indonesia,rice,1994,43453,2702.0,1597.0,27.18
14724,Indonesia,potato,1994,93583,2702.0,1597.0,25.21
14725,Indonesia,potato,1994,93583,2702.0,1597.0,27.12
14726,Indonesia,potato,1994,93583,2702.0,1597.0,26.97
14727,Indonesia,potato,1994,93583,2702.0,1597.0,27.34
14728,Indonesia,potato,1994,93583,2702.0,1597.0,26.56
14729,Indonesia,potato,1994,93583,2702.0,1597.0,27.18
14736,Indonesia,maize,1995,22580,2702.0,1597.0,25.46
14737,Indonesia,maize,1995,22580,2702.0,1597.0,27.15
14738,Indonesia,maize,1995,22580,2702.0,1597.0,27.08
14739,Indonesia,maize,1995,22580,2702.0,1597.0,27.28
14740,Indonesia,maize,1995,22580,2702.0,1597.0,26.74
14741,Indonesia,maize,1995,22580,2702.0,1597.0,27.32
14742,Indonesia,potato,1995,165939,2702.0,1597.0,25.46
14743,Indonesia,potato,1995,165939,2702.0,1597.0,27.15
14744,Indonesia,potato,1995,165939,2702.0,1597.0,27.08
14745,Indonesia,potato,1995,165939,2702.0,1597.0,27.28
14746,Indonesia,potato,1995,165939,2702.0,1597.0,26.74
14747,Indonesia,potato,1995,165939,2702.0,1597.0,27.32
14748,Indonesia,rice,1995,43487,2702.0,1597.0,25.46
14749,Indonesia,rice,1995,43487,2702.0,1597.0,27.15
14750,Indonesia,rice,1995,43487,2702.0,1597.0,27.08
14751,Indonesia,rice,1995,43487,2702.0,1597.0,27.28
14752,Indonesia,rice,1995,43487,2702.0,1597.0,26.74
14753,Indonesia,rice,1995,43487,2702.0,1597.0,27.32
14760,Indonesia,potato,1995,94939,2702.0,1597.0,25.46
14761,Indonesia,potato,1995,94939,2702.0,1597.0,27.15
14762,Indonesia,potato,1995,94939,2702.0,1597.0,27.08
14763,Indonesia,potato,1995,94939,2702.0,1597.0,27.28
14764,Indonesia,potato,1995,94939,2702.0,1597.0,26.74
14765,Indonesia,potato,1995,94939,2702.0,1597.0,27.32
14772,Indonesia,maize,1996,24862,2702.0,1597.0,25.41
14773,Indonesia,maize,1996,24862,2702.0,1597.0,27.07
14774,Indonesia,maize,1996,24862,2702.0,1597.0,27.0
14775,Indonesia,maize,1996,24862,2702.0,1597.0,27.2
14776,Indonesia,maize,1996,24862,2702.0,1597.0,26.83
14777,Indonesia,maize,1996,24862,2702.0,1597.0,27.53
14778,Indonesia,potato,1996,158631,2702.0,1597.0,25.41
14779,Indonesia,potato,1996,158631,2702.0,1597.0,27.07
14780,Indonesia,potato,1996,158631,2702.0,1597.0,27.0
14781,Indonesia,potato,1996,158631,2702.0,1597.0,27.2
14782,Indonesia,potato,1996,158631,2702.0,1597.0,26.83
14783,Indonesia,potato,1996,158631,2702.0,1597.0,27.53
14784,Indonesia,rice,1996,44168,2702.0,1597.0,25.41
14785,Indonesia,rice,1996,44168,2702.0,1597.0,27.07
14786,Indonesia,rice,1996,44168,2702.0,1597.0,27.0
14787,Indonesia,rice,1996,44168,2702.0,1597.0,27.2
14788,Indonesia,rice,1996,44168,2702.0,1597.0,26.83
14789,Indonesia,rice,1996,44168,2702.0,1597.0,27.53
14796,Indonesia,potato,1996,113547,2702.0,1597.0,25.41
14797,Indonesia,potato,1996,113547,2702.0,1597.0,27.07
14798,Indonesia,potato,1996,113547,2702.0,1597.0,27.0
14799,Indonesia,potato,1996,113547,2702.0,1597.0,27.2
14800,Indonesia,potato,1996,113547,2702.0,1597.0,26.83
14801,Indonesia,potato,1996,113547,2702.0,1597.0,27.53
14808,Indonesia,maize,1997,26141,2702.0,1597.0,25.52
14809,Indonesia,maize,1997,26141,2702.0,1597.0,27.37
14810,Indonesia,maize,1997,26141,2702.0,1597.0,27.26
14811,Indonesia,maize,1997,26141,2702.0,1597.0,27.62
14812,Indonesia,maize,1997,26141,2702.0,1597.0,26.83
14813,Indonesia,maize,1997,26141,2702.0,1597.0,27.46
14814,Indonesia,potato,1997,162061,2702.0,1597.0,25.52
14815,Indonesia,potato,1997,162061,2702.0,1597.0,27.37
14816,Indonesia,potato,1997,162061,2702.0,1597.0,27.26
14817,Indonesia,potato,1997,162061,2702.0,1597.0,27.62
14818,Indonesia,potato,1997,162061,2702.0,1597.0,26.83
14819,Indonesia,potato,1997,162061,2702.0,1597.0,27.46
14820,Indonesia,rice,1997,44322,2702.0,1597.0,25.52
14821,Indonesia,rice,1997,44322,2702.0,1597.0,27.37
14822,Indonesia,rice,1997,44322,2702.0,1597.0,27.26
14823,Indonesia,rice,1997,44322,2702.0,1597.0,27.62
14824,Indonesia,rice,1997,44322,2702.0,1597.0,26.83
14825,Indonesia,rice,1997,44322,2702.0,1597.0,27.46
14832,Indonesia,potato,1997,94532,2702.0,1597.0,25.52
14833,Indonesia,potato,1997,94532,2702.0,1597.0,27.37
14834,Indonesia,potato,1997,94532,2702.0,1597.0,27.26
14835,Indonesia,potato,1997,94532,2702.0,1597.0,27.62
14836,Indonesia,potato,1997,94532,2702.0,1597.0,26.83
14837,Indonesia,potato,1997,94532,2702.0,1597.0,27.46
14844,Indonesia,maize,1998,26526,2702.0,1597.0,25.81
14845,Indonesia,maize,1998,26526,2702.0,1597.0,27.58
14846,Indonesia,maize,1998,26526,2702.0,1597.0,27.72
14847,Indonesia,maize,1998,26526,2702.0,1597.0,27.77
14848,Indonesia,maize,1998,26526,2702.0,1597.0,27.28
14849,Indonesia,maize,1998,26526,2702.0,1597.0,27.9
14850,Indonesia,potato,1998,153432,2702.0,1597.0,25.81
14851,Indonesia,potato,1998,153432,2702.0,1597.0,27.58
14852,Indonesia,potato,1998,153432,2702.0,1597.0,27.72
14853,Indonesia,potato,1998,153432,2702.0,1597.0,27.77
14854,Indonesia,potato,1998,153432,2702.0,1597.0,27.28
14855,Indonesia,potato,1998,153432,2702.0,1597.0,27.9
14856,Indonesia,rice,1998,41974,2702.0,1597.0,25.81
14857,Indonesia,rice,1998,41974,2702.0,1597.0,27.58
14858,Indonesia,rice,1998,41974,2702.0,1597.0,27.72
14859,Indonesia,rice,1998,41974,2702.0,1597.0,27.77
14860,Indonesia,rice,1998,41974,2702.0,1597.0,27.28
14861,Indonesia,rice,1998,41974,2702.0,1597.0,27.9
14868,Indonesia,potato,1998,95750,2702.0,1597.0,25.81
14869,Indonesia,potato,1998,95750,2702.0,1597.0,27.58
14870,Indonesia,potato,1998,95750,2702.0,1597.0,27.72
14871,Indonesia,potato,1998,95750,2702.0,1597.0,27.77
14872,Indonesia,potato,1998,95750,2702.0,1597.0,27.28
14873,Indonesia,potato,1998,95750,2702.0,1597.0,27.9
14880,Indonesia,maize,1999,26629,2702.0,1597.0,25.26
14881,Indonesia,maize,1999,26629,2702.0,1597.0,27.01
14882,Indonesia,maize,1999,26629,2702.0,1597.0,26.82
14883,Indonesia,maize,1999,26629,2702.0,1597.0,27.17
14884,Indonesia,maize,1999,26629,2702.0,1597.0,26.62
14885,Indonesia,maize,1999,26629,2702.0,1597.0,27.32
14886,Indonesia,potato,1999,147199,2702.0,1597.0,25.26
14887,Indonesia,potato,1999,147199,2702.0,1597.0,27.01
14888,Indonesia,potato,1999,147199,2702.0,1597.0,26.82
14889,Indonesia,potato,1999,147199,2702.0,1597.0,27.17
14890,Indonesia,potato,1999,147199,2702.0,1597.0,26.62
14891,Indonesia,potato,1999,147199,2702.0,1597.0,27.32
14892,Indonesia,rice,1999,42519,2702.0,1597.0,25.26
14893,Indonesia,rice,1999,42519,2702.0,1597.0,27.01
14894,Indonesia,rice,1999,42519,2702.0,1597.0,26.82
14895,Indonesia,rice,1999,42519,2702.0,1597.0,27.17
14896,Indonesia,rice,1999,42519,2702.0,1597.0,26.62
14897,Indonesia,rice,1999,42519,2702.0,1597.0,27.32
14904,Indonesia,potato,1999,96698,2702.0,1597.0,25.26
14905,Indonesia,potato,1999,96698,2702.0,1597.0,27.01
14906,Indonesia,potato,1999,96698,2702.0,1597.0,26.82
14907,Indonesia,potato,1999,96698,2702.0,1597.0,27.17
14908,Indonesia,potato,1999,96698,2702.0,1597.0,26.62
14909,Indonesia,potato,1999,96698,2702.0,1597.0,27.32
14916,Indonesia,maize,2000,27649,2702.0,1597.0,25.46
14917,Indonesia,maize,2000,27649,2702.0,1597.0,27.2
14918,Indonesia,maize,2000,27649,2702.0,1597.0,27.1
14919,Indonesia,maize,2000,27649,2702.0,1597.0,27.23
14920,Indonesia,maize,2000,27649,2702.0,1597.0,26.77
14921,Indonesia,maize,2000,27649,2702.0,1597.0,27.44
14922,Indonesia,potato,2000,133759,2702.0,1597.0,25.46
14923,Indonesia,potato,2000,133759,2702.0,1597.0,27.2
14924,Indonesia,potato,2000,133759,2702.0,1597.0,27.1
14925,Indonesia,potato,2000,133759,2702.0,1597.0,27.23
14926,Indonesia,potato,2000,133759,2702.0,1597.0,26.77
14927,Indonesia,potato,2000,133759,2702.0,1597.0,27.44
14928,Indonesia,rice,2000,44007,2702.0,1597.0,25.46
14929,Indonesia,rice,2000,44007,2702.0,1597.0,27.2
14930,Indonesia,rice,2000,44007,2702.0,1597.0,27.1
14931,Indonesia,rice,2000,44007,2702.0,1597.0,27.23
14932,Indonesia,rice,2000,44007,2702.0,1597.0,26.77
14933,Indonesia,rice,2000,44007,2702.0,1597.0,27.44
14940,Indonesia,potato,2000,94211,2702.0,1597.0,25.46
14941,Indonesia,potato,2000,94211,2702.0,1597.0,27.2
14942,Indonesia,potato,2000,94211,2702.0,1597.0,27.1
14943,Indonesia,potato,2000,94211,2702.0,1597.0,27.23
14944,Indonesia,potato,2000,94211,2702.0,1597.0,26.77
14945,Indonesia,potato,2000,94211,2702.0,1597.0,27.44
14952,Indonesia,maize,2001,28446,2702.0,1597.0,25.43
14953,Indonesia,maize,2001,28446,2702.0,1597.0,27.13
14954,Indonesia,maize,2001,28446,2702.0,1597.0,27.26
14955,Indonesia,maize,2001,28446,2702.0,1597.0,27.32
14956,Indonesia,maize,2001,28446,2702.0,1597.0,26.81
14957,Indonesia,maize,2001,28446,2702.0,1597.0,27.52
14958,Indonesia,potato,2001,148495,2702.0,1597.0,25.43
14959,Indonesia,potato,2001,148495,2702.0,1597.0,27.13
14960,Indonesia,potato,2001,148495,2702.0,1597.0,27.26
14961,Indonesia,potato,2001,148495,2702.0,1597.0,27.32
14962,Indonesia,potato,2001,148495,2702.0,1597.0,26.81
14963,Indonesia,potato,2001,148495,2702.0,1597.0,27.52
14964,Indonesia,rice,2001,43879,2702.0,1597.0,25.43
14965,Indonesia,rice,2001,43879,2702.0,1597.0,27.13
14966,Indonesia,rice,2001,43879,2702.0,1597.0,27.26
14967,Indonesia,rice,2001,43879,2702.0,1597.0,27.32
14968,Indonesia,rice,2001,43879,2702.0,1597.0,26.81
14969,Indonesia,rice,2001,43879,2702.0,1597.0,27.52
14976,Indonesia,potato,2001,96634,2702.0,1597.0,25.43
14977,Indonesia,potato,2001,96634,2702.0,1597.0,27.13
14978,Indonesia,potato,2001,96634,2702.0,1597.0,27.26
14979,Indonesia,potato,2001,96634,2702.0,1597.0,27.32
14980,Indonesia,potato,2001,96634,2702.0,1597.0,26.81
14981,Indonesia,potato,2001,96634,2702.0,1597.0,27.52
14988,Indonesia,maize,2002,30655,2702.0,1597.0,25.64
14989,Indonesia,maize,2002,30655,2702.0,1597.0,27.4
14990,Indonesia,maize,2002,30655,2702.0,1597.0,27.5
14991,Indonesia,maize,2002,30655,2702.0,1597.0,27.49
14992,Indonesia,maize,2002,30655,2702.0,1597.0,27.01
14993,Indonesia,maize,2002,30655,2702.0,1597.0,27.71
14994,Indonesia,potato,2002,155903,2702.0,1597.0,25.64
14995,Indonesia,potato,2002,155903,2702.0,1597.0,27.4
14996,Indonesia,potato,2002,155903,2702.0,1597.0,27.5
14997,Indonesia,potato,2002,155903,2702.0,1597.0,27.49
14998,Indonesia,potato,2002,155903,2702.0,1597.0,27.01
14999,Indonesia,potato,2002,155903,2702.0,1597.0,27.71
15000,Indonesia,rice,2002,44691,2702.0,1597.0,25.64
15001,Indonesia,rice,2002,44691,2702.0,1597.0,27.4
15002,Indonesia,rice,2002,44691,2702.0,1597.0,27.5
15003,Indonesia,rice,2002,44691,2702.0,1597.0,27.49
15004,Indonesia,rice,2002,44691,2702.0,1597.0,27.01
15005,Indonesia,rice,2002,44691,2702.0,1597.0,27.71
15012,Indonesia,potato,2002,99940,2702.0,1597.0,25.64
15013,Indonesia,potato,2002,99940,2702.0,1597.0,27.4
15014,Indonesia,potato,2002,99940,2702.0,1597.0,27.5
15015,Indonesia,potato,2002,99940,2702.0,1597.0,27.49
15016,Indonesia,potato,2002,99940,2702.0,1597.0,27.01
15017,Indonesia,potato,2002,99940,2702.0,1597.0,27.71
15024,Indonesia,maize,2004,33439,2702.0,1597.0,25.67
15025,Indonesia,maize,2004,33439,2702.0,1597.0,27.42
15026,Indonesia,maize,2004,33439,2702.0,1597.0,27.32
15027,Indonesia,maize,2004,33439,2702.0,1597.0,27.57
15028,Indonesia,maize,2004,33439,2702.0,1597.0,26.97
15029,Indonesia,maize,2004,33439,2702.0,1597.0,27.69
15030,Indonesia,potato,2004,163870,2702.0,1597.0,25.67
15031,Indonesia,potato,2004,163870,2702.0,1597.0,27.42
15032,Indonesia,potato,2004,163870,2702.0,1597.0,27.32
15033,Indonesia,potato,2004,163870,2702.0,1597.0,27.57
15034,Indonesia,potato,2004,163870,2702.0,1597.0,26.97
15035,Indonesia,potato,2004,163870,2702.0,1597.0,27.69
15036,Indonesia,rice,2004,45365,2702.0,1597.0,25.67
15037,Indonesia,rice,2004,45365,2702.0,1597.0,27.42
15038,Indonesia,rice,2004,45365,2702.0,1597.0,27.32
15039,Indonesia,rice,2004,45365,2702.0,1597.0,27.57
15040,Indonesia,rice,2004,45365,2702.0,1597.0,26.97
15041,Indonesia,rice,2004,45365,2702.0,1597.0,27.69
15048,Indonesia,potato,2004,103053,2702.0,1597.0,25.67
15049,Indonesia,potato,2004,103053,2702.0,1597.0,27.42
15050,Indonesia,potato,2004,103053,2702.0,1597.0,27.32
15051,Indonesia,potato,2004,103053,2702.0,1597.0,27.57
15052,Indonesia,potato,2004,103053,2702.0,1597.0,26.97
15053,Indonesia,potato,2004,103053,2702.0,1597.0,27.69
15060,Indonesia,maize,2005,34539,2702.0,1597.0,25.59
15061,Indonesia,maize,2005,34539,2702.0,1597.0,27.22
15062,Indonesia,maize,2005,34539,2702.0,1597.0,27.48
15063,Indonesia,maize,2005,34539,2702.0,1597.0,27.44
15064,Indonesia,maize,2005,34539,2702.0,1597.0,27.11
15065,Indonesia,maize,2005,34539,2702.0,1597.0,27.77
15066,Indonesia,potato,2005,164014,2702.0,1597.0,25.59
15067,Indonesia,potato,2005,164014,2702.0,1597.0,27.22
15068,Indonesia,potato,2005,164014,2702.0,1597.0,27.48
15069,Indonesia,potato,2005,164014,2702.0,1597.0,27.44
15070,Indonesia,potato,2005,164014,2702.0,1597.0,27.11
15071,Indonesia,potato,2005,164014,2702.0,1597.0,27.77
15072,Indonesia,rice,2005,45739,2702.0,1597.0,25.59
15073,Indonesia,rice,2005,45739,2702.0,1597.0,27.22
15074,Indonesia,rice,2005,45739,2702.0,1597.0,27.48
15075,Indonesia,rice,2005,45739,2702.0,1597.0,27.44
15076,Indonesia,rice,2005,45739,2702.0,1597.0,27.11
15077,Indonesia,rice,2005,45739,2702.0,1597.0,27.77
15084,Indonesia,potato,2005,104128,2702.0,1597.0,25.59
15085,Indonesia,potato,2005,104128,2702.0,1597.0,27.22
15086,Indonesia,potato,2005,104128,2702.0,1597.0,27.48
15087,Indonesia,potato,2005,104128,2702.0,1597.0,27.44
15088,Indonesia,potato,2005,104128,2702.0,1597.0,27.11
15089,Indonesia,potato,2005,104128,2702.0,1597.0,27.77
15096,Indonesia,maize,2006,34699,2702.0,1597.0,25.66
15097,Indonesia,maize,2006,34699,2702.0,1597.0,27.39
15098,Indonesia,maize,2006,34699,2702.0,1597.0,27.21
15099,Indonesia,maize,2006,34699,2702.0,1597.0,27.55
15100,Indonesia,maize,2006,34699,2702.0,1597.0,26.98
15101,Indonesia,maize,2006,34699,2702.0,1597.0,27.55
15102,Indonesia,potato,2006,169363,2702.0,1597.0,25.66
15103,Indonesia,potato,2006,169363,2702.0,1597.0,27.39
15104,Indonesia,potato,2006,169363,2702.0,1597.0,27.21
15105,Indonesia,potato,2006,169363,2702.0,1597.0,27.55
15106,Indonesia,potato,2006,169363,2702.0,1597.0,26.98
15107,Indonesia,potato,2006,169363,2702.0,1597.0,27.55
15108,Indonesia,rice,2006,46201,2702.0,1597.0,25.66
15109,Indonesia,rice,2006,46201,2702.0,1597.0,27.39
15110,Indonesia,rice,2006,46201,2702.0,1597.0,27.21
15111,Indonesia,rice,2006,46201,2702.0,1597.0,27.55
15112,Indonesia,rice,2006,46201,2702.0,1597.0,26.98
15113,Indonesia,rice,2006,46201,2702.0,1597.0,27.55
15120,Indonesia,potato,2006,105267,2702.0,1597.0,25.66
15121,Indonesia,potato,2006,105267,2702.0,1597.0,27.39
15122,Indonesia,potato,2006,105267,2702.0,1597.0,27.21
15123,Indonesia,potato,2006,105267,2702.0,1597.0,27.55
15124,Indonesia,potato,2006,105267,2702.0,1597.0,26.98
15125,Indonesia,potato,2006,105267,2702.0,1597.0,27.55
15132,Indonesia,maize,2007,36601,2702.0,1597.0,25.5
15133,Indonesia,maize,2007,36601,2702.0,1597.0,27.21
15134,Indonesia,maize,2007,36601,2702.0,1597.0,27.14
15135,Indonesia,maize,2007,36601,2702.0,1597.0,27.29
15136,Indonesia,maize,2007,36601,2702.0,1597.0,26.88
15137,Indonesia,maize,2007,36601,2702.0,1597.0,27.49
15138,Indonesia,potato,2007,160919,2702.0,1597.0,25.5
15139,Indonesia,potato,2007,160919,2702.0,1597.0,27.21
15140,Indonesia,potato,2007,160919,2702.0,1597.0,27.14
15141,Indonesia,potato,2007,160919,2702.0,1597.0,27.29
15142,Indonesia,potato,2007,160919,2702.0,1597.0,26.88
15143,Indonesia,potato,2007,160919,2702.0,1597.0,27.49
15144,Indonesia,rice,2007,47052,2702.0,1597.0,25.5
15145,Indonesia,rice,2007,47052,2702.0,1597.0,27.21
15146,Indonesia,rice,2007,47052,2702.0,1597.0,27.14
15147,Indonesia,rice,2007,47052,2702.0,1597.0,27.29
15148,Indonesia,rice,2007,47052,2702.0,1597.0,26.88
15149,Indonesia,rice,2007,47052,2702.0,1597.0,27.49
15156,Indonesia,potato,2007,106643,2702.0,1597.0,25.5
15157,Indonesia,potato,2007,106643,2702.0,1597.0,27.21
15158,Indonesia,potato,2007,106643,2702.0,1597.0,27.14
15159,Indonesia,potato,2007,106643,2702.0,1597.0,27.29
15160,Indonesia,potato,2007,106643,2702.0,1597.0,26.88
15161,Indonesia,potato,2007,106643,2702.0,1597.0,27.49
15168,Indonesia,maize,2008,40776,2702.0,1597.0,25.32
15169,Indonesia,maize,2008,40776,2702.0,1597.0,26.97
15170,Indonesia,maize,2008,40776,2702.0,1597.0,27.03
15171,Indonesia,maize,2008,40776,2702.0,1597.0,27.18
15172,Indonesia,maize,2008,40776,2702.0,1597.0,26.65
15173,Indonesia,maize,2008,40776,2702.0,1597.0,27.34
15174,Indonesia,potato,2008,166719,2702.0,1597.0,25.32
15175,Indonesia,potato,2008,166719,2702.0,1597.0,26.97
15176,Indonesia,potato,2008,166719,2702.0,1597.0,27.03
15177,Indonesia,potato,2008,166719,2702.0,1597.0,27.18
15178,Indonesia,potato,2008,166719,2702.0,1597.0,26.65
15179,Indonesia,potato,2008,166719,2702.0,1597.0,27.34
15180,Indonesia,rice,2008,48948,2702.0,1597.0,25.32
15181,Indonesia,rice,2008,48948,2702.0,1597.0,26.97
15182,Indonesia,rice,2008,48948,2702.0,1597.0,27.03
15183,Indonesia,rice,2008,48948,2702.0,1597.0,27.18
15184,Indonesia,rice,2008,48948,2702.0,1597.0,26.65
15185,Indonesia,rice,2008,48948,2702.0,1597.0,27.34
15192,Indonesia,potato,2008,107743,2702.0,1597.0,25.32
15193,Indonesia,potato,2008,107743,2702.0,1597.0,26.97
15194,Indonesia,potato,2008,107743,2702.0,1597.0,27.03
15195,Indonesia,potato,2008,107743,2702.0,1597.0,27.18
15196,Indonesia,potato,2008,107743,2702.0,1597.0,26.65
15197,Indonesia,potato,2008,107743,2702.0,1597.0,27.34
15204,Indonesia,maize,2009,42372,2702.0,1597.0,25.54
15205,Indonesia,maize,2009,42372,2702.0,1597.0,27.31
15206,Indonesia,maize,2009,42372,2702.0,1597.0,27.3
15207,Indonesia,maize,2009,42372,2702.0,1597.0,27.63
15208,Indonesia,maize,2009,42372,2702.0,1597.0,26.98
15209,Indonesia,maize,2009,42372,2702.0,1597.0,27.69
15210,Indonesia,potato,2009,165123,2702.0,1597.0,25.54
15211,Indonesia,potato,2009,165123,2702.0,1597.0,27.31
15212,Indonesia,potato,2009,165123,2702.0,1597.0,27.3
15213,Indonesia,potato,2009,165123,2702.0,1597.0,27.63
15214,Indonesia,potato,2009,165123,2702.0,1597.0,26.98
15215,Indonesia,potato,2009,165123,2702.0,1597.0,27.69
15216,Indonesia,rice,2009,49985,2702.0,1597.0,25.54
15217,Indonesia,rice,2009,49985,2702.0,1597.0,27.31
15218,Indonesia,rice,2009,49985,2702.0,1597.0,27.3
15219,Indonesia,rice,2009,49985,2702.0,1597.0,27.63
15220,Indonesia,rice,2009,49985,2702.0,1597.0,26.98
15221,Indonesia,rice,2009,49985,2702.0,1597.0,27.69
15228,Indonesia,potato,2009,111920,2702.0,1597.0,25.54
15229,Indonesia,potato,2009,111920,2702.0,1597.0,27.31
15230,Indonesia,potato,2009,111920,2702.0,1597.0,27.3
15231,Indonesia,potato,2009,111920,2702.0,1597.0,27.63
15232,Indonesia,potato,2009,111920,2702.0,1597.0,26.98
15233,Indonesia,potato,2009,111920,2702.0,1597.0,27.69
15240,Indonesia,maize,2010,44359,2702.0,1597.0,25.57
15241,Indonesia,maize,2010,44359,2702.0,1597.0,27.25
15242,Indonesia,maize,2010,44359,2702.0,1597.0,27.69
15243,Indonesia,maize,2010,44359,2702.0,1597.0,27.46
15244,Indonesia,maize,2010,44359,2702.0,1597.0,26.94
15245,Indonesia,maize,2010,44359,2702.0,1597.0,27.55
15246,Indonesia,potato,2010,159445,2702.0,1597.0,25.57
15247,Indonesia,potato,2010,159445,2702.0,1597.0,27.25
15248,Indonesia,potato,2010,159445,2702.0,1597.0,27.69
15249,Indonesia,potato,2010,159445,2702.0,1597.0,27.46
15250,Indonesia,potato,2010,159445,2702.0,1597.0,26.94
15251,Indonesia,potato,2010,159445,2702.0,1597.0,27.55
15252,Indonesia,rice,2010,50153,2702.0,1597.0,25.57
15253,Indonesia,rice,2010,50153,2702.0,1597.0,27.25
15254,Indonesia,rice,2010,50153,2702.0,1597.0,27.69
15255,Indonesia,rice,2010,50153,2702.0,1597.0,27.46
15256,Indonesia,rice,2010,50153,2702.0,1597.0,26.94
15257,Indonesia,rice,2010,50153,2702.0,1597.0,27.55
15264,Indonesia,potato,2010,113272,2702.0,1597.0,25.57
15265,Indonesia,potato,2010,113272,2702.0,1597.0,27.25
15266,Indonesia,potato,2010,113272,2702.0,1597.0,27.69
15267,Indonesia,potato,2010,113272,2702.0,1597.0,27.46
15268,Indonesia,potato,2010,113272,2702.0,1597.0,26.94
15269,Indonesia,potato,2010,113272,2702.0,1597.0,27.55
15276,Indonesia,maize,2011,45652,2702.0,1597.0,25.38
15277,Indonesia,maize,2011,45652,2702.0,1597.0,27.24
15278,Indonesia,maize,2011,45652,2702.0,1597.0,27.19
15279,Indonesia,maize,2011,45652,2702.0,1597.0,27.39
15280,Indonesia,maize,2011,45652,2702.0,1597.0,26.63
15281,Indonesia,maize,2011,45652,2702.0,1597.0,27.19
15282,Indonesia,potato,2011,159562,2702.0,1597.0,25.38
15283,Indonesia,potato,2011,159562,2702.0,1597.0,27.24
15284,Indonesia,potato,2011,159562,2702.0,1597.0,27.19
15285,Indonesia,potato,2011,159562,2702.0,1597.0,27.39
15286,Indonesia,potato,2011,159562,2702.0,1597.0,26.63
15287,Indonesia,potato,2011,159562,2702.0,1597.0,27.19
15288,Indonesia,rice,2011,49802,2702.0,1597.0,25.38
15289,Indonesia,rice,2011,49802,2702.0,1597.0,27.24
15290,Indonesia,rice,2011,49802,2702.0,1597.0,27.19
15291,Indonesia,rice,2011,49802,2702.0,1597.0,27.39
15292,Indonesia,rice,2011,49802,2702.0,1597.0,26.63
15293,Indonesia,rice,2011,49802,2702.0,1597.0,27.19
15300,Indonesia,potato,2011,123289,2702.0,1597.0,25.38
15301,Indonesia,potato,2011,123289,2702.0,1597.0,27.24
15302,Indonesia,potato,2011,123289,2702.0,1597.0,27.19
15303,Indonesia,potato,2011,123289,2702.0,1597.0,27.39
15304,Indonesia,potato,2011,123289,2702.0,1597.0,26.63
15305,Indonesia,potato,2011,123289,2702.0,1597.0,27.19
15312,Indonesia,maize,2012,48987,2702.0,1597.0,25.59
15313,Indonesia,maize,2012,48987,2702.0,1597.0,27.36
15314,Indonesia,maize,2012,48987,2702.0,1597.0,27.37
15315,Indonesia,maize,2012,48987,2702.0,1597.0,27.49
15316,Indonesia,maize,2012,48987,2702.0,1597.0,26.87
15317,Indonesia,maize,2012,48987,2702.0,1597.0,27.48
15318,Indonesia,potato,2012,165820,2702.0,1597.0,25.59
15319,Indonesia,potato,2012,165820,2702.0,1597.0,27.36
15320,Indonesia,potato,2012,165820,2702.0,1597.0,27.37
15321,Indonesia,potato,2012,165820,2702.0,1597.0,27.49
15322,Indonesia,potato,2012,165820,2702.0,1597.0,26.87
15323,Indonesia,potato,2012,165820,2702.0,1597.0,27.48
15324,Indonesia,rice,2012,51360,2702.0,1597.0,25.59
15325,Indonesia,rice,2012,51360,2702.0,1597.0,27.36
15326,Indonesia,rice,2012,51360,2702.0,1597.0,27.37
15327,Indonesia,rice,2012,51360,2702.0,1597.0,27.49
15328,Indonesia,rice,2012,51360,2702.0,1597.0,26.87
15329,Indonesia,rice,2012,51360,2702.0,1597.0,27.48
15336,Indonesia,potato,2012,139290,2702.0,1597.0,25.59
15337,Indonesia,potato,2012,139290,2702.0,1597.0,27.36
15338,Indonesia,potato,2012,139290,2702.0,1597.0,27.37
15339,Indonesia,potato,2012,139290,2702.0,1597.0,27.49
15340,Indonesia,potato,2012,139290,2702.0,1597.0,26.87
15341,Indonesia,potato,2012,139290,2702.0,1597.0,27.48
15348,Indonesia,maize,2013,48441,2702.0,1597.0,25.48
15349,Indonesia,maize,2013,48441,2702.0,1597.0,27.37
15350,Indonesia,maize,2013,48441,2702.0,1597.0,27.88
15351,Indonesia,maize,2013,48441,2702.0,1597.0,27.34
15352,Indonesia,maize,2013,48441,2702.0,1597.0,26.72
15353,Indonesia,maize,2013,48441,2702.0,1597.0,27.3
15354,Indonesia,potato,2013,160184,2702.0,1597.0,25.48
15355,Indonesia,potato,2013,160184,2702.0,1597.0,27.37
15356,Indonesia,potato,2013,160184,2702.0,1597.0,27.88
15357,Indonesia,potato,2013,160184,2702.0,1597.0,27.34
15358,Indonesia,potato,2013,160184,2702.0,1597.0,26.72
15359,Indonesia,potato,2013,160184,2702.0,1597.0,27.3
15360,Indonesia,rice,2013,51520,2702.0,1597.0,25.48
15361,Indonesia,rice,2013,51520,2702.0,1597.0,27.37
15362,Indonesia,rice,2013,51520,2702.0,1597.0,27.88
15363,Indonesia,rice,2013,51520,2702.0,1597.0,27.34
15364,Indonesia,rice,2013,51520,2702.0,1597.0,26.72
15365,Indonesia,rice,2013,51520,2702.0,1597.0,27.3
15372,Indonesia,potato,2013,147465,2702.0,1597.0,25.48
15373,Indonesia,potato,2013,147465,2702.0,1597.0,27.37
15374,Indonesia,potato,2013,147465,2702.0,1597.0,27.88
15375,Indonesia,potato,2013,147465,2702.0,1597.0,27.34
15376,Indonesia,potato,2013,147465,2702.0,1597.0,26.72
15377,Indonesia,potato,2013,147465,2702.0,1597.0,27.3
15378,Iraq,maize,1990,24814,216.0,692.0,23.41
15379,Iraq,maize,1990,24814,216.0,692.0,19.76
15380,Iraq,potato,1990,166681,216.0,692.0,23.41
15381,Iraq,potato,1990,166681,216.0,692.0,19.76
15382,Iraq,rice,1990,28889,216.0,692.0,23.41
15383,Iraq,rice,1990,28889,216.0,692.0,19.76
15390,Iraq,maize,1991,21857,216.0,692.0,23.21
15391,Iraq,maize,1991,21857,216.0,692.0,19.68
15392,Iraq,potato,1991,138029,216.0,692.0,23.21
15393,Iraq,potato,1991,138029,216.0,692.0,19.68
15394,Iraq,rice,1991,22008,216.0,692.0,23.21
15395,Iraq,rice,1991,22008,216.0,692.0,19.68
15402,Iraq,maize,1992,20046,216.0,692.0,21.52
15403,Iraq,maize,1992,20046,216.0,692.0,17.76
15404,Iraq,potato,1992,179167,216.0,692.0,21.52
15405,Iraq,potato,1992,179167,216.0,692.0,17.76
15406,Iraq,rice,1992,18947,216.0,692.0,21.52
15407,Iraq,rice,1992,18947,216.0,692.0,17.76
15414,Iraq,maize,1993,19310,216.0,692.0,22.86
15415,Iraq,maize,1993,19310,216.0,692.0,18.75
15416,Iraq,potato,1993,174739,216.0,692.0,22.86
15417,Iraq,potato,1993,174739,216.0,692.0,18.75
15418,Iraq,rice,1993,18727,216.0,692.0,22.86
15419,Iraq,rice,1993,18727,216.0,692.0,18.75
15426,Iraq,maize,1994,21333,216.0,692.0,23.47
15427,Iraq,maize,1994,21333,216.0,692.0,20.02
15428,Iraq,potato,1994,166360,216.0,692.0,23.47
15429,Iraq,potato,1994,166360,216.0,692.0,20.02
15430,Iraq,rice,1994,23497,216.0,692.0,23.47
15431,Iraq,rice,1994,23497,216.0,692.0,20.02
15438,Iraq,maize,1995,14286,216.0,816.0,23.32
15439,Iraq,maize,1995,14286,216.0,816.0,19.86
15440,Iraq,potato,1995,160385,216.0,816.0,23.32
15441,Iraq,potato,1995,160385,216.0,816.0,19.86
15442,Iraq,rice,1995,18000,216.0,816.0,23.32
15443,Iraq,rice,1995,18000,216.0,816.0,19.86
15450,Iraq,maize,1996,20833,216.0,616.0,23.96
15451,Iraq,maize,1996,20833,216.0,616.0,20.13
15452,Iraq,potato,1996,177576,216.0,616.0,23.96
15453,Iraq,potato,1996,177576,216.0,616.0,20.13
15454,Iraq,rice,1996,22500,216.0,616.0,23.96
15455,Iraq,rice,1996,22500,216.0,616.0,20.13
15462,Iraq,maize,1997,19836,216.0,848.0,22.74
15463,Iraq,maize,1997,19836,216.0,848.0,19.23
15464,Iraq,potato,1997,154474,216.0,848.0,22.74
15465,Iraq,potato,1997,154474,216.0,848.0,19.23
15466,Iraq,rice,1997,20165,216.0,848.0,22.74
15467,Iraq,rice,1997,20165,216.0,848.0,19.23
15474,Iraq,maize,1998,21803,216.0,755.0,24.33
15475,Iraq,maize,1998,21803,216.0,755.0,20.65
15476,Iraq,potato,1998,155263,216.0,755.0,24.33
15477,Iraq,potato,1998,155263,216.0,755.0,20.65
15478,Iraq,rice,1998,23438,216.0,755.0,24.33
15479,Iraq,rice,1998,23438,216.0,755.0,20.65
15486,Iraq,maize,1999,19167,216.0,508.0,24.42
15487,Iraq,maize,1999,19167,216.0,508.0,20.85
15488,Iraq,potato,1999,164972,216.0,508.0,24.42
15489,Iraq,potato,1999,164972,216.0,508.0,20.85
15490,Iraq,rice,1999,13846,216.0,508.0,24.42
15491,Iraq,rice,1999,13846,216.0,508.0,20.85
15498,Iraq,maize,2000,7560,216.0,548.0,23.9
15499,Iraq,maize,2000,7560,216.0,548.0,20.28
15500,Iraq,potato,2000,140645,216.0,548.0,23.9
15501,Iraq,potato,2000,140645,216.0,548.0,20.28
15502,Iraq,rice,2000,6000,216.0,548.0,23.9
15503,Iraq,rice,2000,6000,216.0,548.0,20.28
15510,Iraq,maize,2001,23613,216.0,837.47,24.45
15511,Iraq,maize,2001,23613,216.0,837.47,20.8
15512,Iraq,potato,2001,163947,216.0,837.47,24.45
15513,Iraq,potato,2001,163947,216.0,837.47,20.8
15514,Iraq,rice,2001,12800,216.0,837.47,24.45
15515,Iraq,rice,2001,12800,216.0,837.47,20.8
15522,Iraq,maize,2002,24433,216.0,878.68,23.76
15523,Iraq,maize,2002,24433,216.0,878.68,20.1
15524,Iraq,potato,2002,170047,216.0,878.68,23.76
15525,Iraq,potato,2002,170047,216.0,878.68,20.1
15526,Iraq,rice,2002,25000,216.0,878.68,23.76
15527,Iraq,rice,2002,25000,216.0,878.68,20.1
15534,Iraq,maize,2004,22486,216.0,828.62,23.72
15535,Iraq,maize,2004,22486,216.0,828.62,20.0
15536,Iraq,potato,2004,162581,216.0,828.62,23.72
15537,Iraq,potato,2004,162581,216.0,828.62,20.0
15538,Iraq,rice,2004,28409,216.0,828.62,23.72
15539,Iraq,rice,2004,28409,216.0,828.62,20.0
15546,Iraq,maize,2005,23079,216.0,873.01,23.58
15547,Iraq,maize,2005,23079,216.0,873.01,19.96
15548,Iraq,potato,2005,158431,216.0,873.01,23.58
15549,Iraq,potato,2005,158431,216.0,873.01,19.96
15550,Iraq,rice,2005,28879,216.0,873.01,23.58
15551,Iraq,rice,2005,28879,216.0,873.01,19.96
15558,Iraq,maize,2006,24255,216.0,824.14,23.82
15559,Iraq,maize,2006,24255,216.0,824.14,20.12
15560,Iraq,potato,2006,176444,216.0,824.14,23.82
15561,Iraq,potato,2006,176444,216.0,824.14,20.12
15562,Iraq,rice,2006,28867,216.0,824.14,23.82
15563,Iraq,rice,2006,28867,216.0,824.14,20.12
15570,Iraq,maize,2007,24774,216.0,1062.61,23.92
15571,Iraq,maize,2007,24774,216.0,1062.61,20.12
15572,Iraq,potato,2007,179580,216.0,1062.61,23.92
15573,Iraq,potato,2007,179580,216.0,1062.61,20.12
15574,Iraq,rice,2007,31630,216.0,1062.61,23.92
15575,Iraq,rice,2007,31630,216.0,1062.61,20.12
15582,Iraq,maize,2008,23492,216.0,1245.94,24.09
15583,Iraq,maize,2008,23492,216.0,1245.94,20.46
15584,Iraq,potato,2008,105689,216.0,1245.94,24.09
15585,Iraq,potato,2008,105689,216.0,1245.94,20.46
15586,Iraq,rice,2008,29281,216.0,1245.94,24.09
15587,Iraq,rice,2008,29281,216.0,1245.94,20.46
15594,Iraq,maize,2009,20878,216.0,1429.27,23.87
15595,Iraq,maize,2009,20878,216.0,1429.27,20.26
15596,Iraq,potato,2009,113307,216.0,1429.27,23.87
15597,Iraq,potato,2009,113307,216.0,1429.27,20.26
15598,Iraq,rice,2009,31511,216.0,1429.27,23.87
15599,Iraq,rice,2009,31511,216.0,1429.27,20.26
15606,Iraq,maize,2010,23586,216.0,1612.61,25.49
15607,Iraq,maize,2010,23586,216.0,1612.61,21.97
15608,Iraq,potato,2010,157177,216.0,1612.61,25.49
15609,Iraq,potato,2010,157177,216.0,1612.61,21.97
15610,Iraq,rice,2010,32482,216.0,1612.61,25.49
15611,Iraq,rice,2010,32482,216.0,1612.61,21.97
15618,Iraq,maize,2011,26077,216.0,1795.94,23.44
15619,Iraq,maize,2011,26077,216.0,1795.94,19.78
15620,Iraq,potato,2011,137820,216.0,1795.94,23.44
15621,Iraq,potato,2011,137820,216.0,1795.94,19.78
15622,Iraq,rice,2011,35762,216.0,1795.94,23.44
15623,Iraq,rice,2011,35762,216.0,1795.94,19.78
15630,Iraq,maize,2012,33444,216.0,1979.27,24.34
15631,Iraq,maize,2012,33444,216.0,1979.27,20.7
15632,Iraq,potato,2012,134713,216.0,1979.27,24.34
15633,Iraq,potato,2012,134713,216.0,1979.27,20.7
15634,Iraq,rice,2012,45468,216.0,1979.27,24.34
15635,Iraq,rice,2012,45468,216.0,1979.27,20.7
15642,Iraq,maize,2013,42214,216.0,2162.6,25.14
15643,Iraq,maize,2013,42214,216.0,2162.6,21.77
15644,Iraq,potato,2013,170599,216.0,2162.6,25.14
15645,Iraq,potato,2013,170599,216.0,2162.6,21.77
15646,Iraq,rice,2013,47162,216.0,2162.6,25.14
15647,Iraq,rice,2013,47162,216.0,2162.6,21.77
15654,Ireland,potato,1990,248971,1118.0,2014.0,9.59
15656,Ireland,potato,1991,278537,1118.0,2014.0,9.07
15658,Ireland,potato,1992,288688,1118.0,2014.0,9.07
15660,Ireland,potato,1993,263426,1118.0,2014.0,8.85
15662,Ireland,potato,1994,300000,1118.0,2014.0,9.13
15664,Ireland,potato,1995,275893,1118.0,2152.0,9.75
15666,Ireland,potato,1996,301646,1118.0,1577.0,8.85
15668,Ireland,potato,1997,259341,1118.0,2201.0,9.95
15670,Ireland,potato,1998,260541,1118.0,2257.0,9.71
15672,Ireland,potato,1999,319429,1118.0,1930.0,9.75
15674,Ireland,potato,2000,336889,1118.0,1942.21,9.43
15676,Ireland,potato,2001,333986,1118.0,2333.67,9.27
15678,Ireland,potato,2002,336753,1118.0,2614.27,9.75
15680,Ireland,potato,2004,415188,1118.0,2978.49,9.77
15682,Ireland,potato,2005,346780,1118.0,2624.89,9.91
15684,Ireland,potato,2006,332957,1118.0,2766.64,10.0
15686,Ireland,potato,2007,341026,1118.0,3083.02,10.11
15688,Ireland,potato,2008,307946,1118.0,2790.17,9.42
15690,Ireland,potato,2009,275492,1118.0,2268.1,9.47
15692,Ireland,potato,2010,343934,1118.0,2529.2,8.38
15694,Ireland,potato,2011,342404,1118.0,3664.3,9.76
15696,Ireland,potato,2012,257778,1118.0,2925.1,9.28
15698,Ireland,potato,2013,383271,1118.0,2950.8,9.28
15700,Italy,maize,1990,76375,832.0,100596.4,7.97
15701,Italy,maize,1990,76375,832.0,100596.4,12.83
15702,Italy,potato,1990,191624,832.0,100596.4,7.97
15703,Italy,potato,1990,191624,832.0,100596.4,12.83
15704,Italy,rice,1990,60278,832.0,100596.4,7.97
15705,Italy,rice,1990,60278,832.0,100596.4,12.83
15710,Italy,potato,1990,214829,832.0,100596.4,7.97
15711,Italy,potato,1990,214829,832.0,100596.4,12.83
15714,Italy,maize,1991,72624,832.0,88916.6,7.28
15715,Italy,maize,1991,72624,832.0,88916.6,12.05
15716,Italy,potato,1991,200113,832.0,88916.6,7.28
15717,Italy,potato,1991,200113,832.0,88916.6,12.05
15718,Italy,rice,1991,60274,832.0,88916.6,7.28
15719,Italy,rice,1991,60274,832.0,88916.6,12.05
15724,Italy,potato,1991,214905,832.0,88916.6,7.28
15725,Italy,potato,1991,214905,832.0,88916.6,12.05
15728,Italy,maize,1992,86597,832.0,88227.6,7.76
15729,Italy,maize,1992,86597,832.0,88227.6,12.89
15730,Italy,potato,1992,226592,832.0,88227.6,7.76
15731,Italy,potato,1992,226592,832.0,88227.6,12.89
15732,Italy,rice,1992,58758,832.0,88227.6,7.76
15733,Italy,rice,1992,58758,832.0,88227.6,12.89
15738,Italy,potato,1992,235174,832.0,88227.6,7.76
15739,Italy,potato,1992,235174,832.0,88227.6,12.89
15742,Italy,maize,1993,86612,832.0,89282.2,7.43
15743,Italy,maize,1993,86612,832.0,89282.2,12.71
15744,Italy,potato,1993,224567,832.0,89282.2,7.43
15745,Italy,potato,1993,224567,832.0,89282.2,12.71
15746,Italy,rice,1993,56317,832.0,89282.2,7.43
15747,Italy,rice,1993,56317,832.0,89282.2,12.71
15752,Italy,potato,1993,242578,832.0,89282.2,7.43
15753,Italy,potato,1993,242578,832.0,89282.2,12.71
15756,Italy,maize,1994,82235,832.0,81217.6,8.39
15757,Italy,maize,1994,82235,832.0,81217.6,13.53
15758,Italy,potato,1994,233775,832.0,81217.6,8.39
15759,Italy,potato,1994,233775,832.0,81217.6,13.53
15760,Italy,rice,1994,57661,832.0,81217.6,8.39
15761,Italy,rice,1994,57661,832.0,81217.6,13.53
15766,Italy,potato,1994,237708,832.0,81217.6,8.39
15767,Italy,potato,1994,237708,832.0,81217.6,13.53
15770,Italy,maize,1995,89695,832.0,84153.0,7.43
15771,Italy,maize,1995,89695,832.0,84153.0,12.47
15772,Italy,potato,1995,232893,832.0,84153.0,7.43
15773,Italy,potato,1995,232893,832.0,84153.0,12.47
15774,Italy,rice,1995,55206,832.0,84153.0,7.43
15775,Italy,rice,1995,55206,832.0,84153.0,12.47
15780,Italy,potato,1995,239079,832.0,84153.0,7.43
15781,Italy,potato,1995,239079,832.0,84153.0,12.47
15784,Italy,maize,1996,93328,832.0,74617.2,7.06
15785,Italy,maize,1996,93328,832.0,74617.2,12.28
15786,Italy,potato,1996,224667,832.0,74617.2,7.06
15787,Italy,potato,1996,224667,832.0,74617.2,12.28
15788,Italy,rice,1996,58122,832.0,74617.2,7.06
15789,Italy,rice,1996,58122,832.0,74617.2,12.28
15794,Italy,potato,1996,221667,832.0,74617.2,7.06
15795,Italy,potato,1996,221667,832.0,74617.2,12.28
15798,Italy,maize,1997,96270,832.0,84799.0,8.18
15799,Italy,maize,1997,96270,832.0,84799.0,13.13
15800,Italy,potato,1997,222609,832.0,84799.0,8.18
15801,Italy,potato,1997,222609,832.0,84799.0,13.13
15802,Italy,rice,1997,61950,832.0,84799.0,8.18
15803,Italy,rice,1997,61950,832.0,84799.0,13.13
15808,Italy,potato,1997,199328,832.0,84799.0,8.18
15809,Italy,potato,1997,199328,832.0,84799.0,13.13
15812,Italy,maize,1998,93217,832.0,84117.0,7.77
15813,Italy,maize,1998,93217,832.0,84117.0,12.96
15814,Italy,potato,1998,243418,832.0,84117.0,7.77
15815,Italy,potato,1998,243418,832.0,84117.0,12.96
15816,Italy,rice,1998,62573,832.0,84117.0,7.77
15817,Italy,rice,1998,62573,832.0,84117.0,12.96
15822,Italy,potato,1998,171429,832.0,84117.0,7.77
15823,Italy,potato,1998,171429,832.0,84117.0,12.96
15826,Italy,maize,1999,97444,832.0,81583.0,7.64
15827,Italy,maize,1999,97444,832.0,81583.0,12.95
15828,Italy,potato,1999,241843,832.0,81583.0,7.64
15829,Italy,potato,1999,241843,832.0,81583.0,12.95
15830,Italy,rice,1999,64635,832.0,81583.0,7.64
15831,Italy,rice,1999,64635,832.0,81583.0,12.95
15836,Italy,potato,1999,80243,832.0,81583.0,7.64
15837,Italy,potato,1999,80243,832.0,81583.0,12.95
15840,Italy,maize,2000,95277,832.0,79447.0,8.13
15841,Italy,maize,2000,95277,832.0,79447.0,13.42
15842,Italy,potato,2000,250695,832.0,79447.0,8.13
15843,Italy,potato,2000,250695,832.0,79447.0,13.42
15844,Italy,rice,2000,55810,832.0,79447.0,8.13
15845,Italy,rice,2000,55810,832.0,79447.0,13.42
15850,Italy,potato,2000,114353,832.0,79447.0,8.13
15851,Italy,potato,2000,114353,832.0,79447.0,13.42
15854,Italy,maize,2001,95135,832.0,75978.0,7.83
15855,Italy,maize,2001,95135,832.0,75978.0,13.23
15856,Italy,potato,2001,250910,832.0,75978.0,7.83
15857,Italy,potato,2001,250910,832.0,75978.0,13.23
15858,Italy,rice,2001,58494,832.0,75978.0,7.83
15859,Italy,rice,2001,58494,832.0,75978.0,13.23
15864,Italy,potato,2001,115008,832.0,75978.0,7.83
15865,Italy,potato,2001,115008,832.0,75978.0,13.23
15868,Italy,maize,2002,94918,832.0,94211.0,8.15
15869,Italy,maize,2002,94918,832.0,94211.0,13.14
15870,Italy,potato,2002,240997,832.0,94211.0,8.15
15871,Italy,potato,2002,240997,832.0,94211.0,13.14
15872,Italy,rice,2002,62700,832.0,94211.0,8.15
15873,Italy,rice,2002,62700,832.0,94211.0,13.14
15878,Italy,potato,2002,113661,832.0,94211.0,8.15
15879,Italy,potato,2002,113661,832.0,94211.0,13.14
15882,Italy,maize,2004,94975,832.0,83810.0,7.74
15883,Italy,maize,2004,94975,832.0,83810.0,12.75
15884,Italy,potato,2004,251485,832.0,83810.0,7.74
15885,Italy,potato,2004,251485,832.0,83810.0,12.75
15886,Italy,rice,2004,66317,832.0,83810.0,7.74
15887,Italy,rice,2004,66317,832.0,83810.0,12.75
15892,Italy,potato,2004,159900,832.0,83810.0,7.74
15893,Italy,potato,2004,159900,832.0,83810.0,12.75
15896,Italy,maize,2005,93678,832.0,84647.0,7.33
15897,Italy,maize,2005,93678,832.0,84647.0,12.16
15898,Italy,potato,2005,250819,832.0,84647.0,7.33
15899,Italy,potato,2005,250819,832.0,84647.0,12.16
15900,Italy,rice,2005,63074,832.0,84647.0,7.33
15901,Italy,rice,2005,63074,832.0,84647.0,12.16
15906,Italy,potato,2005,141516,832.0,84647.0,7.33
15907,Italy,potato,2005,141516,832.0,84647.0,12.16
15910,Italy,maize,2006,87285,832.0,74349.0,8.15
15911,Italy,maize,2006,87285,832.0,74349.0,12.87
15912,Italy,potato,2006,246070,832.0,74349.0,8.15
15913,Italy,potato,2006,246070,832.0,74349.0,12.87
15914,Italy,rice,2006,62772,832.0,74349.0,8.15
15915,Italy,rice,2006,62772,832.0,74349.0,12.87
15920,Italy,potato,2006,144453,832.0,74349.0,8.15
15921,Italy,potato,2006,144453,832.0,74349.0,12.87
15924,Italy,maize,2007,93120,832.0,80454.0,8.4
15925,Italy,maize,2007,93120,832.0,80454.0,13.32
15926,Italy,potato,2007,256304,832.0,80454.0,8.4
15927,Italy,potato,2007,256304,832.0,80454.0,13.32
15928,Italy,rice,2007,66240,832.0,80454.0,8.4
15929,Italy,rice,2007,66240,832.0,80454.0,13.32
15934,Italy,potato,2007,185605,832.0,80454.0,8.4
15935,Italy,potato,2007,185605,832.0,80454.0,13.32
15938,Italy,maize,2008,95726,832.0,79643.0,7.91
15939,Italy,maize,2008,95726,832.0,79643.0,13.01
15940,Italy,potato,2008,227242,832.0,79643.0,7.91
15941,Italy,potato,2008,227242,832.0,79643.0,13.01
15942,Italy,rice,2008,61949,832.0,79643.0,7.91
15943,Italy,rice,2008,61949,832.0,79643.0,13.01
15948,Italy,potato,2008,200936,832.0,79643.0,7.91
15949,Italy,potato,2008,200936,832.0,79643.0,13.01
15952,Italy,maize,2009,86048,832.0,74172.0,8.11
15953,Italy,maize,2009,86048,832.0,74172.0,13.28
15954,Italy,potato,2009,248352,832.0,74172.0,8.11
15955,Italy,potato,2009,248352,832.0,74172.0,13.28
15956,Italy,rice,2009,67941,832.0,74172.0,8.11
15957,Italy,rice,2009,67941,832.0,74172.0,13.28
15962,Italy,potato,2009,177016,832.0,74172.0,8.11
15963,Italy,potato,2009,177016,832.0,74172.0,13.28
15966,Italy,maize,2010,91672,832.0,71613.0,7.05
15967,Italy,maize,2010,91672,832.0,71613.0,12.63
15968,Italy,potato,2010,249684,832.0,71613.0,7.05
15969,Italy,potato,2010,249684,832.0,71613.0,12.63
15970,Italy,rice,2010,61219,832.0,71613.0,7.05
15971,Italy,rice,2010,61219,832.0,71613.0,12.63
15976,Italy,potato,2010,189956,832.0,71613.0,7.05
15977,Italy,potato,2010,189956,832.0,71613.0,12.63
15980,Italy,maize,2011,98033,832.0,70690.0,8.68
15981,Italy,maize,2011,98033,832.0,70690.0,13.46
15982,Italy,potato,2011,249158,832.0,70690.0,8.68
15983,Italy,potato,2011,249158,832.0,70690.0,13.46
15984,Italy,rice,2011,60452,832.0,70690.0,8.68
15985,Italy,rice,2011,60452,832.0,70690.0,13.46
15990,Italy,potato,2011,207114,832.0,70690.0,8.68
15991,Italy,potato,2011,207114,832.0,70690.0,13.46
15994,Italy,maize,2012,80325,832.0,61889.0,8.05
15995,Italy,maize,2012,80325,832.0,61889.0,13.45
15996,Italy,potato,2012,254511,832.0,61889.0,8.05
15997,Italy,potato,2012,254511,832.0,61889.0,13.45
15998,Italy,rice,2012,68133,832.0,61889.0,8.05
15999,Italy,rice,2012,68133,832.0,61889.0,13.45
16004,Italy,potato,2012,195236,832.0,61889.0,8.05
16005,Italy,potato,2012,195236,832.0,61889.0,13.45
16008,Italy,maize,2013,86989,832.0,55633.0,8.04
16009,Italy,maize,2013,86989,832.0,55633.0,13.6
16010,Italy,potato,2013,252483,832.0,55633.0,8.04
16011,Italy,potato,2013,252483,832.0,55633.0,13.6
16012,Italy,rice,2013,66342,832.0,55633.0,8.04
16013,Italy,rice,2013,66342,832.0,55633.0,13.6
16018,Italy,potato,2013,227753,832.0,55633.0,8.04
16019,Italy,potato,2013,227753,832.0,55633.0,13.6
16023,Jamaica,maize,1990,10588,2051.0,1415.65,27.28
16025,Jamaica,potato,1990,122818,2051.0,1415.65,27.28
16026,Jamaica,rice,1990,23656,2051.0,1415.65,27.28
16027,Jamaica,potato,1990,112543,2051.0,1415.65,27.28
16030,Jamaica,maize,1991,11667,2051.0,1415.65,27.24
16032,Jamaica,potato,1991,91380,2051.0,1415.65,27.24
16033,Jamaica,rice,1991,27019,2051.0,1415.65,27.24
16034,Jamaica,potato,1991,108643,2051.0,1415.65,27.24
16037,Jamaica,maize,1992,14225,2051.0,1415.65,27.25
16039,Jamaica,potato,1992,111138,2051.0,1415.65,27.25
16040,Jamaica,rice,1992,23981,2051.0,1415.65,27.25
16041,Jamaica,potato,1992,134109,2051.0,1415.65,27.25
16044,Jamaica,maize,1993,15115,2051.0,1415.65,27.02
16046,Jamaica,potato,1993,119399,2051.0,1415.65,27.02
16047,Jamaica,rice,1993,31279,2051.0,1415.65,27.02
16048,Jamaica,potato,1993,153282,2051.0,1415.65,27.02
16051,Jamaica,maize,1994,13594,2051.0,1415.65,27.48
16053,Jamaica,potato,1994,143052,2051.0,1415.65,27.48
16054,Jamaica,rice,1994,29080,2051.0,1415.65,27.48
16055,Jamaica,potato,1994,150512,2051.0,1415.65,27.48
16058,Jamaica,maize,1995,13375,2051.0,1445.12,27.4
16060,Jamaica,potato,1995,144129,2051.0,1445.12,27.4
16061,Jamaica,rice,1995,24308,2051.0,1445.12,27.4
16062,Jamaica,potato,1995,153491,2051.0,1445.12,27.4
16065,Jamaica,maize,1996,13741,2051.0,1573.58,26.98
16067,Jamaica,potato,1996,146076,2051.0,1573.58,26.98
16068,Jamaica,rice,1996,14286,2051.0,1573.58,26.98
16069,Jamaica,potato,1996,164446,2051.0,1573.58,26.98
16072,Jamaica,maize,1997,11568,2051.0,909.71,27.8
16074,Jamaica,potato,1997,147392,2051.0,909.71,27.8
16075,Jamaica,rice,1997,16111,2051.0,909.71,27.8
16076,Jamaica,potato,1997,152379,2051.0,909.71,27.8
16079,Jamaica,maize,1998,11436,2051.0,909.71,27.8
16081,Jamaica,potato,1998,147897,2051.0,909.71,27.8
16082,Jamaica,rice,1998,18750,2051.0,909.71,27.8
16083,Jamaica,potato,1998,159788,2051.0,909.71,27.8
16086,Jamaica,maize,1999,12231,2051.0,909.71,27.12
16088,Jamaica,potato,1999,157082,2051.0,909.71,27.12
16089,Jamaica,rice,1999,10690,2051.0,909.71,27.12
16090,Jamaica,potato,1999,161828,2051.0,909.71,27.12
16093,Jamaica,maize,2000,11487,2051.0,909.71,26.96
16095,Jamaica,potato,2000,141042,2051.0,909.71,26.96
16096,Jamaica,rice,2000,9231,2051.0,909.71,26.96
16097,Jamaica,potato,2000,163362,2051.0,909.71,26.96
16100,Jamaica,maize,2001,12068,2051.0,909.71,27.27
16102,Jamaica,potato,2001,144634,2051.0,909.71,27.27
16103,Jamaica,rice,2001,13750,2051.0,909.71,27.27
16104,Jamaica,potato,2001,164920,2051.0,909.71,27.27
16107,Jamaica,maize,2002,11818,2051.0,909.71,27.51
16109,Jamaica,potato,2002,148595,2051.0,909.71,27.51
16110,Jamaica,rice,2002,9091,2051.0,909.71,27.51
16111,Jamaica,potato,2002,161648,2051.0,909.71,27.51
16114,Jamaica,maize,2004,11842,2051.0,909.71,27.47
16116,Jamaica,potato,2004,156346,2051.0,909.71,27.47
16117,Jamaica,rice,2004,14286,2051.0,909.71,27.47
16118,Jamaica,potato,2004,160959,2051.0,909.71,27.47
16121,Jamaica,maize,2005,12547,2051.0,909.71,27.34
16123,Jamaica,potato,2005,156141,2051.0,909.71,27.34
16124,Jamaica,rice,2005,30000,2051.0,909.71,27.34
16125,Jamaica,potato,2005,164410,2051.0,909.71,27.34
16128,Jamaica,maize,2006,12284,2051.0,909.71,27.58
16130,Jamaica,potato,2006,166966,2051.0,909.71,27.58
16131,Jamaica,rice,2006,20000,2051.0,909.71,27.58
16132,Jamaica,potato,2006,166159,2051.0,909.71,27.58
16135,Jamaica,maize,2007,11950,2051.0,909.71,27.61
16137,Jamaica,potato,2007,164330,2051.0,909.71,27.61
16138,Jamaica,rice,2007,29545,2051.0,909.71,27.61
16139,Jamaica,potato,2007,165324,2051.0,909.71,27.61
16142,Jamaica,maize,2008,12538,2051.0,909.71,27.17
16144,Jamaica,potato,2008,164849,2051.0,909.71,27.17
16145,Jamaica,rice,2008,33333,2051.0,909.71,27.17
16146,Jamaica,potato,2008,168278,2051.0,909.71,27.17
16149,Jamaica,maize,2009,12615,2051.0,909.71,27.42
16151,Jamaica,potato,2009,169416,2051.0,909.71,27.42
16152,Jamaica,rice,2009,40541,2051.0,909.71,27.42
16153,Jamaica,potato,2009,170803,2051.0,909.71,27.42
16156,Jamaica,maize,2010,11710,2051.0,909.71,27.09
16158,Jamaica,potato,2010,142411,2051.0,909.71,27.09
16159,Jamaica,rice,2010,47397,2051.0,909.71,27.09
16160,Jamaica,potato,2010,162639,2051.0,909.71,27.09
16163,Jamaica,maize,2011,12747,2051.0,909.71,27.17
16165,Jamaica,potato,2011,190236,2051.0,909.71,27.17
16166,Jamaica,rice,2011,53341,2051.0,909.71,27.17
16167,Jamaica,potato,2011,182528,2051.0,909.71,27.17
16170,Jamaica,maize,2012,11891,2051.0,909.71,27.51
16172,Jamaica,potato,2012,165440,2051.0,909.71,27.51
16173,Jamaica,rice,2012,49023,2051.0,909.71,27.51
16174,Jamaica,potato,2012,170818,2051.0,909.71,27.51
16177,Jamaica,maize,2013,11883,2051.0,909.71,27.41
16179,Jamaica,potato,2013,165914,2051.0,909.71,27.41
16180,Jamaica,rice,2013,42000,2051.0,909.71,27.41
16181,Jamaica,potato,2013,172683,2051.0,909.71,27.41
16183,Japan,maize,1990,25457,1668.0,79821.18,16.4
16184,Japan,maize,1990,25457,1668.0,79821.18,14.14
16185,Japan,maize,1990,25457,1668.0,79821.18,16.46
16186,Japan,maize,1990,25457,1668.0,79821.18,16.12
16187,Japan,maize,1990,25457,1668.0,79821.18,16.17
16188,Japan,maize,1990,25457,1668.0,79821.18,14.14
16189,Japan,potato,1990,306736,1668.0,79821.18,16.4
16190,Japan,potato,1990,306736,1668.0,79821.18,14.14
16191,Japan,potato,1990,306736,1668.0,79821.18,16.46
16192,Japan,potato,1990,306736,1668.0,79821.18,16.12
16193,Japan,potato,1990,306736,1668.0,79821.18,16.17
16194,Japan,potato,1990,306736,1668.0,79821.18,14.14
16195,Japan,rice,1990,63279,1668.0,79821.18,16.4
16196,Japan,rice,1990,63279,1668.0,79821.18,14.14
16197,Japan,rice,1990,63279,1668.0,79821.18,16.46
16198,Japan,rice,1990,63279,1668.0,79821.18,16.12
16199,Japan,rice,1990,63279,1668.0,79821.18,16.17
16200,Japan,rice,1990,63279,1668.0,79821.18,14.14
16207,Japan,potato,1990,231353,1668.0,79821.18,16.4
16208,Japan,potato,1990,231353,1668.0,79821.18,14.14
16209,Japan,potato,1990,231353,1668.0,79821.18,16.46
16210,Japan,potato,1990,231353,1668.0,79821.18,16.12
16211,Japan,potato,1990,231353,1668.0,79821.18,16.17
16212,Japan,potato,1990,231353,1668.0,79821.18,14.14
16225,Japan,maize,1991,24896,1668.0,79821.18,15.6
16226,Japan,maize,1991,24896,1668.0,79821.18,13.32
16227,Japan,maize,1991,24896,1668.0,79821.18,15.43
16228,Japan,maize,1991,24896,1668.0,79821.18,15.38
16229,Japan,maize,1991,24896,1668.0,79821.18,15.49
16230,Japan,maize,1991,24896,1668.0,79821.18,13.32
16231,Japan,potato,1991,322809,1668.0,79821.18,15.6
16232,Japan,potato,1991,322809,1668.0,79821.18,13.32
16233,Japan,potato,1991,322809,1668.0,79821.18,15.43
16234,Japan,potato,1991,322809,1668.0,79821.18,15.38
16235,Japan,potato,1991,322809,1668.0,79821.18,15.49
16236,Japan,potato,1991,322809,1668.0,79821.18,13.32
16237,Japan,rice,1991,58590,1668.0,79821.18,15.6
16238,Japan,rice,1991,58590,1668.0,79821.18,13.32
16239,Japan,rice,1991,58590,1668.0,79821.18,15.43
16240,Japan,rice,1991,58590,1668.0,79821.18,15.38
16241,Japan,rice,1991,58590,1668.0,79821.18,15.49
16242,Japan,rice,1991,58590,1668.0,79821.18,13.32
16249,Japan,potato,1991,205631,1668.0,79821.18,15.6
16250,Japan,potato,1991,205631,1668.0,79821.18,13.32
16251,Japan,potato,1991,205631,1668.0,79821.18,15.43
16252,Japan,potato,1991,205631,1668.0,79821.18,15.38
16253,Japan,potato,1991,205631,1668.0,79821.18,15.49
16254,Japan,potato,1991,205631,1668.0,79821.18,13.32
16267,Japan,maize,1992,25180,1668.0,79821.18,15.63
16268,Japan,maize,1992,25180,1668.0,79821.18,12.94
16269,Japan,maize,1992,25180,1668.0,79821.18,15.68
16270,Japan,maize,1992,25180,1668.0,79821.18,15.21
16271,Japan,maize,1992,25180,1668.0,79821.18,15.26
16272,Japan,maize,1992,25180,1668.0,79821.18,12.94
16273,Japan,potato,1992,313645,1668.0,79821.18,15.63
16274,Japan,potato,1992,313645,1668.0,79821.18,12.94
16275,Japan,potato,1992,313645,1668.0,79821.18,15.68
16276,Japan,potato,1992,313645,1668.0,79821.18,15.21
16277,Japan,potato,1992,313645,1668.0,79821.18,15.26
16278,Japan,potato,1992,313645,1668.0,79821.18,12.94
16279,Japan,rice,1992,62754,1668.0,79821.18,15.63
16280,Japan,rice,1992,62754,1668.0,79821.18,12.94
16281,Japan,rice,1992,62754,1668.0,79821.18,15.68
16282,Japan,rice,1992,62754,1668.0,79821.18,15.21
16283,Japan,rice,1992,62754,1668.0,79821.18,15.26
16284,Japan,rice,1992,62754,1668.0,79821.18,12.94
16291,Japan,potato,1992,235027,1668.0,79821.18,15.63
16292,Japan,potato,1992,235027,1668.0,79821.18,12.94
16293,Japan,potato,1992,235027,1668.0,79821.18,15.68
16294,Japan,potato,1992,235027,1668.0,79821.18,15.21
16295,Japan,potato,1992,235027,1668.0,79821.18,15.26
16296,Japan,potato,1992,235027,1668.0,79821.18,12.94
16309,Japan,maize,1993,25000,1668.0,79821.18,14.93
16310,Japan,maize,1993,25000,1668.0,79821.18,12.49
16311,Japan,maize,1993,25000,1668.0,79821.18,14.99
16312,Japan,maize,1993,25000,1668.0,79821.18,14.68
16313,Japan,maize,1993,25000,1668.0,79821.18,14.72
16314,Japan,maize,1993,25000,1668.0,79821.18,12.49
16315,Japan,potato,1993,304856,1668.0,79821.18,14.93
16316,Japan,potato,1993,304856,1668.0,79821.18,12.49
16317,Japan,potato,1993,304856,1668.0,79821.18,14.99
16318,Japan,potato,1993,304856,1668.0,79821.18,14.68
16319,Japan,potato,1993,304856,1668.0,79821.18,14.72
16320,Japan,potato,1993,304856,1668.0,79821.18,12.49
16321,Japan,rice,1993,45783,1668.0,79821.18,14.93
16322,Japan,rice,1993,45783,1668.0,79821.18,12.49
16323,Japan,rice,1993,45783,1668.0,79821.18,14.99
16324,Japan,rice,1993,45783,1668.0,79821.18,14.68
16325,Japan,rice,1993,45783,1668.0,79821.18,14.72
16326,Japan,rice,1993,45783,1668.0,79821.18,12.49
16333,Japan,potato,1993,194906,1668.0,79821.18,14.93
16334,Japan,potato,1993,194906,1668.0,79821.18,12.49
16335,Japan,potato,1993,194906,1668.0,79821.18,14.99
16336,Japan,potato,1993,194906,1668.0,79821.18,14.68
16337,Japan,potato,1993,194906,1668.0,79821.18,14.72
16338,Japan,potato,1993,194906,1668.0,79821.18,12.49
16351,Japan,maize,1994,24852,1668.0,79821.18,16.33
16352,Japan,maize,1994,24852,1668.0,79821.18,13.78
16353,Japan,maize,1994,24852,1668.0,79821.18,16.41
16354,Japan,maize,1994,24852,1668.0,79821.18,16.06
16355,Japan,maize,1994,24852,1668.0,79821.18,16.07
16356,Japan,maize,1994,24852,1668.0,79821.18,13.78
16357,Japan,potato,1994,312107,1668.0,79821.18,16.33
16358,Japan,potato,1994,312107,1668.0,79821.18,13.78
16359,Japan,potato,1994,312107,1668.0,79821.18,16.41
16360,Japan,potato,1994,312107,1668.0,79821.18,16.06
16361,Japan,potato,1994,312107,1668.0,79821.18,16.07
16362,Japan,potato,1994,312107,1668.0,79821.18,13.78
16363,Japan,rice,1994,67703,1668.0,79821.18,16.33
16364,Japan,rice,1994,67703,1668.0,79821.18,13.78
16365,Japan,rice,1994,67703,1668.0,79821.18,16.41
16366,Japan,rice,1994,67703,1668.0,79821.18,16.06
16367,Japan,rice,1994,67703,1668.0,79821.18,16.07
16368,Japan,rice,1994,67703,1668.0,79821.18,13.78
16375,Japan,potato,1994,246394,1668.0,79821.18,16.33
16376,Japan,potato,1994,246394,1668.0,79821.18,13.78
16377,Japan,potato,1994,246394,1668.0,79821.18,16.41
16378,Japan,potato,1994,246394,1668.0,79821.18,16.06
16379,Japan,potato,1994,246394,1668.0,79821.18,16.07
16380,Japan,potato,1994,246394,1668.0,79821.18,13.78
16393,Japan,maize,1995,25000,1668.0,79821.18,15.25
16394,Japan,maize,1995,25000,1668.0,79821.18,12.98
16395,Japan,maize,1995,25000,1668.0,79821.18,15.32
16396,Japan,maize,1995,25000,1668.0,79821.18,14.83
16397,Japan,maize,1995,25000,1668.0,79821.18,14.97
16398,Japan,maize,1995,25000,1668.0,79821.18,12.98
16399,Japan,potato,1995,323558,1668.0,79821.18,15.25
16400,Japan,potato,1995,323558,1668.0,79821.18,12.98
16401,Japan,potato,1995,323558,1668.0,79821.18,15.32
16402,Japan,potato,1995,323558,1668.0,79821.18,14.83
16403,Japan,potato,1995,323558,1668.0,79821.18,14.97
16404,Japan,potato,1995,323558,1668.0,79821.18,12.98
16405,Japan,rice,1995,63432,1668.0,79821.18,15.25
16406,Japan,rice,1995,63432,1668.0,79821.18,12.98
16407,Japan,rice,1995,63432,1668.0,79821.18,15.32
16408,Japan,rice,1995,63432,1668.0,79821.18,14.83
16409,Japan,rice,1995,63432,1668.0,79821.18,14.97
16410,Japan,rice,1995,63432,1668.0,79821.18,12.98
16417,Japan,potato,1995,241020,1668.0,79821.18,15.25
16418,Japan,potato,1995,241020,1668.0,79821.18,12.98
16419,Japan,potato,1995,241020,1668.0,79821.18,15.32
16420,Japan,potato,1995,241020,1668.0,79821.18,14.83
16421,Japan,potato,1995,241020,1668.0,79821.18,14.97
16422,Japan,potato,1995,241020,1668.0,79821.18,12.98
16435,Japan,maize,1996,24510,1668.0,79821.18,15.2
16436,Japan,maize,1996,24510,1668.0,79821.18,12.61
16437,Japan,maize,1996,24510,1668.0,79821.18,15.32
16438,Japan,maize,1996,24510,1668.0,79821.18,14.79
16439,Japan,maize,1996,24510,1668.0,79821.18,14.8
16440,Japan,maize,1996,24510,1668.0,79821.18,12.61
16441,Japan,potato,1996,299709,1668.0,79821.18,15.2
16442,Japan,potato,1996,299709,1668.0,79821.18,12.61
16443,Japan,potato,1996,299709,1668.0,79821.18,15.32
16444,Japan,potato,1996,299709,1668.0,79821.18,14.79
16445,Japan,potato,1996,299709,1668.0,79821.18,14.8
16446,Japan,potato,1996,299709,1668.0,79821.18,12.61
16447,Japan,rice,1996,65402,1668.0,79821.18,15.2
16448,Japan,rice,1996,65402,1668.0,79821.18,12.61
16449,Japan,rice,1996,65402,1668.0,79821.18,15.32
16450,Japan,rice,1996,65402,1668.0,79821.18,14.79
16451,Japan,rice,1996,65402,1668.0,79821.18,14.8
16452,Japan,rice,1996,65402,1668.0,79821.18,12.61
16459,Japan,potato,1996,233474,1668.0,79821.18,15.2
16460,Japan,potato,1996,233474,1668.0,79821.18,12.61
16461,Japan,potato,1996,233474,1668.0,79821.18,15.32
16462,Japan,potato,1996,233474,1668.0,79821.18,14.79
16463,Japan,potato,1996,233474,1668.0,79821.18,14.8
16464,Japan,potato,1996,233474,1668.0,79821.18,12.61
16477,Japan,maize,1997,24771,1668.0,79821.18,15.76
16478,Japan,maize,1997,24771,1668.0,79821.18,13.43
16479,Japan,maize,1997,24771,1668.0,79821.18,15.89
16480,Japan,maize,1997,24771,1668.0,79821.18,15.37
16481,Japan,maize,1997,24771,1668.0,79821.18,15.39
16482,Japan,maize,1997,24771,1668.0,79821.18,13.43
16483,Japan,potato,1997,307549,1668.0,79821.18,15.76
16484,Japan,potato,1997,307549,1668.0,79821.18,13.43
16485,Japan,potato,1997,307549,1668.0,79821.18,15.89
16486,Japan,potato,1997,307549,1668.0,79821.18,15.37
16487,Japan,potato,1997,307549,1668.0,79821.18,15.39
16488,Japan,potato,1997,307549,1668.0,79821.18,13.43
16489,Japan,rice,1997,64163,1668.0,79821.18,15.76
16490,Japan,rice,1997,64163,1668.0,79821.18,13.43
16491,Japan,rice,1997,64163,1668.0,79821.18,15.89
16492,Japan,rice,1997,64163,1668.0,79821.18,15.37
16493,Japan,rice,1997,64163,1668.0,79821.18,15.39
16494,Japan,rice,1997,64163,1668.0,79821.18,13.43
16501,Japan,potato,1997,243011,1668.0,79821.18,15.76
16502,Japan,potato,1997,243011,1668.0,79821.18,13.43
16503,Japan,potato,1997,243011,1668.0,79821.18,15.89
16504,Japan,potato,1997,243011,1668.0,79821.18,15.37
16505,Japan,potato,1997,243011,1668.0,79821.18,15.39
16506,Japan,potato,1997,243011,1668.0,79821.18,13.43
16519,Japan,maize,1998,24468,1668.0,79821.18,16.72
16520,Japan,maize,1998,24468,1668.0,79821.18,13.74
16521,Japan,maize,1998,24468,1668.0,79821.18,16.74
16522,Japan,maize,1998,24468,1668.0,79821.18,16.39
16523,Japan,maize,1998,24468,1668.0,79821.18,16.45
16524,Japan,maize,1998,24468,1668.0,79821.18,13.74
16525,Japan,potato,1998,307608,1668.0,79821.18,16.72
16526,Japan,potato,1998,307608,1668.0,79821.18,13.74
16527,Japan,potato,1998,307608,1668.0,79821.18,16.74
16528,Japan,potato,1998,307608,1668.0,79821.18,16.39
16529,Japan,potato,1998,307608,1668.0,79821.18,16.45
16530,Japan,potato,1998,307608,1668.0,79821.18,13.74
16531,Japan,rice,1998,62188,1668.0,79821.18,16.72
16532,Japan,rice,1998,62188,1668.0,79821.18,13.74
16533,Japan,rice,1998,62188,1668.0,79821.18,16.74
16534,Japan,rice,1998,62188,1668.0,79821.18,16.39
16535,Japan,rice,1998,62188,1668.0,79821.18,16.45
16536,Japan,rice,1998,62188,1668.0,79821.18,13.74
16543,Japan,potato,1998,249781,1668.0,79821.18,16.72
16544,Japan,potato,1998,249781,1668.0,79821.18,13.74
16545,Japan,potato,1998,249781,1668.0,79821.18,16.74
16546,Japan,potato,1998,249781,1668.0,79821.18,16.39
16547,Japan,potato,1998,249781,1668.0,79821.18,16.45
16548,Japan,potato,1998,249781,1668.0,79821.18,13.74
16561,Japan,maize,1999,24000,1668.0,79821.18,15.93
16562,Japan,maize,1999,24000,1668.0,79821.18,13.78
16563,Japan,maize,1999,24000,1668.0,79821.18,15.93
16564,Japan,maize,1999,24000,1668.0,79821.18,15.66
16565,Japan,maize,1999,24000,1668.0,79821.18,15.79
16566,Japan,maize,1999,24000,1668.0,79821.18,13.78
16567,Japan,potato,1999,303275,1668.0,79821.18,15.93
16568,Japan,potato,1999,303275,1668.0,79821.18,13.78
16569,Japan,potato,1999,303275,1668.0,79821.18,15.93
16570,Japan,potato,1999,303275,1668.0,79821.18,15.66
16571,Japan,potato,1999,303275,1668.0,79821.18,15.79
16572,Japan,potato,1999,303275,1668.0,79821.18,13.78
16573,Japan,rice,1999,64143,1668.0,79821.18,15.93
16574,Japan,rice,1999,64143,1668.0,79821.18,13.78
16575,Japan,rice,1999,64143,1668.0,79821.18,15.93
16576,Japan,rice,1999,64143,1668.0,79821.18,15.66
16577,Japan,rice,1999,64143,1668.0,79821.18,15.79
16578,Japan,rice,1999,64143,1668.0,79821.18,13.78
16585,Japan,potato,1999,226517,1668.0,79821.18,15.93
16586,Japan,potato,1999,226517,1668.0,79821.18,13.78
16587,Japan,potato,1999,226517,1668.0,79821.18,15.93
16588,Japan,potato,1999,226517,1668.0,79821.18,15.66
16589,Japan,potato,1999,226517,1668.0,79821.18,15.79
16590,Japan,potato,1999,226517,1668.0,79821.18,13.78
16603,Japan,maize,2000,24713,1668.0,79821.18,15.92
16604,Japan,maize,2000,24713,1668.0,79821.18,13.5
16605,Japan,maize,2000,24713,1668.0,79821.18,15.95
16606,Japan,maize,2000,24713,1668.0,79821.18,15.58
16607,Japan,maize,2000,24713,1668.0,79821.18,15.67
16608,Japan,maize,2000,24713,1668.0,79821.18,13.5
16609,Japan,potato,2000,306342,1668.0,79821.18,15.92
16610,Japan,potato,2000,306342,1668.0,79821.18,13.5
16611,Japan,potato,2000,306342,1668.0,79821.18,15.95
16612,Japan,potato,2000,306342,1668.0,79821.18,15.58
16613,Japan,potato,2000,306342,1668.0,79821.18,15.67
16614,Japan,potato,2000,306342,1668.0,79821.18,13.5
16615,Japan,rice,2000,67023,1668.0,79821.18,15.92
16616,Japan,rice,2000,67023,1668.0,79821.18,13.5
16617,Japan,rice,2000,67023,1668.0,79821.18,15.95
16618,Japan,rice,2000,67023,1668.0,79821.18,15.58
16619,Japan,rice,2000,67023,1668.0,79821.18,15.67
16620,Japan,rice,2000,67023,1668.0,79821.18,13.5
16627,Japan,potato,2000,247327,1668.0,79821.18,15.92
16628,Japan,potato,2000,247327,1668.0,79821.18,13.5
16629,Japan,potato,2000,247327,1668.0,79821.18,15.95
16630,Japan,potato,2000,247327,1668.0,79821.18,15.58
16631,Japan,potato,2000,247327,1668.0,79821.18,15.67
16632,Japan,potato,2000,247327,1668.0,79821.18,13.5
16645,Japan,maize,2001,25000,1668.0,78735.45,15.86
16646,Japan,maize,2001,25000,1668.0,78735.45,13.13
16647,Japan,maize,2001,25000,1668.0,78735.45,15.97
16648,Japan,maize,2001,25000,1668.0,78735.45,15.4
16649,Japan,maize,2001,25000,1668.0,78735.45,15.47
16650,Japan,maize,2001,25000,1668.0,78735.45,13.13
16651,Japan,potato,2001,318172,1668.0,78735.45,15.86
16652,Japan,potato,2001,318172,1668.0,78735.45,13.13
16653,Japan,potato,2001,318172,1668.0,78735.45,15.97
16654,Japan,potato,2001,318172,1668.0,78735.45,15.4
16655,Japan,potato,2001,318172,1668.0,78735.45,15.47
16656,Japan,potato,2001,318172,1668.0,78735.45,13.13
16657,Japan,rice,2001,66354,1668.0,78735.45,15.86
16658,Japan,rice,2001,66354,1668.0,78735.45,13.13
16659,Japan,rice,2001,66354,1668.0,78735.45,15.97
16660,Japan,rice,2001,66354,1668.0,78735.45,15.4
16661,Japan,rice,2001,66354,1668.0,78735.45,15.47
16662,Japan,rice,2001,66354,1668.0,78735.45,13.13
16669,Japan,potato,2001,251300,1668.0,78735.45,15.86
16670,Japan,potato,2001,251300,1668.0,78735.45,13.13
16671,Japan,potato,2001,251300,1668.0,78735.45,15.97
16672,Japan,potato,2001,251300,1668.0,78735.45,15.4
16673,Japan,potato,2001,251300,1668.0,78735.45,15.47
16674,Japan,potato,2001,251300,1668.0,78735.45,13.13
16687,Japan,maize,2002,24615,1668.0,70262.54,16.09
16688,Japan,maize,2002,24615,1668.0,70262.54,13.42
16689,Japan,maize,2002,24615,1668.0,70262.54,16.0
16690,Japan,maize,2002,24615,1668.0,70262.54,15.71
16691,Japan,maize,2002,24615,1668.0,70262.54,15.73
16692,Japan,maize,2002,24615,1668.0,70262.54,13.42
16693,Japan,potato,2002,334130,1668.0,70262.54,16.09
16694,Japan,potato,2002,334130,1668.0,70262.54,13.42
16695,Japan,potato,2002,334130,1668.0,70262.54,16.0
16696,Japan,potato,2002,334130,1668.0,70262.54,15.71
16697,Japan,potato,2002,334130,1668.0,70262.54,15.73
16698,Japan,potato,2002,334130,1668.0,70262.54,13.42
16699,Japan,rice,2002,65823,1668.0,70262.54,16.09
16700,Japan,rice,2002,65823,1668.0,70262.54,13.42
16701,Japan,rice,2002,65823,1668.0,70262.54,16.0
16702,Japan,rice,2002,65823,1668.0,70262.54,15.71
16703,Japan,rice,2002,65823,1668.0,70262.54,15.73
16704,Japan,rice,2002,65823,1668.0,70262.54,13.42
16711,Japan,potato,2002,254321,1668.0,70262.54,16.09
16712,Japan,potato,2002,254321,1668.0,70262.54,13.42
16713,Japan,potato,2002,254321,1668.0,70262.54,16.0
16714,Japan,potato,2002,254321,1668.0,70262.54,15.71
16715,Japan,potato,2002,254321,1668.0,70262.54,15.73
16716,Japan,potato,2002,254321,1668.0,70262.54,13.42
16729,Japan,maize,2004,25000,1668.0,64688.88,16.56
16730,Japan,maize,2004,25000,1668.0,64688.88,14.05
16731,Japan,maize,2004,25000,1668.0,64688.88,16.54
16732,Japan,maize,2004,25000,1668.0,64688.88,16.19
16733,Japan,maize,2004,25000,1668.0,64688.88,16.33
16734,Japan,maize,2004,25000,1668.0,64688.88,14.05
16735,Japan,potato,2004,330734,1668.0,64688.88,16.56
16736,Japan,potato,2004,330734,1668.0,64688.88,14.05
16737,Japan,potato,2004,330734,1668.0,64688.88,16.54
16738,Japan,potato,2004,330734,1668.0,64688.88,16.19
16739,Japan,potato,2004,330734,1668.0,64688.88,16.33
16740,Japan,potato,2004,330734,1668.0,64688.88,14.05
16741,Japan,rice,2004,64150,1668.0,64688.88,16.56
16742,Japan,rice,2004,64150,1668.0,64688.88,14.05
16743,Japan,rice,2004,64150,1668.0,64688.88,16.54
16744,Japan,rice,2004,64150,1668.0,64688.88,16.19
16745,Japan,rice,2004,64150,1668.0,64688.88,16.33
16746,Japan,rice,2004,64150,1668.0,64688.88,14.05
16753,Japan,potato,2004,250372,1668.0,64688.88,16.56
16754,Japan,potato,2004,250372,1668.0,64688.88,14.05
16755,Japan,potato,2004,250372,1668.0,64688.88,16.54
16756,Japan,potato,2004,250372,1668.0,64688.88,16.19
16757,Japan,potato,2004,250372,1668.0,64688.88,16.33
16758,Japan,potato,2004,250372,1668.0,64688.88,14.05
16771,Japan,maize,2005,25260,1668.0,63829.77,15.75
16772,Japan,maize,2005,25260,1668.0,63829.77,12.99
16773,Japan,maize,2005,25260,1668.0,63829.77,15.75
16774,Japan,maize,2005,25260,1668.0,63829.77,15.36
16775,Japan,maize,2005,25260,1668.0,63829.77,15.36
16776,Japan,maize,2005,25260,1668.0,63829.77,12.99
16777,Japan,potato,2005,316341,1668.0,63829.77,15.75
16778,Japan,potato,2005,316341,1668.0,63829.77,12.99
16779,Japan,potato,2005,316341,1668.0,63829.77,15.75
16780,Japan,potato,2005,316341,1668.0,63829.77,15.36
16781,Japan,potato,2005,316341,1668.0,63829.77,15.36
16782,Japan,potato,2005,316341,1668.0,63829.77,12.99
16783,Japan,rice,2005,66483,1668.0,63829.77,15.75
16784,Japan,rice,2005,66483,1668.0,63829.77,12.99
16785,Japan,rice,2005,66483,1668.0,63829.77,15.75
16786,Japan,rice,2005,66483,1668.0,63829.77,15.36
16787,Japan,rice,2005,66483,1668.0,63829.77,15.36
16788,Japan,rice,2005,66483,1668.0,63829.77,12.99
16795,Japan,potato,2005,258088,1668.0,63829.77,15.75
16796,Japan,potato,2005,258088,1668.0,63829.77,12.99
16797,Japan,potato,2005,258088,1668.0,63829.77,15.75
16798,Japan,potato,2005,258088,1668.0,63829.77,15.36
16799,Japan,potato,2005,258088,1668.0,63829.77,15.36
16800,Japan,potato,2005,258088,1668.0,63829.77,12.99
16813,Japan,maize,2006,25324,1668.0,65248.26,15.87
16814,Japan,maize,2006,25324,1668.0,65248.26,13.28
16815,Japan,maize,2006,25324,1668.0,65248.26,15.92
16816,Japan,maize,2006,25324,1668.0,65248.26,15.43
16817,Japan,maize,2006,25324,1668.0,65248.26,15.45
16818,Japan,maize,2006,25324,1668.0,65248.26,13.28
16819,Japan,potato,2006,304273,1668.0,65248.26,15.87
16820,Japan,potato,2006,304273,1668.0,65248.26,13.28
16821,Japan,potato,2006,304273,1668.0,65248.26,15.92
16822,Japan,potato,2006,304273,1668.0,65248.26,15.43
16823,Japan,potato,2006,304273,1668.0,65248.26,15.45
16824,Japan,potato,2006,304273,1668.0,65248.26,13.28
16825,Japan,rice,2006,63359,1668.0,65248.26,15.87
16826,Japan,rice,2006,63359,1668.0,65248.26,13.28
16827,Japan,rice,2006,63359,1668.0,65248.26,15.92
16828,Japan,rice,2006,63359,1668.0,65248.26,15.43
16829,Japan,rice,2006,63359,1668.0,65248.26,15.45
16830,Japan,rice,2006,63359,1668.0,65248.26,13.28
16837,Japan,potato,2006,242377,1668.0,65248.26,15.87
16838,Japan,potato,2006,242377,1668.0,65248.26,13.28
16839,Japan,potato,2006,242377,1668.0,65248.26,15.92
16840,Japan,potato,2006,242377,1668.0,65248.26,15.43
16841,Japan,potato,2006,242377,1668.0,65248.26,15.45
16842,Japan,potato,2006,242377,1668.0,65248.26,13.28
16855,Japan,maize,2007,25395,1668.0,61164.07,16.53
16856,Japan,maize,2007,25395,1668.0,61164.07,13.68
16857,Japan,maize,2007,25395,1668.0,61164.07,16.55
16858,Japan,maize,2007,25395,1668.0,61164.07,16.03
16859,Japan,maize,2007,25395,1668.0,61164.07,15.94
16860,Japan,maize,2007,25395,1668.0,61164.07,13.68
16861,Japan,potato,2007,340000,1668.0,61164.07,16.53
16862,Japan,potato,2007,340000,1668.0,61164.07,13.68
16863,Japan,potato,2007,340000,1668.0,61164.07,16.55
16864,Japan,potato,2007,340000,1668.0,61164.07,16.03
16865,Japan,potato,2007,340000,1668.0,61164.07,15.94
16866,Japan,potato,2007,340000,1668.0,61164.07,13.68
16867,Japan,rice,2007,65111,1668.0,61164.07,16.53
16868,Japan,rice,2007,65111,1668.0,61164.07,13.68
16869,Japan,rice,2007,65111,1668.0,61164.07,16.55
16870,Japan,rice,2007,65111,1668.0,61164.07,16.03
16871,Japan,rice,2007,65111,1668.0,61164.07,15.94
16872,Japan,rice,2007,65111,1668.0,61164.07,13.68
16879,Japan,potato,2007,237936,1668.0,61164.07,16.53
16880,Japan,potato,2007,237936,1668.0,61164.07,13.68
16881,Japan,potato,2007,237936,1668.0,61164.07,16.55
16882,Japan,potato,2007,237936,1668.0,61164.07,16.03
16883,Japan,potato,2007,237936,1668.0,61164.07,15.94
16884,Japan,potato,2007,237936,1668.0,61164.07,13.68
16897,Japan,maize,2008,25456,1668.0,58750.0,15.96
16898,Japan,maize,2008,25456,1668.0,58750.0,13.31
16899,Japan,maize,2008,25456,1668.0,58750.0,15.98
16900,Japan,maize,2008,25456,1668.0,58750.0,15.55
16901,Japan,maize,2008,25456,1668.0,58750.0,15.57
16902,Japan,maize,2008,25456,1668.0,58750.0,13.31
16903,Japan,potato,2008,323086,1668.0,58750.0,15.96
16904,Japan,potato,2008,323086,1668.0,58750.0,13.31
16905,Japan,potato,2008,323086,1668.0,58750.0,15.98
16906,Japan,potato,2008,323086,1668.0,58750.0,15.55
16907,Japan,potato,2008,323086,1668.0,58750.0,15.57
16908,Japan,potato,2008,323086,1668.0,58750.0,13.31
16909,Japan,rice,2008,67786,1668.0,58750.0,15.96
16910,Japan,rice,2008,67786,1668.0,58750.0,13.31
16911,Japan,rice,2008,67786,1668.0,58750.0,15.98
16912,Japan,rice,2008,67786,1668.0,58750.0,15.55
16913,Japan,rice,2008,67786,1668.0,58750.0,15.57
16914,Japan,rice,2008,67786,1668.0,58750.0,13.31
16921,Japan,potato,2008,248403,1668.0,58750.0,15.96
16922,Japan,potato,2008,248403,1668.0,58750.0,13.31
16923,Japan,potato,2008,248403,1668.0,58750.0,15.98
16924,Japan,potato,2008,248403,1668.0,58750.0,15.55
16925,Japan,potato,2008,248403,1668.0,58750.0,15.57
16926,Japan,potato,2008,248403,1668.0,58750.0,13.31
16939,Japan,maize,2009,25385,1668.0,60970.8,15.93
16940,Japan,maize,2009,25385,1668.0,60970.8,13.55
16941,Japan,maize,2009,25385,1668.0,60970.8,16.02
16942,Japan,maize,2009,25385,1668.0,60970.8,15.61
16943,Japan,maize,2009,25385,1668.0,60970.8,15.67
16944,Japan,maize,2009,25385,1668.0,60970.8,13.55
16945,Japan,potato,2009,295909,1668.0,60970.8,15.93
16946,Japan,potato,2009,295909,1668.0,60970.8,13.55
16947,Japan,potato,2009,295909,1668.0,60970.8,16.02
16948,Japan,potato,2009,295909,1668.0,60970.8,15.61
16949,Japan,potato,2009,295909,1668.0,60970.8,15.67
16950,Japan,potato,2009,295909,1668.0,60970.8,13.55
16951,Japan,rice,2009,65222,1668.0,60970.8,15.93
16952,Japan,rice,2009,65222,1668.0,60970.8,13.55
16953,Japan,rice,2009,65222,1668.0,60970.8,16.02
16954,Japan,rice,2009,65222,1668.0,60970.8,15.61
16955,Japan,rice,2009,65222,1668.0,60970.8,15.67
16956,Japan,rice,2009,65222,1668.0,60970.8,13.55
16963,Japan,potato,2009,253333,1668.0,60970.8,15.93
16964,Japan,potato,2009,253333,1668.0,60970.8,13.55
16965,Japan,potato,2009,253333,1668.0,60970.8,16.02
16966,Japan,potato,2009,253333,1668.0,60970.8,15.61
16967,Japan,potato,2009,253333,1668.0,60970.8,15.67
16968,Japan,potato,2009,253333,1668.0,60970.8,13.55
16981,Japan,maize,2010,25642,1668.0,55576.0,16.12
16982,Japan,maize,2010,25642,1668.0,55576.0,13.82
16983,Japan,maize,2010,25642,1668.0,55576.0,16.01
16984,Japan,maize,2010,25642,1668.0,55576.0,15.8
16985,Japan,maize,2010,25642,1668.0,55576.0,15.87
16986,Japan,maize,2010,25642,1668.0,55576.0,13.82
16987,Japan,potato,2010,277576,1668.0,55576.0,16.12
16988,Japan,potato,2010,277576,1668.0,55576.0,13.82
16989,Japan,potato,2010,277576,1668.0,55576.0,16.01
16990,Japan,potato,2010,277576,1668.0,55576.0,15.8
16991,Japan,potato,2010,277576,1668.0,55576.0,15.87
16992,Japan,potato,2010,277576,1668.0,55576.0,13.82
16993,Japan,rice,2010,65135,1668.0,55576.0,16.12
16994,Japan,rice,2010,65135,1668.0,55576.0,13.82
16995,Japan,rice,2010,65135,1668.0,55576.0,16.01
16996,Japan,rice,2010,65135,1668.0,55576.0,15.8
16997,Japan,rice,2010,65135,1668.0,55576.0,15.87
16998,Japan,rice,2010,65135,1668.0,55576.0,13.82
17005,Japan,potato,2010,217531,1668.0,55576.0,16.12
17006,Japan,potato,2010,217531,1668.0,55576.0,13.82
17007,Japan,potato,2010,217531,1668.0,55576.0,16.01
17008,Japan,potato,2010,217531,1668.0,55576.0,15.8
17009,Japan,potato,2010,217531,1668.0,55576.0,15.87
17010,Japan,potato,2010,217531,1668.0,55576.0,13.82
17023,Japan,maize,2011,25797,1668.0,51796.3,15.71
17024,Japan,maize,2011,25797,1668.0,51796.3,13.32
17025,Japan,maize,2011,25797,1668.0,51796.3,15.62
17026,Japan,maize,2011,25797,1668.0,51796.3,15.38
17027,Japan,maize,2011,25797,1668.0,51796.3,15.43
17028,Japan,maize,2011,25797,1668.0,51796.3,13.32
17029,Japan,potato,2011,294691,1668.0,51796.3,15.71
17030,Japan,potato,2011,294691,1668.0,51796.3,13.32
17031,Japan,potato,2011,294691,1668.0,51796.3,15.62
17032,Japan,potato,2011,294691,1668.0,51796.3,15.38
17033,Japan,potato,2011,294691,1668.0,51796.3,15.43
17034,Japan,potato,2011,294691,1668.0,51796.3,13.32
17035,Japan,rice,2011,66624,1668.0,51796.3,15.71
17036,Japan,rice,2011,66624,1668.0,51796.3,13.32
17037,Japan,rice,2011,66624,1668.0,51796.3,15.62
17038,Japan,rice,2011,66624,1668.0,51796.3,15.38
17039,Japan,rice,2011,66624,1668.0,51796.3,15.43
17040,Japan,rice,2011,66624,1668.0,51796.3,13.32
17047,Japan,potato,2011,227738,1668.0,51796.3,15.71
17048,Japan,potato,2011,227738,1668.0,51796.3,13.32
17049,Japan,potato,2011,227738,1668.0,51796.3,15.62
17050,Japan,potato,2011,227738,1668.0,51796.3,15.38
17051,Japan,potato,2011,227738,1668.0,51796.3,15.43
17052,Japan,potato,2011,227738,1668.0,51796.3,13.32
17065,Japan,maize,2012,26154,1668.0,54716.4,15.53
17066,Japan,maize,2012,26154,1668.0,54716.4,13.11
17067,Japan,maize,2012,26154,1668.0,54716.4,15.54
17068,Japan,maize,2012,26154,1668.0,54716.4,15.14
17069,Japan,maize,2012,26154,1668.0,54716.4,15.21
17070,Japan,maize,2012,26154,1668.0,54716.4,13.11
17071,Japan,potato,2012,307882,1668.0,54716.4,15.53
17072,Japan,potato,2012,307882,1668.0,54716.4,13.11
17073,Japan,potato,2012,307882,1668.0,54716.4,15.54
17074,Japan,potato,2012,307882,1668.0,54716.4,15.14
17075,Japan,potato,2012,307882,1668.0,54716.4,15.21
17076,Japan,potato,2012,307882,1668.0,54716.4,13.11
17077,Japan,rice,2012,67388,1668.0,54716.4,15.53
17078,Japan,rice,2012,67388,1668.0,54716.4,13.11
17079,Japan,rice,2012,67388,1668.0,54716.4,15.54
17080,Japan,rice,2012,67388,1668.0,54716.4,15.14
17081,Japan,rice,2012,67388,1668.0,54716.4,15.21
17082,Japan,rice,2012,67388,1668.0,54716.4,13.11
17089,Japan,potato,2012,225747,1668.0,54716.4,15.53
17090,Japan,potato,2012,225747,1668.0,54716.4,13.11
17091,Japan,potato,2012,225747,1668.0,54716.4,15.54
17092,Japan,potato,2012,225747,1668.0,54716.4,15.14
17093,Japan,potato,2012,225747,1668.0,54716.4,15.21
17094,Japan,potato,2012,225747,1668.0,54716.4,13.11
17107,Japan,maize,2013,27273,1668.0,52794.3,16.54
17108,Japan,maize,2013,27273,1668.0,52794.3,13.91
17109,Japan,maize,2013,27273,1668.0,52794.3,16.3
17110,Japan,maize,2013,27273,1668.0,52794.3,16.0
17111,Japan,maize,2013,27273,1668.0,52794.3,16.02
17112,Japan,maize,2013,27273,1668.0,52794.3,13.91
17113,Japan,potato,2013,302133,1668.0,52794.3,16.54
17114,Japan,potato,2013,302133,1668.0,52794.3,13.91
17115,Japan,potato,2013,302133,1668.0,52794.3,16.3
17116,Japan,potato,2013,302133,1668.0,52794.3,16.0
17117,Japan,potato,2013,302133,1668.0,52794.3,16.02
17118,Japan,potato,2013,302133,1668.0,52794.3,13.91
17119,Japan,rice,2013,67280,1668.0,52794.3,16.54
17120,Japan,rice,2013,67280,1668.0,52794.3,13.91
17121,Japan,rice,2013,67280,1668.0,52794.3,16.3
17122,Japan,rice,2013,67280,1668.0,52794.3,16.0
17123,Japan,rice,2013,67280,1668.0,52794.3,16.02
17124,Japan,rice,2013,67280,1668.0,52794.3,13.91
17131,Japan,potato,2013,244119,1668.0,52794.3,16.54
17132,Japan,potato,2013,244119,1668.0,52794.3,13.91
17133,Japan,potato,2013,244119,1668.0,52794.3,16.3
17134,Japan,potato,2013,244119,1668.0,52794.3,16.0
17135,Japan,potato,2013,244119,1668.0,52794.3,16.02
17136,Japan,potato,2013,244119,1668.0,52794.3,13.91
17149,Kazakhstan,maize,1992,31214,250.0,17182.0,6.2
17150,Kazakhstan,maize,1992,31214,250.0,17182.0,2.78
17151,Kazakhstan,potato,1992,105923,250.0,17182.0,6.2
17152,Kazakhstan,potato,1992,105923,250.0,17182.0,2.78
17153,Kazakhstan,rice,1992,39915,250.0,17182.0,6.2
17154,Kazakhstan,rice,1992,39915,250.0,17182.0,2.78
17161,Kazakhstan,maize,1993,32677,250.0,17182.0,5.51
17162,Kazakhstan,maize,1993,32677,250.0,17182.0,1.63
17163,Kazakhstan,potato,1993,96200,250.0,17182.0,5.51
17164,Kazakhstan,potato,1993,96200,250.0,17182.0,1.63
17165,Kazakhstan,rice,1993,36871,250.0,17182.0,5.51
17166,Kazakhstan,rice,1993,36871,250.0,17182.0,1.63
17173,Kazakhstan,maize,1994,22387,250.0,17182.0,6.04
17174,Kazakhstan,maize,1994,22387,250.0,17182.0,3.12
17175,Kazakhstan,potato,1994,95739,250.0,17182.0,6.04
17176,Kazakhstan,potato,1994,95739,250.0,17182.0,3.12
17177,Kazakhstan,rice,1994,27937,250.0,17182.0,6.04
17178,Kazakhstan,rice,1994,27937,250.0,17182.0,3.12
17185,Kazakhstan,maize,1995,19316,250.0,13535.0,6.53
17186,Kazakhstan,maize,1995,19316,250.0,13535.0,4.33
17187,Kazakhstan,potato,1995,84589,250.0,13535.0,6.53
17188,Kazakhstan,potato,1995,84589,250.0,13535.0,4.33
17189,Kazakhstan,rice,1995,21932,250.0,13535.0,6.53
17190,Kazakhstan,rice,1995,21932,250.0,13535.0,4.33
17197,Kazakhstan,maize,1996,16795,250.0,13047.0,5.98
17198,Kazakhstan,maize,1996,16795,250.0,13047.0,1.61
17199,Kazakhstan,potato,1996,88347,250.0,13047.0,5.98
17200,Kazakhstan,potato,1996,88347,250.0,13047.0,1.61
17201,Kazakhstan,rice,1996,26155,250.0,13047.0,5.98
17202,Kazakhstan,rice,1996,26155,250.0,13047.0,1.61
17209,Kazakhstan,maize,1997,18136,250.0,8112.0,7.53
17210,Kazakhstan,maize,1997,18136,250.0,8112.0,4.52
17211,Kazakhstan,potato,1997,84078,250.0,8112.0,7.53
17212,Kazakhstan,potato,1997,84078,250.0,8112.0,4.52
17213,Kazakhstan,rice,1997,30765,250.0,8112.0,7.53
17214,Kazakhstan,rice,1997,30765,250.0,8112.0,4.52
17221,Kazakhstan,maize,1998,26780,250.0,6416.14,6.94
17222,Kazakhstan,maize,1998,26780,250.0,6416.14,3.25
17223,Kazakhstan,potato,1998,76679,250.0,6416.14,6.94
17224,Kazakhstan,potato,1998,76679,250.0,6416.14,3.25
17225,Kazakhstan,rice,1998,32162,250.0,6416.14,6.94
17226,Kazakhstan,rice,1998,32162,250.0,6416.14,3.25
17233,Kazakhstan,maize,1999,30168,250.0,4720.28,7.09
17234,Kazakhstan,maize,1999,30168,250.0,4720.28,3.73
17235,Kazakhstan,potato,1999,107532,250.0,4720.28,7.09
17236,Kazakhstan,potato,1999,107532,250.0,4720.28,3.73
17237,Kazakhstan,rice,1999,28070,250.0,4720.28,7.09
17238,Kazakhstan,rice,1999,28070,250.0,4720.28,3.73
17245,Kazakhstan,maize,2000,33350,250.0,3024.42,7.26
17246,Kazakhstan,maize,2000,33350,250.0,3024.42,3.23
17247,Kazakhstan,potato,2000,106383,250.0,3024.42,7.26
17248,Kazakhstan,potato,2000,106383,250.0,3024.42,3.23
17249,Kazakhstan,rice,2000,29723,250.0,3024.42,7.26
17250,Kazakhstan,rice,2000,29723,250.0,3024.42,3.23
17257,Kazakhstan,maize,2001,37125,250.0,3007.26,7.23
17258,Kazakhstan,maize,2001,37125,250.0,3007.26,3.85
17259,Kazakhstan,potato,2001,132897,250.0,3007.26,7.23
17260,Kazakhstan,potato,2001,132897,250.0,3007.26,3.85
17261,Kazakhstan,rice,2001,28714,250.0,3007.26,7.23
17262,Kazakhstan,rice,2001,28714,250.0,3007.26,3.85
17269,Kazakhstan,maize,2002,41370,250.0,3361.84,7.4
17270,Kazakhstan,maize,2002,41370,250.0,3361.84,4.77
17271,Kazakhstan,potato,2002,139278,250.0,3361.84,7.4
17272,Kazakhstan,potato,2002,139278,250.0,3361.84,4.77
17273,Kazakhstan,rice,2002,30288,250.0,3361.84,7.4
17274,Kazakhstan,rice,2002,30288,250.0,3361.84,4.77
17281,Kazakhstan,maize,2004,44575,250.0,3802.92,7.52
17282,Kazakhstan,maize,2004,44575,250.0,3802.92,4.18
17283,Kazakhstan,potato,2004,134485,250.0,3802.92,7.52
17284,Kazakhstan,potato,2004,134485,250.0,3802.92,4.18
17285,Kazakhstan,rice,2004,34182,250.0,3802.92,7.52
17286,Kazakhstan,rice,2004,34182,250.0,3802.92,4.18
17293,Kazakhstan,maize,2005,41546,250.0,3666.62,7.07
17294,Kazakhstan,maize,2005,41546,250.0,3666.62,4.0
17295,Kazakhstan,potato,2005,150135,250.0,3666.62,7.07
17296,Kazakhstan,potato,2005,150135,250.0,3666.62,4.0
17297,Kazakhstan,rice,2005,33518,250.0,3666.62,7.07
17298,Kazakhstan,rice,2005,33518,250.0,3666.62,4.0
17305,Kazakhstan,maize,2006,46317,250.0,3926.27,7.65
17306,Kazakhstan,maize,2006,46317,250.0,3926.27,3.88
17307,Kazakhstan,potato,2006,153851,250.0,3926.27,7.65
17308,Kazakhstan,potato,2006,153851,250.0,3926.27,3.88
17309,Kazakhstan,rice,2006,32966,250.0,3926.27,7.65
17310,Kazakhstan,rice,2006,32966,250.0,3926.27,3.88
17317,Kazakhstan,maize,2007,45636,250.0,5575.89,7.78
17318,Kazakhstan,maize,2007,45636,250.0,5575.89,4.14
17319,Kazakhstan,potato,2007,155792,250.0,5575.89,7.78
17320,Kazakhstan,potato,2007,155792,250.0,5575.89,4.14
17321,Kazakhstan,rice,2007,33678,250.0,5575.89,7.78
17322,Kazakhstan,rice,2007,33678,250.0,5575.89,4.14
17329,Kazakhstan,maize,2008,44042,250.0,7044.9,7.25
17330,Kazakhstan,maize,2008,44042,250.0,7044.9,4.19
17331,Kazakhstan,potato,2008,144356,250.0,7044.9,7.25
17332,Kazakhstan,potato,2008,144356,250.0,7044.9,4.19
17333,Kazakhstan,rice,2008,33736,250.0,7044.9,7.25
17334,Kazakhstan,rice,2008,33736,250.0,7044.9,4.19
17341,Kazakhstan,maize,2009,47500,250.0,8716.14,6.77
17342,Kazakhstan,maize,2009,47500,250.0,8716.14,3.03
17343,Kazakhstan,potato,2009,162092,250.0,8716.14,6.77
17344,Kazakhstan,potato,2009,162092,250.0,8716.14,3.03
17345,Kazakhstan,rice,2009,35323,250.0,8716.14,6.77
17346,Kazakhstan,rice,2009,35323,250.0,8716.14,3.03
17353,Kazakhstan,maize,2010,48331,250.0,6283.85,6.96
17354,Kazakhstan,maize,2010,48331,250.0,6283.85,2.95
17355,Kazakhstan,potato,2010,143194,250.0,6283.85,6.96
17356,Kazakhstan,potato,2010,143194,250.0,6283.85,2.95
17357,Kazakhstan,rice,2010,39697,250.0,6283.85,6.96
17358,Kazakhstan,rice,2010,39697,250.0,6283.85,2.95
17365,Kazakhstan,maize,2011,49864,250.0,10656.6,6.54
17366,Kazakhstan,maize,2011,49864,250.0,10656.6,2.67
17367,Kazakhstan,potato,2011,167176,250.0,10656.6,6.54
17368,Kazakhstan,potato,2011,167176,250.0,10656.6,2.67
17369,Kazakhstan,rice,2011,37152,250.0,10656.6,6.54
17370,Kazakhstan,rice,2011,37152,250.0,10656.6,2.67
17377,Kazakhstan,maize,2012,51877,250.0,8674.58,6.07
17378,Kazakhstan,maize,2012,51877,250.0,8674.58,2.5
17379,Kazakhstan,potato,2012,165927,250.0,8674.58,6.07
17380,Kazakhstan,potato,2012,165927,250.0,8674.58,2.5
17381,Kazakhstan,rice,2012,37712,250.0,8674.58,6.07
17382,Kazakhstan,rice,2012,37712,250.0,8674.58,2.5
17389,Kazakhstan,maize,2013,52779,250.0,8738.38,8.71
17390,Kazakhstan,maize,2013,52779,250.0,8738.38,5.49
17391,Kazakhstan,potato,2013,181522,250.0,8738.38,8.71
17392,Kazakhstan,potato,2013,181522,250.0,8738.38,5.49
17393,Kazakhstan,rice,2013,38500,250.0,8738.38,8.71
17394,Kazakhstan,rice,2013,38500,250.0,8738.38,5.49
17402,Kenya,maize,1990,16591,630.0,3469.0,15.94
17404,Kenya,potato,1990,88655,630.0,3469.0,15.94
17405,Kenya,rice,1990,30984,630.0,3469.0,15.94
17408,Kenya,potato,1990,99153,630.0,3469.0,15.94
17412,Kenya,maize,1991,18321,630.0,3469.0,16.26
17414,Kenya,potato,1991,113356,630.0,3469.0,16.26
17415,Kenya,rice,1991,38846,630.0,3469.0,16.26
17418,Kenya,potato,1991,109373,630.0,3469.0,16.26
17422,Kenya,maize,1992,17271,630.0,3469.0,16.34
17424,Kenya,potato,1992,92975,630.0,3469.0,16.34
17425,Kenya,rice,1992,35362,630.0,3469.0,16.34
17428,Kenya,potato,1992,67531,630.0,3469.0,16.34
17432,Kenya,maize,1993,15549,630.0,3469.0,16.36
17434,Kenya,potato,1993,117490,630.0,3469.0,16.36
17435,Kenya,rice,1993,41483,630.0,3469.0,16.36
17438,Kenya,potato,1993,96271,630.0,3469.0,16.36
17442,Kenya,maize,1994,20400,630.0,3469.0,16.58
17444,Kenya,potato,1994,97108,630.0,3469.0,16.58
17445,Kenya,rice,1994,43559,630.0,3469.0,16.58
17448,Kenya,potato,1994,104396,630.0,3469.0,16.58
17452,Kenya,maize,1995,18759,630.0,4607.0,16.52
17454,Kenya,potato,1995,96575,630.0,4607.0,16.52
17455,Kenya,rice,1995,40000,630.0,4607.0,16.52
17458,Kenya,potato,1995,100712,630.0,4607.0,16.52
17462,Kenya,maize,1996,14506,630.0,6344.0,16.44
17464,Kenya,potato,1996,75918,630.0,6344.0,16.44
17465,Kenya,rice,1996,40000,630.0,6344.0,16.44
17468,Kenya,potato,1996,79880,630.0,6344.0,16.44
17472,Kenya,maize,1997,14713,630.0,5172.0,16.77
17474,Kenya,potato,1997,70425,630.0,5172.0,16.77
17475,Kenya,rice,1997,39724,630.0,5172.0,16.77
17478,Kenya,potato,1997,111359,630.0,5172.0,16.77
17482,Kenya,maize,1998,16697,630.0,4114.0,16.53
17484,Kenya,potato,1998,75177,630.0,4114.0,16.53
17485,Kenya,rice,1998,48419,630.0,4114.0,16.53
17488,Kenya,potato,1998,80590,630.0,4114.0,16.53
17492,Kenya,maize,1999,14817,630.0,3056.0,16.7
17494,Kenya,potato,1999,91410,630.0,3056.0,16.7
17495,Kenya,rice,1999,39845,630.0,3056.0,16.7
17498,Kenya,potato,1999,105824,630.0,3056.0,16.7
17502,Kenya,maize,2000,14400,630.0,1998.0,16.73
17504,Kenya,potato,2000,61770,630.0,1998.0,16.73
17505,Kenya,rice,2000,37710,630.0,1998.0,16.73
17508,Kenya,potato,2000,88375,630.0,1998.0,16.73
17512,Kenya,maize,2001,17012,630.0,1578.0,16.1
17514,Kenya,potato,2001,91596,630.0,1578.0,16.1
17515,Kenya,rice,2001,34091,630.0,1578.0,16.1
17518,Kenya,potato,2001,90000,630.0,1578.0,16.1
17522,Kenya,maize,2002,15126,630.0,1578.0,16.61
17524,Kenya,potato,2002,77113,630.0,1578.0,16.61
17525,Kenya,rice,2002,34615,630.0,1578.0,16.61
17528,Kenya,potato,2002,85000,630.0,1578.0,16.61
17532,Kenya,maize,2004,19293,630.0,1578.0,16.92
17534,Kenya,potato,2004,84401,630.0,1578.0,16.92
17535,Kenya,rice,2004,37280,630.0,1578.0,16.92
17538,Kenya,potato,2004,94116,630.0,1578.0,16.92
17542,Kenya,maize,2005,16405,630.0,1578.0,17.28
17544,Kenya,potato,2005,200000,630.0,1578.0,17.28
17545,Kenya,rice,2005,39321,630.0,1578.0,17.28
17548,Kenya,potato,2005,109577,630.0,1578.0,17.28
17552,Kenya,maize,2006,17197,630.0,1578.0,16.92
17554,Kenya,potato,2006,200000,630.0,1578.0,16.92
17555,Kenya,rice,2006,28062,630.0,1578.0,16.92
17558,Kenya,potato,2006,96701,630.0,1578.0,16.92
17562,Kenya,maize,2007,18132,630.0,1578.0,16.6
17564,Kenya,potato,2007,200000,630.0,1578.0,16.6
17565,Kenya,rice,2007,28715,630.0,1578.0,16.6
17568,Kenya,potato,2007,132796,630.0,1578.0,16.6
17572,Kenya,maize,2008,13925,630.0,1578.0,16.66
17574,Kenya,potato,2008,214815,630.0,1578.0,16.66
17575,Kenya,rice,2008,13076,630.0,1578.0,16.66
17578,Kenya,potato,2008,142515,630.0,1578.0,16.66
17582,Kenya,maize,2009,12943,630.0,1578.0,17.3
17584,Kenya,potato,2009,191199,630.0,1578.0,17.3
17585,Kenya,rice,2009,19333,630.0,1578.0,17.3
17588,Kenya,potato,2009,132895,630.0,1578.0,17.3
17592,Kenya,maize,2010,17251,630.0,1578.0,16.82
17594,Kenya,potato,2010,224279,630.0,1578.0,16.82
17595,Kenya,rice,2010,42384,630.0,1578.0,16.82
17598,Kenya,potato,2010,99739,630.0,1578.0,16.82
17602,Kenya,maize,2011,15840,630.0,1578.0,16.9
17604,Kenya,potato,2011,191690,630.0,1578.0,16.9
17605,Kenya,rice,2011,39676,630.0,1578.0,16.9
17608,Kenya,potato,2011,122689,630.0,1578.0,16.9
17612,Kenya,maize,2012,17366,630.0,1578.0,16.84
17614,Kenya,potato,2012,203389,630.0,1578.0,16.84
17615,Kenya,rice,2012,46643,630.0,1578.0,16.84
17618,Kenya,potato,2012,128346,630.0,1578.0,16.84
17622,Kenya,maize,2013,16922,630.0,1578.0,16.91
17624,Kenya,potato,2013,144262,630.0,1578.0,16.91
17625,Kenya,rice,2013,39955,630.0,1578.0,16.91
17628,Kenya,potato,2013,124706,630.0,1578.0,16.91
17631,Latvia,potato,1992,120475,641.0,1005.0,6.89
17633,Latvia,potato,1993,145006,641.0,476.0,5.58
17635,Latvia,potato,1994,129963,641.0,294.0,5.87
17637,Latvia,potato,1995,114701,641.0,358.0,6.54
17639,Latvia,potato,1996,137471,641.0,361.0,4.9
17641,Latvia,potato,1997,135948,641.0,334.0,6.17
17643,Latvia,potato,1998,118044,641.0,369.0,5.95
17645,Latvia,potato,1999,158782,641.0,326.86,7.07
17647,Latvia,potato,2000,145634,641.0,284.72,7.47
17649,Latvia,potato,2001,111670,641.0,367.4,6.5
17651,Latvia,potato,2002,143358,641.0,335.31,6.83
17653,Latvia,potato,2004,128507,641.0,594.46,6.28
17655,Latvia,potato,2005,145942,641.0,723.54,6.3
17657,Latvia,potato,2006,122151,641.0,743.57,6.95
17659,Latvia,potato,2007,159330,641.0,1113.49,7.25
17661,Latvia,potato,2008,178148,641.0,1033.0,7.67
17663,Latvia,potato,2009,175133,641.0,881.2,6.51
17665,Latvia,potato,2010,160797,641.0,1027.5,5.67
17667,Latvia,potato,2011,168013,641.0,1070.5,7.25
17669,Latvia,potato,2012,191099,641.0,1396.96,5.96
17671,Latvia,potato,2013,181648,641.0,1250.0,7.25
17673,Lebanon,maize,1990,16910,661.0,1221.0,19.4
17674,Lebanon,potato,1990,180927,661.0,1221.0,19.4
17677,Lebanon,maize,1991,17467,661.0,1221.0,19.31
17678,Lebanon,potato,1991,201527,661.0,1221.0,19.31
17681,Lebanon,maize,1992,18715,661.0,1221.0,18.18
17682,Lebanon,potato,1992,210345,661.0,1221.0,18.18
17685,Lebanon,maize,1993,18919,661.0,1221.0,19.14
17686,Lebanon,potato,1993,203846,661.0,1221.0,19.14
17689,Lebanon,maize,1994,20288,661.0,1221.0,19.93
17690,Lebanon,potato,1994,234268,661.0,1221.0,19.93
17693,Lebanon,maize,1995,23269,661.0,1221.0,19.35
17694,Lebanon,potato,1995,238774,661.0,1221.0,19.35
17697,Lebanon,maize,1996,23461,661.0,1221.0,19.65
17698,Lebanon,potato,1996,241493,661.0,1221.0,19.65
17701,Lebanon,maize,1997,31111,661.0,1816.0,18.99
17702,Lebanon,potato,1997,220000,661.0,1816.0,18.99
17705,Lebanon,maize,1998,50000,661.0,1816.0,20.19
17706,Lebanon,potato,1998,200000,661.0,1816.0,20.19
17709,Lebanon,maize,1999,57143,661.0,1816.0,20.25
17710,Lebanon,potato,1999,190270,661.0,1816.0,20.25
17713,Lebanon,maize,2000,38889,661.0,1816.0,19.65
17714,Lebanon,potato,2000,213178,661.0,1816.0,19.65
17717,Lebanon,maize,2001,43231,661.0,1816.0,20.29
17718,Lebanon,potato,2001,215966,661.0,1816.0,20.29
17721,Lebanon,maize,2002,32435,661.0,1816.0,19.91
17722,Lebanon,potato,2002,234970,661.0,1816.0,19.91
17725,Lebanon,maize,2004,60000,661.0,1816.0,19.72
17726,Lebanon,potato,2004,255504,661.0,1816.0,19.72
17729,Lebanon,maize,2005,37778,661.0,1816.0,19.68
17730,Lebanon,potato,2005,259594,661.0,1816.0,19.68
17733,Lebanon,maize,2006,29524,661.0,1816.0,19.59
17734,Lebanon,potato,2006,200000,661.0,1816.0,19.59
17737,Lebanon,maize,2007,34444,661.0,1816.0,20.04
17738,Lebanon,potato,2007,256020,661.0,1816.0,20.04
17741,Lebanon,maize,2008,37778,661.0,1816.0,20.24
17742,Lebanon,potato,2008,256020,661.0,1816.0,20.24
17745,Lebanon,maize,2009,36210,661.0,1816.0,20.19
17746,Lebanon,potato,2009,224868,661.0,1816.0,20.19
17749,Lebanon,maize,2010,37199,661.0,1816.0,21.26
17750,Lebanon,potato,2010,238514,661.0,1816.0,21.26
17753,Lebanon,maize,2011,36468,661.0,1816.0,19.67
17754,Lebanon,potato,2011,239130,661.0,1816.0,19.67
17757,Lebanon,maize,2012,36025,661.0,1816.0,20.19
17758,Lebanon,potato,2012,233333,661.0,1816.0,20.19
17761,Lebanon,maize,2013,35621,661.0,1816.0,20.08
17762,Lebanon,potato,2013,260759,661.0,1816.0,20.08
17765,Lesotho,maize,1990,11000,788.0,0.3,14.48
17766,Lesotho,potato,1990,176905,788.0,0.3,14.48
17769,Lesotho,maize,1991,5408,788.0,0.3,14.66
17770,Lesotho,potato,1991,156250,788.0,0.3,14.66
17773,Lesotho,maize,1992,5792,788.0,0.3,15.16
17774,Lesotho,potato,1992,148649,788.0,0.3,15.16
17777,Lesotho,maize,1993,8875,788.0,0.3,14.95
17778,Lesotho,potato,1993,150000,788.0,0.3,14.95
17781,Lesotho,maize,1994,8629,788.0,0.3,14.22
17782,Lesotho,potato,1994,155556,788.0,0.3,14.22
17785,Lesotho,maize,1995,8126,788.0,0.3,14.55
17786,Lesotho,potato,1995,156169,788.0,0.3,14.55
17789,Lesotho,maize,1996,12490,788.0,0.3,13.93
17790,Lesotho,potato,1996,157202,788.0,0.3,13.93
17793,Lesotho,maize,1997,9857,788.0,0.3,14.28
17794,Lesotho,potato,1997,159574,788.0,0.3,14.28
17797,Lesotho,maize,1998,13171,788.0,0.3,14.81
17798,Lesotho,potato,1998,160000,788.0,0.3,14.81
17801,Lesotho,maize,1999,9410,788.0,0.3,15.34
17802,Lesotho,potato,1999,163462,788.0,0.3,15.34
17805,Lesotho,maize,2000,6773,788.0,0.3,14.37
17806,Lesotho,potato,2000,164151,788.0,0.3,14.37
17809,Lesotho,maize,2001,8913,788.0,0.3,14.62
17810,Lesotho,potato,2001,162963,788.0,0.3,14.62
17813,Lesotho,maize,2002,8088,788.0,0.3,14.69
17814,Lesotho,potato,2002,162858,788.0,0.3,14.69
17817,Lesotho,maize,2004,6347,788.0,0.3,14.91
17818,Lesotho,potato,2004,163654,788.0,0.3,14.91
17821,Lesotho,maize,2005,7011,788.0,0.53,14.89
17822,Lesotho,potato,2005,164086,788.0,0.53,14.89
17825,Lesotho,maize,2006,5974,788.0,5.25,14.18
17826,Lesotho,potato,2006,164720,788.0,5.25,14.18
17829,Lesotho,maize,2007,4877,788.0,35.27,14.81
17830,Lesotho,potato,2007,166071,788.0,35.27,14.81
17833,Lesotho,maize,2008,4349,788.0,37.44,14.74
17834,Lesotho,potato,2008,166379,788.0,37.44,14.74
17837,Lesotho,maize,2009,4159,788.0,77.7,14.62
17838,Lesotho,potato,2009,159649,788.0,77.7,14.62
17841,Lesotho,maize,2010,9071,788.0,80.07,15.23
17842,Lesotho,potato,2010,165000,788.0,80.07,15.23
17845,Lesotho,maize,2011,6344,788.0,175.27,14.32
17846,Lesotho,potato,2011,164706,788.0,175.27,14.32
17849,Lesotho,maize,2012,6712,788.0,271.84,14.62
17850,Lesotho,potato,2012,164286,788.0,271.84,14.62
17853,Lesotho,maize,2013,8227,788.0,62.32,14.03
17854,Lesotho,potato,2013,173611,788.0,62.32,14.03
17857,Libya,maize,1990,10000,56.0,87.0,19.6
17858,Libya,maize,1990,10000,56.0,87.0,20.53
17859,Libya,potato,1990,80556,56.0,87.0,19.6
17860,Libya,potato,1990,80556,56.0,87.0,20.53
17863,Libya,maize,1991,12417,56.0,87.0,18.96
17864,Libya,maize,1991,12417,56.0,87.0,19.47
17865,Libya,potato,1991,81319,56.0,87.0,18.96
17866,Libya,potato,1991,81319,56.0,87.0,19.47
17869,Libya,maize,1992,12627,56.0,87.0,19.03
17870,Libya,maize,1992,12627,56.0,87.0,19.67
17871,Libya,potato,1992,78947,56.0,87.0,19.03
17872,Libya,potato,1992,78947,56.0,87.0,19.67
17875,Libya,maize,1993,12878,56.0,87.0,19.51
17876,Libya,maize,1993,12878,56.0,87.0,20.12
17877,Libya,potato,1993,85822,56.0,87.0,19.51
17878,Libya,potato,1993,85822,56.0,87.0,20.12
17881,Libya,maize,1994,12387,56.0,87.0,19.86
17882,Libya,maize,1994,12387,56.0,87.0,20.55
17883,Libya,potato,1994,116667,56.0,87.0,19.86
17884,Libya,potato,1994,116667,56.0,87.0,20.55
17887,Libya,maize,1995,13239,56.0,87.0,19.47
17888,Libya,maize,1995,13239,56.0,87.0,20.03
17889,Libya,potato,1995,165267,56.0,87.0,19.47
17890,Libya,potato,1995,165267,56.0,87.0,20.03
17893,Libya,maize,1996,10526,56.0,87.0,19.24
17894,Libya,maize,1996,10526,56.0,87.0,20.21
17895,Libya,potato,1996,187273,56.0,87.0,19.24
17896,Libya,potato,1996,187273,56.0,87.0,20.21
17899,Libya,maize,1997,17500,56.0,255.0,19.3
17900,Libya,maize,1997,17500,56.0,255.0,20.32
17901,Libya,potato,1997,174212,56.0,255.0,19.3
17902,Libya,potato,1997,174212,56.0,255.0,20.32
17905,Libya,maize,1998,18000,56.0,1262.38,19.75
17906,Libya,maize,1998,18000,56.0,1262.38,20.24
17907,Libya,potato,1998,180000,56.0,1262.38,19.75
17908,Libya,potato,1998,180000,56.0,1262.38,20.24
17911,Libya,maize,1999,20000,56.0,2269.75,20.27
17912,Libya,maize,1999,20000,56.0,2269.75,21.08
17913,Libya,potato,1999,249910,56.0,2269.75,20.27
17914,Libya,potato,1999,249910,56.0,2269.75,21.08
17917,Libya,maize,2000,28900,56.0,3277.13,19.59
17918,Libya,maize,2000,28900,56.0,3277.13,20.37
17919,Libya,potato,2000,200000,56.0,3277.13,19.59
17920,Libya,potato,2000,200000,56.0,3277.13,20.37
17923,Libya,maize,2001,20000,56.0,4284.5,20.09
17924,Libya,maize,2001,20000,56.0,4284.5,21.1
17925,Libya,potato,2001,195000,56.0,4284.5,20.09
17926,Libya,potato,2001,195000,56.0,4284.5,21.1
17929,Libya,maize,2002,15000,56.0,5291.88,19.96
17930,Libya,maize,2002,15000,56.0,5291.88,20.73
17931,Libya,potato,2002,195000,56.0,5291.88,19.96
17932,Libya,potato,2002,195000,56.0,5291.88,20.73
17935,Libya,maize,2004,24000,56.0,7306.63,19.76
17936,Libya,maize,2004,24000,56.0,7306.63,20.46
17937,Libya,potato,2004,195000,56.0,7306.63,19.76
17938,Libya,potato,2004,195000,56.0,7306.63,20.46
17941,Libya,maize,2005,24000,56.0,8314.0,19.48
17942,Libya,maize,2005,24000,56.0,8314.0,20.28
17943,Libya,potato,2005,157629,56.0,8314.0,19.48
17944,Libya,potato,2005,157629,56.0,8314.0,20.28
17947,Libya,maize,2006,22246,56.0,4847.0,19.48
17948,Libya,maize,2006,22246,56.0,4847.0,20.64
17949,Libya,potato,2006,195440,56.0,4847.0,19.48
17950,Libya,potato,2006,195440,56.0,4847.0,20.64
17953,Libya,maize,2007,22246,56.0,3170.0,19.87
17954,Libya,maize,2007,22246,56.0,3170.0,20.68
17955,Libya,potato,2007,193333,56.0,3170.0,19.87
17956,Libya,potato,2007,193333,56.0,3170.0,20.68
17959,Libya,maize,2008,22129,56.0,3824.0,20.17
17960,Libya,maize,2008,22129,56.0,3824.0,20.61
17961,Libya,potato,2008,193333,56.0,3824.0,20.17
17962,Libya,potato,2008,193333,56.0,3824.0,20.61
17965,Libya,maize,2009,24790,56.0,6046.0,19.93
17966,Libya,maize,2009,24790,56.0,6046.0,20.54
17967,Libya,potato,2009,194380,56.0,6046.0,19.93
17968,Libya,potato,2009,194380,56.0,6046.0,20.54
17971,Libya,maize,2010,19333,56.0,3548.0,20.51
17972,Libya,maize,2010,19333,56.0,3548.0,21.17
17973,Libya,potato,2010,193849,56.0,3548.0,20.51
17974,Libya,potato,2010,193849,56.0,3548.0,21.17
17977,Libya,maize,2011,21419,56.0,3548.0,19.44
17978,Libya,maize,2011,21419,56.0,3548.0,20.29
17979,Libya,potato,2011,189247,56.0,3548.0,19.44
17980,Libya,potato,2011,189247,56.0,3548.0,20.29
17983,Libya,maize,2012,21613,56.0,3548.0,20.01
17984,Libya,maize,2012,21613,56.0,3548.0,20.81
17985,Libya,potato,2012,189474,56.0,3548.0,20.01
17986,Libya,potato,2012,189474,56.0,3548.0,20.81
17989,Libya,maize,2013,20000,56.0,3548.0,19.93
17990,Libya,maize,2013,20000,56.0,3548.0,20.78
17991,Libya,potato,2013,196667,56.0,3548.0,19.93
17992,Libya,potato,2013,196667,56.0,3548.0,20.78
17995,Lithuania,maize,1992,13710,656.0,1380.0,7.04
17996,Lithuania,potato,1992,94916,656.0,1380.0,7.04
17998,Lithuania,maize,1993,13833,656.0,936.0,5.79
17999,Lithuania,potato,1993,145414,656.0,936.0,5.79
18001,Lithuania,maize,1994,13956,656.0,713.0,6.3
18002,Lithuania,potato,1994,94112,656.0,713.0,6.3
18004,Lithuania,maize,1995,14079,656.0,737.0,6.68
18005,Lithuania,potato,1995,127992,656.0,737.0,6.68
18007,Lithuania,maize,1996,14201,656.0,979.0,5.09
18008,Lithuania,potato,1996,163152,656.0,979.0,5.09
18010,Lithuania,maize,1997,14708,656.0,928.0,6.29
18011,Lithuania,potato,1997,150974,656.0,928.0,6.29
18013,Lithuania,maize,1998,16062,656.0,812.0,6.27
18014,Lithuania,potato,1998,135771,656.0,812.0,6.27
18016,Lithuania,maize,1999,17416,656.0,695.0,7.31
18017,Lithuania,potato,1999,141049,656.0,695.0,7.31
18019,Lithuania,maize,2000,18464,656.0,688.06,7.69
18020,Lithuania,potato,2000,163916,656.0,688.06,7.69
18022,Lithuania,maize,2001,22277,656.0,726.09,6.75
18023,Lithuania,potato,2001,102868,656.0,726.09,6.75
18025,Lithuania,maize,2002,28621,656.0,792.6,7.26
18026,Lithuania,potato,2002,154365,656.0,792.6,7.26
18028,Lithuania,maize,2004,21429,656.0,1023.6,6.43
18029,Lithuania,potato,2004,128802,656.0,1023.6,6.43
18031,Lithuania,maize,2005,30625,656.0,1048.5,6.5
18032,Lithuania,potato,2005,120987,656.0,1048.5,6.5
18034,Lithuania,maize,2006,23500,656.0,1197.0,6.98
18035,Lithuania,potato,2006,79083,656.0,1197.0,6.98
18037,Lithuania,maize,2007,48148,656.0,2722.82,7.44
18038,Lithuania,potato,2007,109110,656.0,2722.82,7.44
18040,Lithuania,maize,2008,42105,656.0,2722.55,7.84
18041,Lithuania,potato,2008,148017,656.0,2722.55,7.84
18043,Lithuania,maize,2009,43273,656.0,2748.8,6.7
18044,Lithuania,potato,2009,142167,656.0,2748.8,6.7
18046,Lithuania,maize,2010,66901,656.0,1803.77,6.14
18047,Lithuania,potato,2010,130301,656.0,1803.77,6.14
18049,Lithuania,maize,2011,74896,656.0,2062.34,7.32
18050,Lithuania,potato,2011,155889,656.0,2062.34,7.32
18052,Lithuania,maize,2012,61085,656.0,2559.9,6.31
18053,Lithuania,potato,2012,170776,656.0,2559.9,6.31
18055,Lithuania,maize,2013,73953,656.0,2515.69,7.42
18056,Lithuania,potato,2013,148606,656.0,2515.69,7.42
18059,Madagascar,maize,1990,9848,1513.0,128.41,19.62
18060,Madagascar,potato,1990,69744,1513.0,128.41,19.62
18061,Madagascar,rice,1990,20773,1513.0,128.41,19.62
18064,Madagascar,potato,1990,53407,1513.0,128.41,19.62
18067,Madagascar,maize,1991,9667,1513.0,131.0,19.79
18068,Madagascar,potato,1991,55983,1513.0,131.0,19.79
18069,Madagascar,rice,1991,20546,1513.0,131.0,19.79
18072,Madagascar,potato,1991,50308,1513.0,131.0,19.79
18075,Madagascar,maize,1992,8125,1513.0,101.06,19.76
18076,Madagascar,potato,1992,56560,1513.0,101.06,19.76
18077,Madagascar,rice,1992,20869,1513.0,101.06,19.76
18080,Madagascar,potato,1992,53107,1513.0,101.06,19.76
18083,Madagascar,maize,1993,8972,1513.0,109.41,19.95
18084,Madagascar,potato,1993,56429,1513.0,109.41,19.95
18085,Madagascar,rice,1993,20782,1513.0,109.41,19.95
18088,Madagascar,potato,1993,51059,1513.0,109.41,19.95
18091,Madagascar,maize,1994,9451,1513.0,76.15,19.96
18092,Madagascar,potato,1994,58442,1513.0,76.15,19.96
18093,Madagascar,rice,1994,20694,1513.0,76.15,19.96
18096,Madagascar,potato,1994,53846,1513.0,76.15,19.96
18099,Madagascar,maize,1995,9628,1513.0,73.08,19.96
18100,Madagascar,potato,1995,56853,1513.0,73.08,19.96
18101,Madagascar,rice,1995,21304,1513.0,73.08,19.96
18104,Madagascar,potato,1995,59055,1513.0,73.08,19.96
18107,Madagascar,maize,1996,9299,1513.0,152.01,19.71
18108,Madagascar,potato,1996,57166,1513.0,152.01,19.71
18109,Madagascar,rice,1996,21930,1513.0,152.01,19.71
18112,Madagascar,potato,1996,58140,1513.0,152.01,19.71
18115,Madagascar,maize,1997,9368,1513.0,139.89,19.97
18116,Madagascar,potato,1997,57377,1513.0,139.89,19.97
18117,Madagascar,rice,1997,21737,1513.0,139.89,19.97
18120,Madagascar,potato,1997,56044,1513.0,139.89,19.97
18123,Madagascar,maize,1998,8306,1513.0,88.26,20.11
18124,Madagascar,potato,1998,57377,1513.0,88.26,20.11
18125,Madagascar,rice,1998,20341,1513.0,88.26,20.11
18128,Madagascar,potato,1998,54255,1513.0,88.26,20.11
18131,Madagascar,maize,1999,9162,1513.0,49.52,19.82
18132,Madagascar,potato,1999,59388,1513.0,49.52,19.82
18133,Madagascar,rice,1999,21284,1513.0,49.52,19.82
18136,Madagascar,potato,1999,56522,1513.0,49.52,19.82
18139,Madagascar,maize,2000,8838,1513.0,130.46,19.65
18140,Madagascar,potato,2000,58269,1513.0,130.46,19.65
18141,Madagascar,rice,2000,20512,1513.0,130.46,19.65
18144,Madagascar,potato,2000,56319,1513.0,130.46,19.65
18147,Madagascar,maize,2001,9290,1513.0,87.59,20.12
18148,Madagascar,potato,2001,59661,1513.0,87.59,20.12
18149,Madagascar,rice,2001,21956,1513.0,87.59,20.12
18152,Madagascar,potato,2001,57555,1513.0,87.59,20.12
18155,Madagascar,maize,2002,8845,1513.0,240.84,20.14
18156,Madagascar,potato,2002,59621,1513.0,240.84,20.14
18157,Madagascar,rice,2002,21414,1513.0,240.84,20.14
18160,Madagascar,potato,2002,52178,1513.0,240.84,20.14
18163,Madagascar,maize,2004,17779,1513.0,68.01,19.87
18164,Madagascar,potato,2004,56139,1513.0,68.01,19.87
18165,Madagascar,rice,2004,24475,1513.0,68.01,19.87
18168,Madagascar,potato,2004,51282,1513.0,68.01,19.87
18171,Madagascar,maize,2005,15464,1513.0,114.51,20.05
18172,Madagascar,potato,2005,58561,1513.0,114.51,20.05
18173,Madagascar,rice,2005,27140,1513.0,114.51,20.05
18176,Madagascar,potato,2005,70897,1513.0,114.51,20.05
18179,Madagascar,maize,2006,15891,1513.0,109.39,20.09
18180,Madagascar,potato,2006,58565,1513.0,109.39,20.09
18181,Madagascar,rice,2006,27667,1513.0,109.39,20.09
18184,Madagascar,potato,2006,72428,1513.0,109.39,20.09
18187,Madagascar,maize,2007,16191,1513.0,93.88,20.02
18188,Madagascar,potato,2007,59881,1513.0,93.88,20.02
18189,Madagascar,rice,2007,28268,1513.0,93.88,20.02
18192,Madagascar,potato,2007,72814,1513.0,93.88,20.02
18195,Madagascar,maize,2008,16569,1513.0,112.11,19.79
18196,Madagascar,potato,2008,59912,1513.0,112.11,19.79
18197,Madagascar,rice,2008,30495,1513.0,112.11,19.79
18200,Madagascar,potato,2008,71262,1513.0,112.11,19.79
18203,Madagascar,maize,2009,16225,1513.0,143.9,20.13
18204,Madagascar,potato,2009,59915,1513.0,143.9,20.13
18205,Madagascar,rice,2009,35056,1513.0,143.9,20.13
18208,Madagascar,potato,2009,71721,1513.0,143.9,20.13
18211,Madagascar,maize,2010,15577,1513.0,241.89,20.31
18212,Madagascar,potato,2010,58940,1513.0,241.89,20.31
18213,Madagascar,rice,2010,36249,1513.0,241.89,20.31
18216,Madagascar,potato,2010,72205,1513.0,241.89,20.31
18219,Madagascar,maize,2011,15490,1513.0,310.36,20.33
18220,Madagascar,potato,2011,58963,1513.0,310.36,20.33
18221,Madagascar,rice,2011,37806,1513.0,310.36,20.33
18224,Madagascar,potato,2011,74011,1513.0,310.36,20.33
18227,Madagascar,maize,2012,16290,1513.0,377.71,19.78
18228,Madagascar,potato,2012,59267,1513.0,377.71,19.78
18229,Madagascar,rice,2012,37661,1513.0,377.71,19.78
18232,Madagascar,potato,2012,75760,1513.0,377.71,19.78
18235,Madagascar,maize,2013,16288,1513.0,507.94,19.34
18236,Madagascar,potato,2013,59375,1513.0,507.94,19.34
18237,Madagascar,rice,2013,39449,1513.0,507.94,19.34
18240,Madagascar,potato,2013,77058,1513.0,507.94,19.34
18243,Malawi,maize,1990,9993,1181.0,173.19,20.86
18245,Malawi,potato,1990,102044,1181.0,173.19,20.86
18246,Malawi,rice,1990,14903,1181.0,173.19,20.86
18250,Malawi,maize,1991,11419,1181.0,173.19,20.4
18252,Malawi,potato,1991,66730,1181.0,173.19,20.4
18253,Malawi,rice,1991,19237,1181.0,173.19,20.4
18257,Malawi,maize,1992,4802,1181.0,173.19,20.89
18259,Malawi,potato,1992,135970,1181.0,173.19,20.89
18260,Malawi,rice,1992,13046,1181.0,173.19,20.89
18264,Malawi,maize,1993,15327,1181.0,173.19,20.43
18266,Malawi,potato,1993,90947,1181.0,173.19,20.43
18267,Malawi,rice,1993,16834,1181.0,173.19,20.43
18271,Malawi,maize,1994,9209,1181.0,173.19,20.59
18273,Malawi,potato,1994,85376,1181.0,173.19,20.59
18274,Malawi,rice,1994,15195,1181.0,173.19,20.59
18278,Malawi,maize,1995,13517,1181.0,173.19,20.86
18280,Malawi,potato,1995,58002,1181.0,173.19,20.86
18281,Malawi,rice,1995,15635,1181.0,173.19,20.86
18285,Malawi,maize,1996,14433,1181.0,173.19,20.47
18287,Malawi,potato,1996,90293,1181.0,173.19,20.47
18288,Malawi,rice,1996,17619,1181.0,173.19,20.47
18292,Malawi,maize,1997,10959,1181.0,173.19,20.62
18294,Malawi,potato,1997,95765,1181.0,173.19,20.62
18295,Malawi,rice,1997,16273,1181.0,173.19,20.62
18299,Malawi,maize,1998,13711,1181.0,131.59,20.92
18301,Malawi,potato,1998,104774,1181.0,131.59,20.92
18302,Malawi,rice,1998,16409,1181.0,131.59,20.92
18306,Malawi,maize,1999,18109,1181.0,123.64,20.26
18308,Malawi,potato,1999,112207,1181.0,123.64,20.26
18309,Malawi,rice,1999,20279,1181.0,123.64,20.26
18313,Malawi,maize,2000,17428,1181.0,220.22,20.22
18315,Malawi,potato,2000,114561,1181.0,220.22,20.22
18316,Malawi,rice,2000,16451,1181.0,220.22,20.22
18320,Malawi,maize,2001,11845,1181.0,177.24,20.59
18322,Malawi,potato,2001,135370,1181.0,177.24,20.59
18323,Malawi,rice,2001,18576,1181.0,177.24,20.59
18327,Malawi,maize,2002,10460,1181.0,134.25,20.76
18329,Malawi,potato,2002,126773,1181.0,134.25,20.76
18330,Malawi,rice,2002,16425,1181.0,134.25,20.76
18334,Malawi,maize,2004,10460,1181.0,48.28,20.44
18336,Malawi,potato,2004,120873,1181.0,48.28,20.44
18337,Malawi,rice,2004,11681,1181.0,48.28,20.44
18342,Malawi,maize,2005,8093,1181.0,295.51,21.37
18344,Malawi,potato,2005,90371,1181.0,295.51,21.37
18345,Malawi,rice,2005,8424,1181.0,295.51,21.37
18350,Malawi,maize,2006,14814,1181.0,202.35,20.63
18352,Malawi,potato,2006,133445,1181.0,202.35,20.63
18353,Malawi,rice,2006,17576,1181.0,202.35,20.63
18358,Malawi,maize,2007,26547,1181.0,524.46,20.67
18360,Malawi,potato,2007,151922,1181.0,524.46,20.67
18361,Malawi,rice,2007,19481,1181.0,524.46,20.67
18366,Malawi,maize,2008,16498,1181.0,624.52,20.42
18368,Malawi,potato,2008,146009,1181.0,624.52,20.42
18369,Malawi,rice,2008,18200,1181.0,624.52,20.42
18374,Malawi,maize,2009,22265,1181.0,736.25,20.68
18376,Malawi,potato,2009,161923,1181.0,736.25,20.68
18377,Malawi,rice,2009,21259,1181.0,736.25,20.68
18382,Malawi,maize,2010,20158,1181.0,584.12,21.34
18384,Malawi,potato,2010,160600,1181.0,584.12,21.34
18385,Malawi,rice,2010,18631,1181.0,584.12,21.34
18390,Malawi,maize,2011,22079,1181.0,553.57,20.92
18392,Malawi,potato,2011,159930,1181.0,553.57,20.92
18393,Malawi,rice,2011,19125,1181.0,553.57,20.92
18398,Malawi,maize,2012,21932,1181.0,775.83,20.42
18400,Malawi,potato,2012,172009,1181.0,775.83,20.42
18401,Malawi,rice,2012,18453,1181.0,775.83,20.42
18406,Malawi,maize,2013,21708,1181.0,1500.27,19.68
18408,Malawi,potato,2013,175414,1181.0,1500.27,19.68
18409,Malawi,rice,2013,19174,1181.0,1500.27,19.68
18414,Malaysia,maize,1990,17500,2875.0,39406.48,27.21
18415,Malaysia,rice,1990,27694,2875.0,39406.48,27.21
18417,Malaysia,potato,1990,110000,2875.0,39406.48,27.21
18419,Malaysia,maize,1991,17500,2875.0,39406.48,27.04
18420,Malaysia,rice,1991,28178,2875.0,39406.48,27.04
18421,Malaysia,potato,1991,110000,2875.0,39406.48,27.04
18423,Malaysia,maize,1992,17143,2875.0,39406.48,27.05
18424,Malaysia,rice,1992,29918,2875.0,39406.48,27.05
18425,Malaysia,potato,1992,110000,2875.0,39406.48,27.05
18427,Malaysia,maize,1993,19000,2875.0,39406.48,26.99
18428,Malaysia,rice,1993,30348,2875.0,39406.48,26.99
18429,Malaysia,potato,1993,110000,2875.0,39406.48,26.99
18431,Malaysia,maize,1994,20000,2875.0,39406.48,27.0
18432,Malaysia,rice,1994,30614,2875.0,39406.48,27.0
18433,Malaysia,potato,1994,110000,2875.0,39406.48,27.0
18435,Malaysia,maize,1995,18696,2875.0,39406.48,27.05
18436,Malaysia,rice,1995,31619,2875.0,39406.48,27.05
18437,Malaysia,potato,1995,110000,2875.0,39406.48,27.05
18439,Malaysia,maize,1996,18000,2875.0,39406.48,27.04
18440,Malaysia,rice,1996,32510,2875.0,39406.48,27.04
18441,Malaysia,potato,1996,109375,2875.0,39406.48,27.04
18443,Malaysia,maize,1997,18462,2875.0,39406.48,27.29
18444,Malaysia,rice,1997,30676,2875.0,39406.48,27.29
18445,Malaysia,potato,1997,111111,2875.0,39406.48,27.29
18447,Malaysia,maize,1998,18519,2875.0,39406.48,27.89
18448,Malaysia,rice,1998,28829,2875.0,39406.48,27.89
18449,Malaysia,potato,1998,112000,2875.0,39406.48,27.89
18451,Malaysia,maize,1999,21111,2875.0,39406.48,26.95
18452,Malaysia,rice,1999,29415,2875.0,39406.48,26.95
18453,Malaysia,potato,1999,108696,2875.0,39406.48,26.95
18455,Malaysia,maize,2000,24074,2875.0,39406.48,27.14
18456,Malaysia,rice,2000,30640,2875.0,39406.48,27.14
18457,Malaysia,potato,2000,111111,2875.0,39406.48,27.14
18459,Malaysia,maize,2001,30455,2875.0,39406.48,27.24
18460,Malaysia,rice,2001,31101,2875.0,39406.48,27.24
18461,Malaysia,potato,2001,113900,2875.0,39406.48,27.24
18463,Malaysia,maize,2002,30435,2875.0,39406.48,27.57
18464,Malaysia,rice,2002,32385,2875.0,39406.48,27.57
18465,Malaysia,potato,2002,108800,2875.0,39406.48,27.57
18467,Malaysia,maize,2004,30000,2875.0,39406.48,27.35
18468,Malaysia,rice,2004,33260,2875.0,39406.48,27.35
18469,Malaysia,potato,2004,120523,2875.0,39406.48,27.35
18471,Malaysia,maize,2005,30000,2875.0,39406.48,27.59
18472,Malaysia,rice,2005,34221,2875.0,39406.48,27.59
18473,Malaysia,potato,2005,126406,2875.0,39406.48,27.59
18475,Malaysia,maize,2006,32000,2875.0,39406.48,27.29
18476,Malaysia,rice,2006,33907,2875.0,39406.48,27.29
18477,Malaysia,potato,2006,142868,2875.0,39406.48,27.29
18479,Malaysia,maize,2007,48554,2875.0,46868.35,27.23
18480,Malaysia,rice,2007,35277,2875.0,46868.35,27.23
18481,Malaysia,potato,2007,162751,2875.0,46868.35,27.23
18483,Malaysia,maize,2008,52192,2875.0,54821.91,27.12
18484,Malaysia,rice,2008,35836,2875.0,54821.91,27.12
18485,Malaysia,potato,2008,139251,2875.0,54821.91,27.12
18487,Malaysia,maize,2009,50719,2875.0,52464.19,27.47
18488,Malaysia,rice,2009,37205,2875.0,52464.19,27.47
18489,Malaysia,potato,2009,103094,2875.0,52464.19,27.47
18491,Malaysia,maize,2010,55351,2875.0,60194.83,27.69
18492,Malaysia,rice,2010,36361,2875.0,60194.83,27.69
18493,Malaysia,potato,2010,106534,2875.0,60194.83,27.69
18495,Malaysia,maize,2011,61320,2875.0,41562.16,27.27
18496,Malaysia,rice,2011,37468,2875.0,41562.16,27.27
18497,Malaysia,potato,2011,119255,2875.0,41562.16,27.27
18499,Malaysia,maize,2012,89681,2875.0,49810.48,27.36
18500,Malaysia,rice,2012,37972,2875.0,49810.48,27.36
18501,Malaysia,potato,2012,215175,2875.0,49810.48,27.36
18503,Malaysia,maize,2013,88991,2875.0,61445.6,27.8
18504,Malaysia,rice,2013,38763,2875.0,61445.6,27.8
18505,Malaysia,potato,2013,166824,2875.0,61445.6,27.8
18507,Mali,maize,1990,11566,282.0,95.7,27.61
18508,Mali,potato,1990,180000,282.0,95.7,27.61
18509,Mali,rice,1990,14360,282.0,95.7,27.61
18512,Mali,potato,1990,48316,282.0,95.7,27.61
18516,Mali,maize,1991,13824,282.0,54.63,27.58
18517,Mali,potato,1991,175000,282.0,54.63,27.58
18518,Mali,rice,1991,17274,282.0,54.63,27.58
18521,Mali,potato,1991,46740,282.0,54.63,27.58
18525,Mali,maize,1992,10050,282.0,35.42,27.2
18526,Mali,potato,1992,178057,282.0,35.42,27.2
18527,Mali,rice,1992,17583,282.0,35.42,27.2
18530,Mali,potato,1992,47872,282.0,35.42,27.2
18534,Mali,maize,1993,11029,282.0,33.19,27.55
18535,Mali,potato,1993,180000,282.0,33.19,27.55
18536,Mali,rice,1993,17350,282.0,33.19,27.55
18539,Mali,potato,1993,51033,282.0,33.19,27.55
18543,Mali,maize,1994,11347,282.0,30.96,27.05
18544,Mali,potato,1994,181975,282.0,30.96,27.05
18545,Mali,rice,1994,16518,282.0,30.96,27.05
18548,Mali,potato,1994,52488,282.0,30.96,27.05
18552,Mali,maize,1995,12843,282.0,28.73,27.25
18553,Mali,potato,1995,182175,282.0,28.73,27.25
18554,Mali,rice,1995,15484,282.0,28.73,27.25
18557,Mali,potato,1995,55972,282.0,28.73,27.25
18561,Mali,maize,1996,15845,282.0,26.51,27.64
18562,Mali,potato,1996,182682,282.0,26.51,27.64
18563,Mali,rice,1996,19140,282.0,26.51,27.64
18566,Mali,potato,1996,58941,282.0,26.51,27.64
18570,Mali,maize,1997,16930,282.0,24.28,27.38
18571,Mali,potato,1997,183335,282.0,24.28,27.38
18572,Mali,rice,1997,17554,282.0,24.28,27.38
18575,Mali,potato,1997,53333,282.0,24.28,27.38
18579,Mali,maize,1998,16416,282.0,22.05,28.08
18580,Mali,potato,1998,183333,282.0,22.05,28.08
18581,Mali,rice,1998,21991,282.0,22.05,28.08
18584,Mali,potato,1998,41819,282.0,22.05,28.08
18588,Mali,maize,1999,14541,282.0,19.82,27.26
18589,Mali,potato,1999,186268,282.0,19.82,27.26
18590,Mali,rice,1999,22366,282.0,19.82,27.26
18593,Mali,potato,1999,106147,282.0,19.82,27.26
18597,Mali,maize,2000,13322,282.0,17.59,27.51
18598,Mali,potato,2000,187278,282.0,17.59,27.51
18599,Mali,rice,2000,21058,282.0,17.59,27.51
18602,Mali,potato,2000,99214,282.0,17.59,27.51
18606,Mali,maize,2001,11585,282.0,15.36,27.79
18607,Mali,potato,2001,185714,282.0,15.36,27.79
18608,Mali,rice,2001,20095,282.0,15.36,27.79
18611,Mali,potato,2001,124090,282.0,15.36,27.79
18615,Mali,maize,2002,11478,282.0,13.13,28.18
18616,Mali,potato,2002,180217,282.0,13.13,28.18
18617,Mali,rice,2002,19439,282.0,13.13,28.18
18620,Mali,potato,2002,158037,282.0,13.13,28.18
18624,Mali,maize,2004,18210,282.0,8.67,28.07
18625,Mali,potato,2004,163954,282.0,8.67,28.07
18626,Mali,rice,2004,22803,282.0,8.67,28.07
18629,Mali,potato,2004,165227,282.0,8.67,28.07
18633,Mali,maize,2005,14933,282.0,14.84,28.13
18634,Mali,potato,2005,194956,282.0,14.84,28.13
18635,Mali,rice,2005,22845,282.0,14.84,28.13
18638,Mali,potato,2005,159665,282.0,14.84,28.13
18642,Mali,maize,2006,17134,282.0,11.87,27.62
18643,Mali,potato,2006,238984,282.0,11.87,27.62
18644,Mali,rice,2006,25783,282.0,11.87,27.62
18647,Mali,potato,2006,186516,282.0,11.87,27.62
18651,Mali,maize,2007,16831,282.0,7.72,27.94
18652,Mali,potato,2007,240551,282.0,7.72,27.94
18653,Mali,rice,2007,27621,282.0,7.72,27.94
18656,Mali,potato,2007,190602,282.0,7.72,27.94
18660,Mali,maize,2008,19732,282.0,9.99,27.62
18661,Mali,potato,2008,239915,282.0,9.99,27.62
18662,Mali,rice,2008,33660,282.0,9.99,27.62
18665,Mali,potato,2008,202336,282.0,9.99,27.62
18669,Mali,maize,2009,33349,282.0,4.12,27.89
18670,Mali,potato,2009,237913,282.0,4.12,27.89
18671,Mali,rice,2009,30646,282.0,4.12,27.89
18674,Mali,potato,2009,191228,282.0,4.12,27.89
18678,Mali,maize,2010,26886,282.0,3.84,28.18
18679,Mali,potato,2010,220473,282.0,3.84,28.18
18680,Mali,rice,2010,21044,282.0,3.84,28.18
18683,Mali,potato,2010,188048,282.0,3.84,28.18
18687,Mali,maize,2011,14037,282.0,3.25,27.79
18688,Mali,potato,2011,204721,282.0,3.25,27.79
18689,Mali,rice,2011,30210,282.0,3.25,27.79
18692,Mali,potato,2011,181391,282.0,3.25,27.79
18696,Mali,maize,2012,24427,282.0,1.52,27.39
18697,Mali,potato,2012,198983,282.0,1.52,27.39
18698,Mali,rice,2012,34486,282.0,1.52,27.39
18701,Mali,potato,2012,176736,282.0,1.52,27.39
18705,Mali,maize,2013,25927,282.0,1.52,28.53
18706,Mali,potato,2013,193555,282.0,1.52,28.53
18707,Mali,rice,2013,30009,282.0,1.52,28.53
18710,Mali,potato,2013,174581,282.0,1.52,28.53
18713,Mauritania,maize,1990,6789,92.0,39.09,27.67
18714,Mauritania,potato,1990,54628,92.0,39.09,27.67
18715,Mauritania,rice,1990,33307,92.0,39.09,27.67
18717,Mauritania,potato,1990,8799,92.0,39.09,27.67
18720,Mauritania,maize,1991,5966,92.0,39.09,27.38
18721,Mauritania,potato,1991,46591,92.0,39.09,27.38
18722,Mauritania,rice,1991,28127,92.0,39.09,27.38
18724,Mauritania,potato,1991,9974,92.0,39.09,27.38
18727,Mauritania,maize,1992,7684,92.0,39.09,27.52
18728,Mauritania,potato,1992,50000,92.0,39.09,27.52
18729,Mauritania,rice,1992,39870,92.0,39.09,27.52
18731,Mauritania,potato,1992,10000,92.0,39.09,27.52
18734,Mauritania,maize,1993,12291,92.0,39.09,27.37
18735,Mauritania,potato,1993,40000,92.0,39.09,27.37
18736,Mauritania,rice,1993,32860,92.0,39.09,27.37
18738,Mauritania,potato,1993,10000,92.0,39.09,27.37
18741,Mauritania,maize,1994,4987,92.0,39.09,27.24
18742,Mauritania,potato,1994,50000,92.0,39.09,27.24
18743,Mauritania,rice,1994,27399,92.0,39.09,27.24
18745,Mauritania,potato,1994,10000,92.0,39.09,27.24
18748,Mauritania,maize,1995,7996,92.0,39.09,27.7
18749,Mauritania,potato,1995,47809,92.0,39.09,27.7
18750,Mauritania,rice,1995,39360,92.0,39.09,27.7
18752,Mauritania,potato,1995,9988,92.0,39.09,27.7
18755,Mauritania,maize,1996,5871,92.0,39.09,27.93
18756,Mauritania,potato,1996,47985,92.0,39.09,27.93
18757,Mauritania,rice,1996,38306,92.0,39.09,27.93
18759,Mauritania,potato,1996,9990,92.0,39.09,27.93
18762,Mauritania,maize,1997,8627,92.0,39.09,28.28
18763,Mauritania,potato,1997,50000,92.0,39.09,28.28
18764,Mauritania,rice,1997,37189,92.0,39.09,28.28
18766,Mauritania,potato,1997,10000,92.0,39.09,28.28
18769,Mauritania,maize,1998,8387,92.0,39.09,28.52
18770,Mauritania,potato,1998,48000,92.0,39.09,28.52
18771,Mauritania,rice,1998,40598,92.0,39.09,28.52
18773,Mauritania,potato,1998,9996,92.0,39.09,28.52
18776,Mauritania,maize,1999,7618,92.0,39.09,27.23
18777,Mauritania,potato,1999,46667,92.0,39.09,27.23
18778,Mauritania,rice,1999,39680,92.0,39.09,27.23
18780,Mauritania,potato,1999,9999,92.0,39.09,27.23
18783,Mauritania,maize,2000,9054,92.0,39.09,27.66
18784,Mauritania,potato,2000,50000,92.0,39.09,27.66
18785,Mauritania,rice,2000,42373,92.0,39.09,27.66
18787,Mauritania,potato,2000,10001,92.0,39.09,27.66
18790,Mauritania,maize,2001,10016,92.0,39.09,28.28
18791,Mauritania,potato,2001,51429,92.0,39.09,28.28
18792,Mauritania,rice,2001,45266,92.0,39.09,28.28
18794,Mauritania,potato,2001,10004,92.0,39.09,28.28
18797,Mauritania,maize,2002,5644,92.0,3.2,27.84
18798,Mauritania,potato,2002,51282,92.0,3.2,27.84
18799,Mauritania,rice,2002,45602,92.0,3.2,27.84
18801,Mauritania,potato,2002,10007,92.0,3.2,27.84
18804,Mauritania,maize,2004,11513,92.0,702.5,27.81
18805,Mauritania,potato,2004,51778,92.0,702.5,27.81
18806,Mauritania,rice,2004,46995,92.0,702.5,27.81
18808,Mauritania,potato,2004,10009,92.0,702.5,27.81
18811,Mauritania,maize,2005,8156,92.0,1.1,28.14
18812,Mauritania,potato,2005,51163,92.0,1.1,28.14
18813,Mauritania,rice,2005,38919,92.0,1.1,28.14
18815,Mauritania,potato,2005,10008,92.0,1.1,28.14
18818,Mauritania,maize,2006,4975,92.0,1.7,27.82
18819,Mauritania,potato,2006,52752,92.0,1.7,27.82
18820,Mauritania,rice,2006,44809,92.0,1.7,27.82
18822,Mauritania,potato,2006,10000,92.0,1.7,27.82
18825,Mauritania,maize,2007,7116,92.0,9.8,27.88
18826,Mauritania,potato,2007,53231,92.0,9.8,27.88
18827,Mauritania,rice,2007,47221,92.0,9.8,27.88
18829,Mauritania,potato,2007,10007,92.0,9.8,27.88
18832,Mauritania,maize,2008,7059,92.0,17.22,28.14
18833,Mauritania,potato,2008,53810,92.0,17.22,28.14
18834,Mauritania,rice,2008,47631,92.0,17.22,28.14
18836,Mauritania,potato,2008,10006,92.0,17.22,28.14
18839,Mauritania,maize,2009,5542,92.0,4.29,27.57
18840,Mauritania,potato,2009,54030,92.0,4.29,27.57
18841,Mauritania,rice,2009,39894,92.0,4.29,27.57
18843,Mauritania,potato,2009,10005,92.0,4.29,27.57
18846,Mauritania,maize,2010,8592,92.0,67.59,28.7
18847,Mauritania,potato,2010,51163,92.0,67.59,28.7
18848,Mauritania,rice,2010,52310,92.0,67.59,28.7
18850,Mauritania,potato,2010,10005,92.0,67.59,28.7
18853,Mauritania,maize,2011,6611,92.0,13.35,27.87
18854,Mauritania,potato,2011,55446,92.0,13.35,27.87
18855,Mauritania,rice,2011,50958,92.0,13.35,27.87
18857,Mauritania,potato,2011,10004,92.0,13.35,27.87
18860,Mauritania,maize,2012,6904,92.0,26.41,27.77
18861,Mauritania,potato,2012,57143,92.0,26.41,27.77
18862,Mauritania,rice,2012,49788,92.0,26.41,27.77
18864,Mauritania,potato,2012,10000,92.0,26.41,27.77
18867,Mauritania,maize,2013,4731,92.0,26.41,28.24
18868,Mauritania,potato,2013,62857,92.0,26.41,28.24
18869,Mauritania,rice,2013,49522,92.0,26.41,28.24
18871,Mauritania,potato,2013,10000,92.0,26.41,28.24
18875,Mauritius,maize,1990,41790,2041.0,889.0,23.84
18876,Mauritius,potato,1990,181098,2041.0,889.0,23.84
18877,Mauritius,rice,1990,63333,2041.0,889.0,23.84
18878,Mauritius,potato,1990,75581,2041.0,889.0,23.84
18880,Mauritius,maize,1991,37193,2041.0,788.43,24.14
18881,Mauritius,potato,1991,197419,2041.0,788.43,24.14
18882,Mauritius,rice,1991,50000,2041.0,788.43,24.14
18883,Mauritius,potato,1991,75556,2041.0,788.43,24.14
18885,Mauritius,maize,1992,44333,2041.0,687.86,23.81
18886,Mauritius,potato,1992,192134,2041.0,687.86,23.81
18887,Mauritius,rice,1992,50000,2041.0,687.86,23.81
18888,Mauritius,potato,1992,110000,2041.0,687.86,23.81
18890,Mauritius,maize,1993,42430,2041.0,587.29,23.91
18891,Mauritius,potato,1993,200875,2041.0,587.29,23.91
18892,Mauritius,potato,1993,118929,2041.0,587.29,23.91
18894,Mauritius,maize,1994,37288,2041.0,486.72,24.17
18895,Mauritius,potato,1994,175716,2041.0,486.72,24.17
18896,Mauritius,potato,1994,135000,2041.0,486.72,24.17
18898,Mauritius,maize,1995,38533,2041.0,493.82,24.02
18899,Mauritius,potato,1995,198460,2041.0,493.82,24.02
18900,Mauritius,potato,1995,130000,2041.0,493.82,24.02
18902,Mauritius,maize,1996,48667,2041.0,517.61,23.89
18903,Mauritius,potato,1996,195930,2041.0,517.61,23.89
18904,Mauritius,potato,1996,150000,2041.0,517.61,23.89
18906,Mauritius,maize,1997,50435,2041.0,544.55,24.1
18907,Mauritius,potato,1997,215755,2041.0,544.55,24.1
18908,Mauritius,potato,1997,150476,2041.0,544.55,24.1
18910,Mauritius,maize,1998,51800,2041.0,536.45,24.41
18911,Mauritius,potato,1998,176048,2041.0,536.45,24.41
18912,Mauritius,potato,1998,118750,2041.0,536.45,24.41
18914,Mauritius,maize,1999,49024,2041.0,501.85,24.11
18915,Mauritius,potato,1999,239781,2041.0,501.85,24.11
18916,Mauritius,potato,1999,114286,2041.0,501.85,24.11
18918,Mauritius,maize,2000,89000,2041.0,535.66,24.0
18919,Mauritius,potato,2000,222556,2041.0,535.66,24.0
18920,Mauritius,potato,2000,135625,2041.0,535.66,24.0
18922,Mauritius,maize,2001,72037,2041.0,603.16,24.49
18923,Mauritius,potato,2001,209884,2041.0,603.16,24.49
18924,Mauritius,potato,2001,135000,2041.0,603.16,24.49
18926,Mauritius,maize,2002,77632,2041.0,606.85,24.4
18927,Mauritius,potato,2002,220116,2041.0,606.85,24.4
18928,Mauritius,potato,2002,112727,2041.0,606.85,24.4
18930,Mauritius,maize,2004,64737,2041.0,697.91,24.25
18931,Mauritius,potato,2004,185272,2041.0,697.91,24.25
18932,Mauritius,potato,2004,108333,2041.0,697.91,24.25
18934,Mauritius,maize,2005,75397,2041.0,698.23,24.16
18935,Mauritius,potato,2005,213306,2041.0,698.23,24.16
18936,Mauritius,potato,2005,97313,2041.0,698.23,24.16
18938,Mauritius,maize,2006,77931,2041.0,623.96,24.32
18939,Mauritius,potato,2006,238105,2041.0,623.96,24.32
18940,Mauritius,potato,2006,70345,2041.0,623.96,24.32
18942,Mauritius,maize,2007,94537,2041.0,644.12,24.28
18943,Mauritius,potato,2007,251918,2041.0,644.12,24.28
18944,Mauritius,potato,2007,101266,2041.0,644.12,24.28
18946,Mauritius,maize,2008,75410,2041.0,781.32,24.19
18947,Mauritius,potato,2008,229444,2041.0,781.32,24.19
18948,Mauritius,rice,2008,30688,2041.0,781.32,24.19
18949,Mauritius,potato,2008,112535,2041.0,781.32,24.19
18951,Mauritius,maize,2009,80000,2041.0,749.41,24.58
18952,Mauritius,potato,2009,231096,2041.0,749.41,24.58
18953,Mauritius,rice,2009,29513,2041.0,749.41,24.58
18954,Mauritius,potato,2009,123377,2041.0,749.41,24.58
18956,Mauritius,maize,2010,68333,2041.0,731.46,24.67
18957,Mauritius,potato,2010,203649,2041.0,731.46,24.67
18958,Mauritius,rice,2010,28354,2041.0,731.46,24.67
18959,Mauritius,potato,2010,114143,2041.0,731.46,24.67
18961,Mauritius,maize,2011,74419,2041.0,685.98,24.52
18962,Mauritius,potato,2011,213264,2041.0,685.98,24.52
18963,Mauritius,rice,2011,26333,2041.0,685.98,24.52
18964,Mauritius,potato,2011,174769,2041.0,685.98,24.52
18966,Mauritius,maize,2012,71207,2041.0,636.91,24.37
18967,Mauritius,potato,2012,233356,2041.0,636.91,24.37
18968,Mauritius,rice,2012,26893,2041.0,636.91,24.37
18969,Mauritius,potato,2012,152500,2041.0,636.91,24.37
18971,Mauritius,maize,2013,67957,2041.0,671.77,24.31
18972,Mauritius,potato,2013,236026,2041.0,671.77,24.31
18973,Mauritius,rice,2013,21250,2041.0,671.77,24.31
18974,Mauritius,potato,2013,133049,2041.0,671.77,24.31
18983,Mexico,maize,1990,19942,758.0,34468.93,16.0
18984,Mexico,maize,1990,19942,758.0,34468.93,21.46
18985,Mexico,maize,1990,19942,758.0,34468.93,24.79
18986,Mexico,maize,1990,19942,758.0,34468.93,19.63
18987,Mexico,maize,1990,19942,758.0,34468.93,22.63
18988,Mexico,maize,1990,19942,758.0,34468.93,19.27
18989,Mexico,maize,1990,19942,758.0,34468.93,16.69
18990,Mexico,maize,1990,19942,758.0,34468.93,21.46
18991,Mexico,potato,1990,158256,758.0,34468.93,16.0
18992,Mexico,potato,1990,158256,758.0,34468.93,21.46
18993,Mexico,potato,1990,158256,758.0,34468.93,24.79
18994,Mexico,potato,1990,158256,758.0,34468.93,19.63
18995,Mexico,potato,1990,158256,758.0,34468.93,22.63
18996,Mexico,potato,1990,158256,758.0,34468.93,19.27
18997,Mexico,potato,1990,158256,758.0,34468.93,16.69
18998,Mexico,potato,1990,158256,758.0,34468.93,21.46
18999,Mexico,rice,1990,37418,758.0,34468.93,16.0
19000,Mexico,rice,1990,37418,758.0,34468.93,21.46
19001,Mexico,rice,1990,37418,758.0,34468.93,24.79
19002,Mexico,rice,1990,37418,758.0,34468.93,19.63
19003,Mexico,rice,1990,37418,758.0,34468.93,22.63
19004,Mexico,rice,1990,37418,758.0,34468.93,19.27
19005,Mexico,rice,1990,37418,758.0,34468.93,16.69
19006,Mexico,rice,1990,37418,758.0,34468.93,21.46
19023,Mexico,potato,1990,167541,758.0,34468.93,16.0
19024,Mexico,potato,1990,167541,758.0,34468.93,21.46
19025,Mexico,potato,1990,167541,758.0,34468.93,24.79
19026,Mexico,potato,1990,167541,758.0,34468.93,19.63
19027,Mexico,potato,1990,167541,758.0,34468.93,22.63
19028,Mexico,potato,1990,167541,758.0,34468.93,19.27
19029,Mexico,potato,1990,167541,758.0,34468.93,16.69
19030,Mexico,potato,1990,167541,758.0,34468.93,21.46
19047,Mexico,maize,1991,20515,758.0,34468.93,16.42
19048,Mexico,maize,1991,20515,758.0,34468.93,21.2
19049,Mexico,maize,1991,20515,758.0,34468.93,24.46
19050,Mexico,maize,1991,20515,758.0,34468.93,19.36
19051,Mexico,maize,1991,20515,758.0,34468.93,22.5
19052,Mexico,maize,1991,20515,758.0,34468.93,19.69
19053,Mexico,maize,1991,20515,758.0,34468.93,16.13
19054,Mexico,maize,1991,20515,758.0,34468.93,21.2
19055,Mexico,potato,1991,162351,758.0,34468.93,16.42
19056,Mexico,potato,1991,162351,758.0,34468.93,21.2
19057,Mexico,potato,1991,162351,758.0,34468.93,24.46
19058,Mexico,potato,1991,162351,758.0,34468.93,19.36
19059,Mexico,potato,1991,162351,758.0,34468.93,22.5
19060,Mexico,potato,1991,162351,758.0,34468.93,19.69
19061,Mexico,potato,1991,162351,758.0,34468.93,16.13
19062,Mexico,potato,1991,162351,758.0,34468.93,21.2
19063,Mexico,rice,1991,40954,758.0,34468.93,16.42
19064,Mexico,rice,1991,40954,758.0,34468.93,21.2
19065,Mexico,rice,1991,40954,758.0,34468.93,24.46
19066,Mexico,rice,1991,40954,758.0,34468.93,19.36
19067,Mexico,rice,1991,40954,758.0,34468.93,22.5
19068,Mexico,rice,1991,40954,758.0,34468.93,19.69
19069,Mexico,rice,1991,40954,758.0,34468.93,16.13
19070,Mexico,rice,1991,40954,758.0,34468.93,21.2
19087,Mexico,potato,1991,174848,758.0,34468.93,16.42
19088,Mexico,potato,1991,174848,758.0,34468.93,21.2
19089,Mexico,potato,1991,174848,758.0,34468.93,24.46
19090,Mexico,potato,1991,174848,758.0,34468.93,19.36
19091,Mexico,potato,1991,174848,758.0,34468.93,22.5
19092,Mexico,potato,1991,174848,758.0,34468.93,19.69
19093,Mexico,potato,1991,174848,758.0,34468.93,16.13
19094,Mexico,potato,1991,174848,758.0,34468.93,21.2
19111,Mexico,maize,1992,23450,758.0,34468.93,15.71
19112,Mexico,maize,1992,23450,758.0,34468.93,21.0
19113,Mexico,maize,1992,23450,758.0,34468.93,24.87
19114,Mexico,maize,1992,23450,758.0,34468.93,19.97
19115,Mexico,maize,1992,23450,758.0,34468.93,21.92
19116,Mexico,maize,1992,23450,758.0,34468.93,19.14
19117,Mexico,maize,1992,23450,758.0,34468.93,17.33
19118,Mexico,maize,1992,23450,758.0,34468.93,21.0
19119,Mexico,potato,1992,168178,758.0,34468.93,15.71
19120,Mexico,potato,1992,168178,758.0,34468.93,21.0
19121,Mexico,potato,1992,168178,758.0,34468.93,24.87
19122,Mexico,potato,1992,168178,758.0,34468.93,19.97
19123,Mexico,potato,1992,168178,758.0,34468.93,21.92
19124,Mexico,potato,1992,168178,758.0,34468.93,19.14
19125,Mexico,potato,1992,168178,758.0,34468.93,17.33
19126,Mexico,potato,1992,168178,758.0,34468.93,21.0
19127,Mexico,rice,1992,43577,758.0,34468.93,15.71
19128,Mexico,rice,1992,43577,758.0,34468.93,21.0
19129,Mexico,rice,1992,43577,758.0,34468.93,24.87
19130,Mexico,rice,1992,43577,758.0,34468.93,19.97
19131,Mexico,rice,1992,43577,758.0,34468.93,21.92
19132,Mexico,rice,1992,43577,758.0,34468.93,19.14
19133,Mexico,rice,1992,43577,758.0,34468.93,17.33
19134,Mexico,rice,1992,43577,758.0,34468.93,21.0
19151,Mexico,potato,1992,202929,758.0,34468.93,15.71
19152,Mexico,potato,1992,202929,758.0,34468.93,21.0
19153,Mexico,potato,1992,202929,758.0,34468.93,24.87
19154,Mexico,potato,1992,202929,758.0,34468.93,19.97
19155,Mexico,potato,1992,202929,758.0,34468.93,21.92
19156,Mexico,potato,1992,202929,758.0,34468.93,19.14
19157,Mexico,potato,1992,202929,758.0,34468.93,17.33
19158,Mexico,potato,1992,202929,758.0,34468.93,21.0
19175,Mexico,maize,1993,24401,758.0,34468.93,16.23
19176,Mexico,maize,1993,24401,758.0,34468.93,21.04
19177,Mexico,maize,1993,24401,758.0,34468.93,24.75
19178,Mexico,maize,1993,24401,758.0,34468.93,19.73
19179,Mexico,maize,1993,24401,758.0,34468.93,22.11
19180,Mexico,maize,1993,24401,758.0,34468.93,19.56
19181,Mexico,maize,1993,24401,758.0,34468.93,16.86
19182,Mexico,maize,1993,24401,758.0,34468.93,21.04
19183,Mexico,potato,1993,168931,758.0,34468.93,16.23
19184,Mexico,potato,1993,168931,758.0,34468.93,21.04
19185,Mexico,potato,1993,168931,758.0,34468.93,24.75
19186,Mexico,potato,1993,168931,758.0,34468.93,19.73
19187,Mexico,potato,1993,168931,758.0,34468.93,22.11
19188,Mexico,potato,1993,168931,758.0,34468.93,19.56
19189,Mexico,potato,1993,168931,758.0,34468.93,16.86
19190,Mexico,potato,1993,168931,758.0,34468.93,21.04
19191,Mexico,rice,1993,48725,758.0,34468.93,16.23
19192,Mexico,rice,1993,48725,758.0,34468.93,21.04
19193,Mexico,rice,1993,48725,758.0,34468.93,24.75
19194,Mexico,rice,1993,48725,758.0,34468.93,19.73
19195,Mexico,rice,1993,48725,758.0,34468.93,22.11
19196,Mexico,rice,1993,48725,758.0,34468.93,19.56
19197,Mexico,rice,1993,48725,758.0,34468.93,16.86
19198,Mexico,rice,1993,48725,758.0,34468.93,21.04
19215,Mexico,potato,1993,185676,758.0,34468.93,16.23
19216,Mexico,potato,1993,185676,758.0,34468.93,21.04
19217,Mexico,potato,1993,185676,758.0,34468.93,24.75
19218,Mexico,potato,1993,185676,758.0,34468.93,19.73
19219,Mexico,potato,1993,185676,758.0,34468.93,22.11
19220,Mexico,potato,1993,185676,758.0,34468.93,19.56
19221,Mexico,potato,1993,185676,758.0,34468.93,16.86
19222,Mexico,potato,1993,185676,758.0,34468.93,21.04
19239,Mexico,maize,1994,22255,758.0,34468.93,16.42
19240,Mexico,maize,1994,22255,758.0,34468.93,21.46
19241,Mexico,maize,1994,22255,758.0,34468.93,25.05
19242,Mexico,maize,1994,22255,758.0,34468.93,19.73
19243,Mexico,maize,1994,22255,758.0,34468.93,22.83
19244,Mexico,maize,1994,22255,758.0,34468.93,19.79
19245,Mexico,maize,1994,22255,758.0,34468.93,16.45
19246,Mexico,maize,1994,22255,758.0,34468.93,21.46
19247,Mexico,potato,1994,190845,758.0,34468.93,16.42
19248,Mexico,potato,1994,190845,758.0,34468.93,21.46
19249,Mexico,potato,1994,190845,758.0,34468.93,25.05
19250,Mexico,potato,1994,190845,758.0,34468.93,19.73
19251,Mexico,potato,1994,190845,758.0,34468.93,22.83
19252,Mexico,potato,1994,190845,758.0,34468.93,19.79
19253,Mexico,potato,1994,190845,758.0,34468.93,16.45
19254,Mexico,potato,1994,190845,758.0,34468.93,21.46
19255,Mexico,rice,1994,42555,758.0,34468.93,16.42
19256,Mexico,rice,1994,42555,758.0,34468.93,21.46
19257,Mexico,rice,1994,42555,758.0,34468.93,25.05
19258,Mexico,rice,1994,42555,758.0,34468.93,19.73
19259,Mexico,rice,1994,42555,758.0,34468.93,22.83
19260,Mexico,rice,1994,42555,758.0,34468.93,19.79
19261,Mexico,rice,1994,42555,758.0,34468.93,16.45
19262,Mexico,rice,1994,42555,758.0,34468.93,21.46
19279,Mexico,potato,1994,198359,758.0,34468.93,16.42
19280,Mexico,potato,1994,198359,758.0,34468.93,21.46
19281,Mexico,potato,1994,198359,758.0,34468.93,25.05
19282,Mexico,potato,1994,198359,758.0,34468.93,19.73
19283,Mexico,potato,1994,198359,758.0,34468.93,22.83
19284,Mexico,potato,1994,198359,758.0,34468.93,19.79
19285,Mexico,potato,1994,198359,758.0,34468.93,16.45
19286,Mexico,potato,1994,198359,758.0,34468.93,21.46
19303,Mexico,maize,1995,22883,758.0,34468.93,16.68
19304,Mexico,maize,1995,22883,758.0,34468.93,21.5
19305,Mexico,maize,1995,22883,758.0,34468.93,25.01
19306,Mexico,maize,1995,22883,758.0,34468.93,20.39
19307,Mexico,maize,1995,22883,758.0,34468.93,22.79
19308,Mexico,maize,1995,22883,758.0,34468.93,19.87
19309,Mexico,maize,1995,22883,758.0,34468.93,16.85
19310,Mexico,maize,1995,22883,758.0,34468.93,21.5
19311,Mexico,potato,1995,199803,758.0,34468.93,16.68
19312,Mexico,potato,1995,199803,758.0,34468.93,21.5
19313,Mexico,potato,1995,199803,758.0,34468.93,25.01
19314,Mexico,potato,1995,199803,758.0,34468.93,20.39
19315,Mexico,potato,1995,199803,758.0,34468.93,22.79
19316,Mexico,potato,1995,199803,758.0,34468.93,19.87
19317,Mexico,potato,1995,199803,758.0,34468.93,16.85
19318,Mexico,potato,1995,199803,758.0,34468.93,21.5
19319,Mexico,rice,1995,46792,758.0,34468.93,16.68
19320,Mexico,rice,1995,46792,758.0,34468.93,21.5
19321,Mexico,rice,1995,46792,758.0,34468.93,25.01
19322,Mexico,rice,1995,46792,758.0,34468.93,20.39
19323,Mexico,rice,1995,46792,758.0,34468.93,22.79
19324,Mexico,rice,1995,46792,758.0,34468.93,19.87
19325,Mexico,rice,1995,46792,758.0,34468.93,16.85
19326,Mexico,rice,1995,46792,758.0,34468.93,21.5
19343,Mexico,potato,1995,174581,758.0,34468.93,16.68
19344,Mexico,potato,1995,174581,758.0,34468.93,21.5
19345,Mexico,potato,1995,174581,758.0,34468.93,25.01
19346,Mexico,potato,1995,174581,758.0,34468.93,20.39
19347,Mexico,potato,1995,174581,758.0,34468.93,22.79
19348,Mexico,potato,1995,174581,758.0,34468.93,19.87
19349,Mexico,potato,1995,174581,758.0,34468.93,16.85
19350,Mexico,potato,1995,174581,758.0,34468.93,21.5
19367,Mexico,maize,1996,22387,758.0,34468.93,16.08
19368,Mexico,maize,1996,22387,758.0,34468.93,21.08
19369,Mexico,maize,1996,22387,758.0,34468.93,25.06
19370,Mexico,maize,1996,22387,758.0,34468.93,20.79
19371,Mexico,maize,1996,22387,758.0,34468.93,22.91
19372,Mexico,maize,1996,22387,758.0,34468.93,19.27
19373,Mexico,maize,1996,22387,758.0,34468.93,17.2
19374,Mexico,maize,1996,22387,758.0,34468.93,21.08
19375,Mexico,potato,1996,204570,758.0,34468.93,16.08
19376,Mexico,potato,1996,204570,758.0,34468.93,21.08
19377,Mexico,potato,1996,204570,758.0,34468.93,25.06
19378,Mexico,potato,1996,204570,758.0,34468.93,20.79
19379,Mexico,potato,1996,204570,758.0,34468.93,22.91
19380,Mexico,potato,1996,204570,758.0,34468.93,19.27
19381,Mexico,potato,1996,204570,758.0,34468.93,17.2
19382,Mexico,potato,1996,204570,758.0,34468.93,21.08
19383,Mexico,rice,1996,45412,758.0,34468.93,16.08
19384,Mexico,rice,1996,45412,758.0,34468.93,21.08
19385,Mexico,rice,1996,45412,758.0,34468.93,25.06
19386,Mexico,rice,1996,45412,758.0,34468.93,20.79
19387,Mexico,rice,1996,45412,758.0,34468.93,22.91
19388,Mexico,rice,1996,45412,758.0,34468.93,19.27
19389,Mexico,rice,1996,45412,758.0,34468.93,17.2
19390,Mexico,rice,1996,45412,758.0,34468.93,21.08
19407,Mexico,potato,1996,185891,758.0,34468.93,16.08
19408,Mexico,potato,1996,185891,758.0,34468.93,21.08
19409,Mexico,potato,1996,185891,758.0,34468.93,25.06
19410,Mexico,potato,1996,185891,758.0,34468.93,20.79
19411,Mexico,potato,1996,185891,758.0,34468.93,22.91
19412,Mexico,potato,1996,185891,758.0,34468.93,19.27
19413,Mexico,potato,1996,185891,758.0,34468.93,17.2
19414,Mexico,potato,1996,185891,758.0,34468.93,21.08
19431,Mexico,maize,1997,23840,758.0,34468.93,16.25
19432,Mexico,maize,1997,23840,758.0,34468.93,20.99
19433,Mexico,maize,1997,23840,758.0,34468.93,25.21
19434,Mexico,maize,1997,23840,758.0,34468.93,20.35
19435,Mexico,maize,1997,23840,758.0,34468.93,21.9
19436,Mexico,maize,1997,23840,758.0,34468.93,19.65
19437,Mexico,maize,1997,23840,758.0,34468.93,17.46
19438,Mexico,maize,1997,23840,758.0,34468.93,20.99
19439,Mexico,potato,1997,208520,758.0,34468.93,16.25
19440,Mexico,potato,1997,208520,758.0,34468.93,20.99
19441,Mexico,potato,1997,208520,758.0,34468.93,25.21
19442,Mexico,potato,1997,208520,758.0,34468.93,20.35
19443,Mexico,potato,1997,208520,758.0,34468.93,21.9
19444,Mexico,potato,1997,208520,758.0,34468.93,19.65
19445,Mexico,potato,1997,208520,758.0,34468.93,17.46
19446,Mexico,potato,1997,208520,758.0,34468.93,20.99
19447,Mexico,rice,1997,41365,758.0,34468.93,16.25
19448,Mexico,rice,1997,41365,758.0,34468.93,20.99
19449,Mexico,rice,1997,41365,758.0,34468.93,25.21
19450,Mexico,rice,1997,41365,758.0,34468.93,20.35
19451,Mexico,rice,1997,41365,758.0,34468.93,21.9
19452,Mexico,rice,1997,41365,758.0,34468.93,19.65
19453,Mexico,rice,1997,41365,758.0,34468.93,17.46
19454,Mexico,rice,1997,41365,758.0,34468.93,20.99
19471,Mexico,potato,1997,209597,758.0,34468.93,16.25
19472,Mexico,potato,1997,209597,758.0,34468.93,20.99
19473,Mexico,potato,1997,209597,758.0,34468.93,25.21
19474,Mexico,potato,1997,209597,758.0,34468.93,20.35
19475,Mexico,potato,1997,209597,758.0,34468.93,21.9
19476,Mexico,potato,1997,209597,758.0,34468.93,19.65
19477,Mexico,potato,1997,209597,758.0,34468.93,17.46
19478,Mexico,potato,1997,209597,758.0,34468.93,20.99
19495,Mexico,maize,1998,23429,758.0,34468.93,17.07
19496,Mexico,maize,1998,23429,758.0,34468.93,21.38
19497,Mexico,maize,1998,23429,758.0,34468.93,25.14
19498,Mexico,maize,1998,23429,758.0,34468.93,19.08
19499,Mexico,maize,1998,23429,758.0,34468.93,23.61
19500,Mexico,maize,1998,23429,758.0,34468.93,20.31
19501,Mexico,maize,1998,23429,758.0,34468.93,16.21
19502,Mexico,maize,1998,23429,758.0,34468.93,21.38
19503,Mexico,potato,1998,204955,758.0,34468.93,17.07
19504,Mexico,potato,1998,204955,758.0,34468.93,21.38
19505,Mexico,potato,1998,204955,758.0,34468.93,25.14
19506,Mexico,potato,1998,204955,758.0,34468.93,19.08
19507,Mexico,potato,1998,204955,758.0,34468.93,23.61
19508,Mexico,potato,1998,204955,758.0,34468.93,20.31
19509,Mexico,potato,1998,204955,758.0,34468.93,16.21
19510,Mexico,potato,1998,204955,758.0,34468.93,21.38
19511,Mexico,rice,1998,45108,758.0,34468.93,17.07
19512,Mexico,rice,1998,45108,758.0,34468.93,21.38
19513,Mexico,rice,1998,45108,758.0,34468.93,25.14
19514,Mexico,rice,1998,45108,758.0,34468.93,19.08
19515,Mexico,rice,1998,45108,758.0,34468.93,23.61
19516,Mexico,rice,1998,45108,758.0,34468.93,20.31
19517,Mexico,rice,1998,45108,758.0,34468.93,16.21
19518,Mexico,rice,1998,45108,758.0,34468.93,21.38
19535,Mexico,potato,1998,187500,758.0,34468.93,17.07
19536,Mexico,potato,1998,187500,758.0,34468.93,21.38
19537,Mexico,potato,1998,187500,758.0,34468.93,25.14
19538,Mexico,potato,1998,187500,758.0,34468.93,19.08
19539,Mexico,potato,1998,187500,758.0,34468.93,23.61
19540,Mexico,potato,1998,187500,758.0,34468.93,20.31
19541,Mexico,potato,1998,187500,758.0,34468.93,16.21
19542,Mexico,potato,1998,187500,758.0,34468.93,21.38
19559,Mexico,maize,1999,24720,758.0,34468.93,16.09
19560,Mexico,maize,1999,24720,758.0,34468.93,20.86
19561,Mexico,maize,1999,24720,758.0,34468.93,25.03
19562,Mexico,maize,1999,24720,758.0,34468.93,19.74
19563,Mexico,maize,1999,24720,758.0,34468.93,23.33
19564,Mexico,maize,1999,24720,758.0,34468.93,19.27
19565,Mexico,maize,1999,24720,758.0,34468.93,16.18
19566,Mexico,maize,1999,24720,758.0,34468.93,20.86
19567,Mexico,potato,1999,223519,758.0,34468.93,16.09
19568,Mexico,potato,1999,223519,758.0,34468.93,20.86
19569,Mexico,potato,1999,223519,758.0,34468.93,25.03
19570,Mexico,potato,1999,223519,758.0,34468.93,19.74
19571,Mexico,potato,1999,223519,758.0,34468.93,23.33
19572,Mexico,potato,1999,223519,758.0,34468.93,19.27
19573,Mexico,potato,1999,223519,758.0,34468.93,16.18
19574,Mexico,potato,1999,223519,758.0,34468.93,20.86
19575,Mexico,rice,1999,47762,758.0,34468.93,16.09
19576,Mexico,rice,1999,47762,758.0,34468.93,20.86
19577,Mexico,rice,1999,47762,758.0,34468.93,25.03
19578,Mexico,rice,1999,47762,758.0,34468.93,19.74
19579,Mexico,rice,1999,47762,758.0,34468.93,23.33
19580,Mexico,rice,1999,47762,758.0,34468.93,19.27
19581,Mexico,rice,1999,47762,758.0,34468.93,16.18
19582,Mexico,rice,1999,47762,758.0,34468.93,20.86
19599,Mexico,potato,1999,193104,758.0,34468.93,16.09
19600,Mexico,potato,1999,193104,758.0,34468.93,20.86
19601,Mexico,potato,1999,193104,758.0,34468.93,25.03
19602,Mexico,potato,1999,193104,758.0,34468.93,19.74
19603,Mexico,potato,1999,193104,758.0,34468.93,23.33
19604,Mexico,potato,1999,193104,758.0,34468.93,19.27
19605,Mexico,potato,1999,193104,758.0,34468.93,16.18
19606,Mexico,potato,1999,193104,758.0,34468.93,20.86
19623,Mexico,maize,2000,24620,758.0,34468.93,16.11
19624,Mexico,maize,2000,24620,758.0,34468.93,21.12
19625,Mexico,maize,2000,24620,758.0,34468.93,25.16
19626,Mexico,maize,2000,24620,758.0,34468.93,20.19
19627,Mexico,maize,2000,24620,758.0,34468.93,23.07
19628,Mexico,maize,2000,24620,758.0,34468.93,19.29
19629,Mexico,maize,2000,24620,758.0,34468.93,16.9
19630,Mexico,maize,2000,24620,758.0,34468.93,21.12
19631,Mexico,potato,2000,239420,758.0,34468.93,16.11
19632,Mexico,potato,2000,239420,758.0,34468.93,21.12
19633,Mexico,potato,2000,239420,758.0,34468.93,25.16
19634,Mexico,potato,2000,239420,758.0,34468.93,20.19
19635,Mexico,potato,2000,239420,758.0,34468.93,23.07
19636,Mexico,potato,2000,239420,758.0,34468.93,19.29
19637,Mexico,potato,2000,239420,758.0,34468.93,16.9
19638,Mexico,potato,2000,239420,758.0,34468.93,21.12
19639,Mexico,rice,2000,41805,758.0,34468.93,16.11
19640,Mexico,rice,2000,41805,758.0,34468.93,21.12
19641,Mexico,rice,2000,41805,758.0,34468.93,25.16
19642,Mexico,rice,2000,41805,758.0,34468.93,20.19
19643,Mexico,rice,2000,41805,758.0,34468.93,23.07
19644,Mexico,rice,2000,41805,758.0,34468.93,19.29
19645,Mexico,rice,2000,41805,758.0,34468.93,16.9
19646,Mexico,rice,2000,41805,758.0,34468.93,21.12
19663,Mexico,potato,2000,188160,758.0,34468.93,16.11
19664,Mexico,potato,2000,188160,758.0,34468.93,21.12
19665,Mexico,potato,2000,188160,758.0,34468.93,25.16
19666,Mexico,potato,2000,188160,758.0,34468.93,20.19
19667,Mexico,potato,2000,188160,758.0,34468.93,23.07
19668,Mexico,potato,2000,188160,758.0,34468.93,19.29
19669,Mexico,potato,2000,188160,758.0,34468.93,16.9
19670,Mexico,potato,2000,188160,758.0,34468.93,21.12
19687,Mexico,maize,2001,25777,758.0,31373.3,15.98
19688,Mexico,maize,2001,25777,758.0,31373.3,21.23
19689,Mexico,maize,2001,25777,758.0,31373.3,25.11
19690,Mexico,maize,2001,25777,758.0,31373.3,20.15
19691,Mexico,maize,2001,25777,758.0,31373.3,22.6
19692,Mexico,maize,2001,25777,758.0,31373.3,19.32
19693,Mexico,maize,2001,25777,758.0,31373.3,16.37
19694,Mexico,maize,2001,25777,758.0,31373.3,21.23
19695,Mexico,potato,2001,237799,758.0,31373.3,15.98
19696,Mexico,potato,2001,237799,758.0,31373.3,21.23
19697,Mexico,potato,2001,237799,758.0,31373.3,25.11
19698,Mexico,potato,2001,237799,758.0,31373.3,20.15
19699,Mexico,potato,2001,237799,758.0,31373.3,22.6
19700,Mexico,potato,2001,237799,758.0,31373.3,19.32
19701,Mexico,potato,2001,237799,758.0,31373.3,16.37
19702,Mexico,potato,2001,237799,758.0,31373.3,21.23
19703,Mexico,rice,2001,42576,758.0,31373.3,15.98
19704,Mexico,rice,2001,42576,758.0,31373.3,21.23
19705,Mexico,rice,2001,42576,758.0,31373.3,25.11
19706,Mexico,rice,2001,42576,758.0,31373.3,20.15
19707,Mexico,rice,2001,42576,758.0,31373.3,22.6
19708,Mexico,rice,2001,42576,758.0,31373.3,19.32
19709,Mexico,rice,2001,42576,758.0,31373.3,16.37
19710,Mexico,rice,2001,42576,758.0,31373.3,21.23
19727,Mexico,potato,2001,199853,758.0,31373.3,15.98
19728,Mexico,potato,2001,199853,758.0,31373.3,21.23
19729,Mexico,potato,2001,199853,758.0,31373.3,25.11
19730,Mexico,potato,2001,199853,758.0,31373.3,20.15
19731,Mexico,potato,2001,199853,758.0,31373.3,22.6
19732,Mexico,potato,2001,199853,758.0,31373.3,19.32
19733,Mexico,potato,2001,199853,758.0,31373.3,16.37
19734,Mexico,potato,2001,199853,758.0,31373.3,21.23
19751,Mexico,maize,2002,27105,758.0,16189.88,16.37
19752,Mexico,maize,2002,27105,758.0,16189.88,21.5
19753,Mexico,maize,2002,27105,758.0,16189.88,25.07
19754,Mexico,maize,2002,27105,758.0,16189.88,19.93
19755,Mexico,maize,2002,27105,758.0,16189.88,22.59
19756,Mexico,maize,2002,27105,758.0,16189.88,19.62
19757,Mexico,maize,2002,27105,758.0,16189.88,16.37
19758,Mexico,maize,2002,27105,758.0,16189.88,21.5
19759,Mexico,potato,2002,237558,758.0,16189.88,16.37
19760,Mexico,potato,2002,237558,758.0,16189.88,21.5
19761,Mexico,potato,2002,237558,758.0,16189.88,25.07
19762,Mexico,potato,2002,237558,758.0,16189.88,19.93
19763,Mexico,potato,2002,237558,758.0,16189.88,22.59
19764,Mexico,potato,2002,237558,758.0,16189.88,19.62
19765,Mexico,potato,2002,237558,758.0,16189.88,16.37
19766,Mexico,potato,2002,237558,758.0,16189.88,21.5
19767,Mexico,rice,2002,45027,758.0,16189.88,16.37
19768,Mexico,rice,2002,45027,758.0,16189.88,21.5
19769,Mexico,rice,2002,45027,758.0,16189.88,25.07
19770,Mexico,rice,2002,45027,758.0,16189.88,19.93
19771,Mexico,rice,2002,45027,758.0,16189.88,22.59
19772,Mexico,rice,2002,45027,758.0,16189.88,19.62
19773,Mexico,rice,2002,45027,758.0,16189.88,16.37
19774,Mexico,rice,2002,45027,758.0,16189.88,21.5
19791,Mexico,potato,2002,184236,758.0,16189.88,16.37
19792,Mexico,potato,2002,184236,758.0,16189.88,21.5
19793,Mexico,potato,2002,184236,758.0,16189.88,25.07
19794,Mexico,potato,2002,184236,758.0,16189.88,19.93
19795,Mexico,potato,2002,184236,758.0,16189.88,22.59
19796,Mexico,potato,2002,184236,758.0,16189.88,19.62
19797,Mexico,potato,2002,184236,758.0,16189.88,16.37
19798,Mexico,potato,2002,184236,758.0,16189.88,21.5
19815,Mexico,maize,2004,28188,758.0,26433.14,16.2
19816,Mexico,maize,2004,28188,758.0,26433.14,21.24
19817,Mexico,maize,2004,28188,758.0,26433.14,24.92
19818,Mexico,maize,2004,28188,758.0,26433.14,19.91
19819,Mexico,maize,2004,28188,758.0,26433.14,22.26
19820,Mexico,maize,2004,28188,758.0,26433.14,19.56
19821,Mexico,maize,2004,28188,758.0,26433.14,16.84
19822,Mexico,maize,2004,28188,758.0,26433.14,21.24
19823,Mexico,potato,2004,242399,758.0,26433.14,16.2
19824,Mexico,potato,2004,242399,758.0,26433.14,21.24
19825,Mexico,potato,2004,242399,758.0,26433.14,24.92
19826,Mexico,potato,2004,242399,758.0,26433.14,19.91
19827,Mexico,potato,2004,242399,758.0,26433.14,22.26
19828,Mexico,potato,2004,242399,758.0,26433.14,19.56
19829,Mexico,potato,2004,242399,758.0,26433.14,16.84
19830,Mexico,potato,2004,242399,758.0,26433.14,21.24
19831,Mexico,rice,2004,44631,758.0,26433.14,16.2
19832,Mexico,rice,2004,44631,758.0,26433.14,21.24
19833,Mexico,rice,2004,44631,758.0,26433.14,24.92
19834,Mexico,rice,2004,44631,758.0,26433.14,19.91
19835,Mexico,rice,2004,44631,758.0,26433.14,22.26
19836,Mexico,rice,2004,44631,758.0,26433.14,19.56
19837,Mexico,rice,2004,44631,758.0,26433.14,16.84
19838,Mexico,rice,2004,44631,758.0,26433.14,21.24
19855,Mexico,potato,2004,218597,758.0,26433.14,16.2
19856,Mexico,potato,2004,218597,758.0,26433.14,21.24
19857,Mexico,potato,2004,218597,758.0,26433.14,24.92
19858,Mexico,potato,2004,218597,758.0,26433.14,19.91
19859,Mexico,potato,2004,218597,758.0,26433.14,22.26
19860,Mexico,potato,2004,218597,758.0,26433.14,19.56
19861,Mexico,potato,2004,218597,758.0,26433.14,16.84
19862,Mexico,potato,2004,218597,758.0,26433.14,21.24
19879,Mexico,maize,2005,29276,758.0,51741.99,16.7
19880,Mexico,maize,2005,29276,758.0,51741.99,21.42
19881,Mexico,maize,2005,29276,758.0,51741.99,25.18
19882,Mexico,maize,2005,29276,758.0,51741.99,20.09
19883,Mexico,maize,2005,29276,758.0,51741.99,22.95
19884,Mexico,maize,2005,29276,758.0,51741.99,19.82
19885,Mexico,maize,2005,29276,758.0,51741.99,16.93
19886,Mexico,maize,2005,29276,758.0,51741.99,21.42
19887,Mexico,potato,2005,259662,758.0,51741.99,16.7
19888,Mexico,potato,2005,259662,758.0,51741.99,21.42
19889,Mexico,potato,2005,259662,758.0,51741.99,25.18
19890,Mexico,potato,2005,259662,758.0,51741.99,20.09
19891,Mexico,potato,2005,259662,758.0,51741.99,22.95
19892,Mexico,potato,2005,259662,758.0,51741.99,19.82
19893,Mexico,potato,2005,259662,758.0,51741.99,16.93
19894,Mexico,potato,2005,259662,758.0,51741.99,21.42
19895,Mexico,rice,2005,50653,758.0,51741.99,16.7
19896,Mexico,rice,2005,50653,758.0,51741.99,21.42
19897,Mexico,rice,2005,50653,758.0,51741.99,25.18
19898,Mexico,rice,2005,50653,758.0,51741.99,20.09
19899,Mexico,rice,2005,50653,758.0,51741.99,22.95
19900,Mexico,rice,2005,50653,758.0,51741.99,19.82
19901,Mexico,rice,2005,50653,758.0,51741.99,16.93
19902,Mexico,rice,2005,50653,758.0,51741.99,21.42
19919,Mexico,potato,2005,214928,758.0,51741.99,16.7
19920,Mexico,potato,2005,214928,758.0,51741.99,21.42
19921,Mexico,potato,2005,214928,758.0,51741.99,25.18
19922,Mexico,potato,2005,214928,758.0,51741.99,20.09
19923,Mexico,potato,2005,214928,758.0,51741.99,22.95
19924,Mexico,potato,2005,214928,758.0,51741.99,19.82
19925,Mexico,potato,2005,214928,758.0,51741.99,16.93
19926,Mexico,potato,2005,214928,758.0,51741.99,21.42
19943,Mexico,maize,2006,30012,758.0,50891.95,16.37
19944,Mexico,maize,2006,30012,758.0,50891.95,21.5
19945,Mexico,maize,2006,30012,758.0,50891.95,25.35
19946,Mexico,maize,2006,30012,758.0,50891.95,20.3
19947,Mexico,maize,2006,30012,758.0,50891.95,23.33
19948,Mexico,maize,2006,30012,758.0,50891.95,19.53
19949,Mexico,maize,2006,30012,758.0,50891.95,17.23
19950,Mexico,maize,2006,30012,758.0,50891.95,21.5
19951,Mexico,potato,2006,248610,758.0,50891.95,16.37
19952,Mexico,potato,2006,248610,758.0,50891.95,21.5
19953,Mexico,potato,2006,248610,758.0,50891.95,25.35
19954,Mexico,potato,2006,248610,758.0,50891.95,20.3
19955,Mexico,potato,2006,248610,758.0,50891.95,23.33
19956,Mexico,potato,2006,248610,758.0,50891.95,19.53
19957,Mexico,potato,2006,248610,758.0,50891.95,17.23
19958,Mexico,potato,2006,248610,758.0,50891.95,21.5
19959,Mexico,rice,2006,47857,758.0,50891.95,16.37
19960,Mexico,rice,2006,47857,758.0,50891.95,21.5
19961,Mexico,rice,2006,47857,758.0,50891.95,25.35
19962,Mexico,rice,2006,47857,758.0,50891.95,20.3
19963,Mexico,rice,2006,47857,758.0,50891.95,23.33
19964,Mexico,rice,2006,47857,758.0,50891.95,19.53
19965,Mexico,rice,2006,47857,758.0,50891.95,17.23
19966,Mexico,rice,2006,47857,758.0,50891.95,21.5
19983,Mexico,potato,2006,212942,758.0,50891.95,16.37
19984,Mexico,potato,2006,212942,758.0,50891.95,21.5
19985,Mexico,potato,2006,212942,758.0,50891.95,25.35
19986,Mexico,potato,2006,212942,758.0,50891.95,20.3
19987,Mexico,potato,2006,212942,758.0,50891.95,23.33
19988,Mexico,potato,2006,212942,758.0,50891.95,19.53
19989,Mexico,potato,2006,212942,758.0,50891.95,17.23
19990,Mexico,potato,2006,212942,758.0,50891.95,21.5
20007,Mexico,maize,2007,32063,758.0,64501.28,16.38
20008,Mexico,maize,2007,32063,758.0,64501.28,21.35
20009,Mexico,maize,2007,32063,758.0,64501.28,24.88
20010,Mexico,maize,2007,32063,758.0,64501.28,20.17
20011,Mexico,maize,2007,32063,758.0,64501.28,22.18
20012,Mexico,maize,2007,32063,758.0,64501.28,19.7
20013,Mexico,maize,2007,32063,758.0,64501.28,16.8
20014,Mexico,maize,2007,32063,758.0,64501.28,21.35
20015,Mexico,potato,2007,270565,758.0,64501.28,16.38
20016,Mexico,potato,2007,270565,758.0,64501.28,21.35
20017,Mexico,potato,2007,270565,758.0,64501.28,24.88
20018,Mexico,potato,2007,270565,758.0,64501.28,20.17
20019,Mexico,potato,2007,270565,758.0,64501.28,22.18
20020,Mexico,potato,2007,270565,758.0,64501.28,19.7
20021,Mexico,potato,2007,270565,758.0,64501.28,16.8
20022,Mexico,potato,2007,270565,758.0,64501.28,21.35
20023,Mexico,rice,2007,41536,758.0,64501.28,16.38
20024,Mexico,rice,2007,41536,758.0,64501.28,21.35
20025,Mexico,rice,2007,41536,758.0,64501.28,24.88
20026,Mexico,rice,2007,41536,758.0,64501.28,20.17
20027,Mexico,rice,2007,41536,758.0,64501.28,22.18
20028,Mexico,rice,2007,41536,758.0,64501.28,19.7
20029,Mexico,rice,2007,41536,758.0,64501.28,16.8
20030,Mexico,rice,2007,41536,758.0,64501.28,21.35
20047,Mexico,potato,2007,204599,758.0,64501.28,16.38
20048,Mexico,potato,2007,204599,758.0,64501.28,21.35
20049,Mexico,potato,2007,204599,758.0,64501.28,24.88
20050,Mexico,potato,2007,204599,758.0,64501.28,20.17
20051,Mexico,potato,2007,204599,758.0,64501.28,22.18
20052,Mexico,potato,2007,204599,758.0,64501.28,19.7
20053,Mexico,potato,2007,204599,758.0,64501.28,16.8
20054,Mexico,potato,2007,204599,758.0,64501.28,21.35
20071,Mexico,maize,2008,33071,758.0,61732.11,16.22
20072,Mexico,maize,2008,33071,758.0,61732.11,21.02
20073,Mexico,maize,2008,33071,758.0,61732.11,25.22
20074,Mexico,maize,2008,33071,758.0,61732.11,20.41
20075,Mexico,maize,2008,33071,758.0,61732.11,22.68
20076,Mexico,maize,2008,33071,758.0,61732.11,19.45
20077,Mexico,maize,2008,33071,758.0,61732.11,17.21
20078,Mexico,maize,2008,33071,758.0,61732.11,21.02
20079,Mexico,potato,2008,277258,758.0,61732.11,16.22
20080,Mexico,potato,2008,277258,758.0,61732.11,21.02
20081,Mexico,potato,2008,277258,758.0,61732.11,25.22
20082,Mexico,potato,2008,277258,758.0,61732.11,20.41
20083,Mexico,potato,2008,277258,758.0,61732.11,22.68
20084,Mexico,potato,2008,277258,758.0,61732.11,19.45
20085,Mexico,potato,2008,277258,758.0,61732.11,17.21
20086,Mexico,potato,2008,277258,758.0,61732.11,21.02
20087,Mexico,rice,2008,44619,758.0,61732.11,16.22
20088,Mexico,rice,2008,44619,758.0,61732.11,21.02
20089,Mexico,rice,2008,44619,758.0,61732.11,25.22
20090,Mexico,rice,2008,44619,758.0,61732.11,20.41
20091,Mexico,rice,2008,44619,758.0,61732.11,22.68
20092,Mexico,rice,2008,44619,758.0,61732.11,19.45
20093,Mexico,rice,2008,44619,758.0,61732.11,17.21
20094,Mexico,rice,2008,44619,758.0,61732.11,21.02
20111,Mexico,potato,2008,215028,758.0,61732.11,16.22
20112,Mexico,potato,2008,215028,758.0,61732.11,21.02
20113,Mexico,potato,2008,215028,758.0,61732.11,25.22
20114,Mexico,potato,2008,215028,758.0,61732.11,20.41
20115,Mexico,potato,2008,215028,758.0,61732.11,22.68
20116,Mexico,potato,2008,215028,758.0,61732.11,19.45
20117,Mexico,potato,2008,215028,758.0,61732.11,17.21
20118,Mexico,potato,2008,215028,758.0,61732.11,21.02
20135,Mexico,maize,2009,32368,758.0,61690.08,16.65
20136,Mexico,maize,2009,32368,758.0,61690.08,21.76
20137,Mexico,maize,2009,32368,758.0,61690.08,25.72
20138,Mexico,maize,2009,32368,758.0,61690.08,20.32
20139,Mexico,maize,2009,32368,758.0,61690.08,23.23
20140,Mexico,maize,2009,32368,758.0,61690.08,19.81
20141,Mexico,maize,2009,32368,758.0,61690.08,17.03
20142,Mexico,maize,2009,32368,758.0,61690.08,21.76
20143,Mexico,potato,2009,277374,758.0,61690.08,16.65
20144,Mexico,potato,2009,277374,758.0,61690.08,21.76
20145,Mexico,potato,2009,277374,758.0,61690.08,25.72
20146,Mexico,potato,2009,277374,758.0,61690.08,20.32
20147,Mexico,potato,2009,277374,758.0,61690.08,23.23
20148,Mexico,potato,2009,277374,758.0,61690.08,19.81
20149,Mexico,potato,2009,277374,758.0,61690.08,17.03
20150,Mexico,potato,2009,277374,758.0,61690.08,21.76
20151,Mexico,rice,2009,48502,758.0,61690.08,16.65
20152,Mexico,rice,2009,48502,758.0,61690.08,21.76
20153,Mexico,rice,2009,48502,758.0,61690.08,25.72
20154,Mexico,rice,2009,48502,758.0,61690.08,20.32
20155,Mexico,rice,2009,48502,758.0,61690.08,23.23
20156,Mexico,rice,2009,48502,758.0,61690.08,19.81
20157,Mexico,rice,2009,48502,758.0,61690.08,17.03
20158,Mexico,rice,2009,48502,758.0,61690.08,21.76
20175,Mexico,potato,2009,190454,758.0,61690.08,16.65
20176,Mexico,potato,2009,190454,758.0,61690.08,21.76
20177,Mexico,potato,2009,190454,758.0,61690.08,25.72
20178,Mexico,potato,2009,190454,758.0,61690.08,20.32
20179,Mexico,potato,2009,190454,758.0,61690.08,23.23
20180,Mexico,potato,2009,190454,758.0,61690.08,19.81
20181,Mexico,potato,2009,190454,758.0,61690.08,17.03
20182,Mexico,potato,2009,190454,758.0,61690.08,21.76
20199,Mexico,maize,2010,32599,758.0,63402.29,15.87
20200,Mexico,maize,2010,32599,758.0,63402.29,20.9
20201,Mexico,maize,2010,32599,758.0,63402.29,25.04
20202,Mexico,maize,2010,32599,758.0,63402.29,19.62
20203,Mexico,maize,2010,32599,758.0,63402.29,21.99
20204,Mexico,maize,2010,32599,758.0,63402.29,19.38
20205,Mexico,maize,2010,32599,758.0,63402.29,16.19
20206,Mexico,maize,2010,32599,758.0,63402.29,20.9
20207,Mexico,potato,2010,277578,758.0,63402.29,15.87
20208,Mexico,potato,2010,277578,758.0,63402.29,20.9
20209,Mexico,potato,2010,277578,758.0,63402.29,25.04
20210,Mexico,potato,2010,277578,758.0,63402.29,19.62
20211,Mexico,potato,2010,277578,758.0,63402.29,21.99
20212,Mexico,potato,2010,277578,758.0,63402.29,19.38
20213,Mexico,potato,2010,277578,758.0,63402.29,16.19
20214,Mexico,potato,2010,277578,758.0,63402.29,20.9
20215,Mexico,rice,2010,51901,758.0,63402.29,15.87
20216,Mexico,rice,2010,51901,758.0,63402.29,20.9
20217,Mexico,rice,2010,51901,758.0,63402.29,25.04
20218,Mexico,rice,2010,51901,758.0,63402.29,19.62
20219,Mexico,rice,2010,51901,758.0,63402.29,21.99
20220,Mexico,rice,2010,51901,758.0,63402.29,19.38
20221,Mexico,rice,2010,51901,758.0,63402.29,16.19
20222,Mexico,rice,2010,51901,758.0,63402.29,20.9
20239,Mexico,potato,2010,206653,758.0,63402.29,15.87
20240,Mexico,potato,2010,206653,758.0,63402.29,20.9
20241,Mexico,potato,2010,206653,758.0,63402.29,25.04
20242,Mexico,potato,2010,206653,758.0,63402.29,19.62
20243,Mexico,potato,2010,206653,758.0,63402.29,21.99
20244,Mexico,potato,2010,206653,758.0,63402.29,19.38
20245,Mexico,potato,2010,206653,758.0,63402.29,16.19
20246,Mexico,potato,2010,206653,758.0,63402.29,20.9
20263,Mexico,maize,2011,29058,758.0,65961.1,16.64
20264,Mexico,maize,2011,29058,758.0,65961.1,21.55
20265,Mexico,maize,2011,29058,758.0,65961.1,25.28
20266,Mexico,maize,2011,29058,758.0,65961.1,19.52
20267,Mexico,maize,2011,29058,758.0,65961.1,23.55
20268,Mexico,maize,2011,29058,758.0,65961.1,19.83
20269,Mexico,maize,2011,29058,758.0,65961.1,16.26
20270,Mexico,maize,2011,29058,758.0,65961.1,21.55
20271,Mexico,potato,2011,262734,758.0,65961.1,16.64
20272,Mexico,potato,2011,262734,758.0,65961.1,21.55
20273,Mexico,potato,2011,262734,758.0,65961.1,25.28
20274,Mexico,potato,2011,262734,758.0,65961.1,19.52
20275,Mexico,potato,2011,262734,758.0,65961.1,23.55
20276,Mexico,potato,2011,262734,758.0,65961.1,19.83
20277,Mexico,potato,2011,262734,758.0,65961.1,16.26
20278,Mexico,potato,2011,262734,758.0,65961.1,21.55
20279,Mexico,rice,2011,50962,758.0,65961.1,16.64
20280,Mexico,rice,2011,50962,758.0,65961.1,21.55
20281,Mexico,rice,2011,50962,758.0,65961.1,25.28
20282,Mexico,rice,2011,50962,758.0,65961.1,19.52
20283,Mexico,rice,2011,50962,758.0,65961.1,23.55
20284,Mexico,rice,2011,50962,758.0,65961.1,19.83
20285,Mexico,rice,2011,50962,758.0,65961.1,16.26
20286,Mexico,rice,2011,50962,758.0,65961.1,21.55
20303,Mexico,potato,2011,201465,758.0,65961.1,16.64
20304,Mexico,potato,2011,201465,758.0,65961.1,21.55
20305,Mexico,potato,2011,201465,758.0,65961.1,25.28
20306,Mexico,potato,2011,201465,758.0,65961.1,19.52
20307,Mexico,potato,2011,201465,758.0,65961.1,23.55
20308,Mexico,potato,2011,201465,758.0,65961.1,19.83
20309,Mexico,potato,2011,201465,758.0,65961.1,16.26
20310,Mexico,potato,2011,201465,758.0,65961.1,21.55
20327,Mexico,maize,2012,31874,758.0,64512.22,16.43
20328,Mexico,maize,2012,31874,758.0,64512.22,21.52
20329,Mexico,maize,2012,31874,758.0,64512.22,25.5
20330,Mexico,maize,2012,31874,758.0,64512.22,20.61
20331,Mexico,maize,2012,31874,758.0,64512.22,23.5
20332,Mexico,maize,2012,31874,758.0,64512.22,19.71
20333,Mexico,maize,2012,31874,758.0,64512.22,17.2
20334,Mexico,maize,2012,31874,758.0,64512.22,21.52
20335,Mexico,potato,2012,268098,758.0,64512.22,16.43
20336,Mexico,potato,2012,268098,758.0,64512.22,21.52
20337,Mexico,potato,2012,268098,758.0,64512.22,25.5
20338,Mexico,potato,2012,268098,758.0,64512.22,20.61
20339,Mexico,potato,2012,268098,758.0,64512.22,23.5
20340,Mexico,potato,2012,268098,758.0,64512.22,19.71
20341,Mexico,potato,2012,268098,758.0,64512.22,17.2
20342,Mexico,potato,2012,268098,758.0,64512.22,21.52
20343,Mexico,rice,2012,56231,758.0,64512.22,16.43
20344,Mexico,rice,2012,56231,758.0,64512.22,21.52
20345,Mexico,rice,2012,56231,758.0,64512.22,25.5
20346,Mexico,rice,2012,56231,758.0,64512.22,20.61
20347,Mexico,rice,2012,56231,758.0,64512.22,23.5
20348,Mexico,rice,2012,56231,758.0,64512.22,19.71
20349,Mexico,rice,2012,56231,758.0,64512.22,17.2
20350,Mexico,rice,2012,56231,758.0,64512.22,21.52
20367,Mexico,potato,2012,175168,758.0,64512.22,16.43
20368,Mexico,potato,2012,175168,758.0,64512.22,21.52
20369,Mexico,potato,2012,175168,758.0,64512.22,25.5
20370,Mexico,potato,2012,175168,758.0,64512.22,20.61
20371,Mexico,potato,2012,175168,758.0,64512.22,23.5
20372,Mexico,potato,2012,175168,758.0,64512.22,19.71
20373,Mexico,potato,2012,175168,758.0,64512.22,17.2
20374,Mexico,potato,2012,175168,758.0,64512.22,21.52
20391,Mexico,maize,2013,31941,758.0,59920.18,17.34
20392,Mexico,maize,2013,31941,758.0,59920.18,22.19
20393,Mexico,maize,2013,31941,758.0,59920.18,25.36
20394,Mexico,maize,2013,31941,758.0,59920.18,21.86
20395,Mexico,maize,2013,31941,758.0,59920.18,24.19
20396,Mexico,maize,2013,31941,758.0,59920.18,20.45
20397,Mexico,maize,2013,31941,758.0,59920.18,17.18
20398,Mexico,maize,2013,31941,758.0,59920.18,22.19
20399,Mexico,potato,2013,267752,758.0,59920.18,17.34
20400,Mexico,potato,2013,267752,758.0,59920.18,22.19
20401,Mexico,potato,2013,267752,758.0,59920.18,25.36
20402,Mexico,potato,2013,267752,758.0,59920.18,21.86
20403,Mexico,potato,2013,267752,758.0,59920.18,24.19
20404,Mexico,potato,2013,267752,758.0,59920.18,20.45
20405,Mexico,potato,2013,267752,758.0,59920.18,17.18
20406,Mexico,potato,2013,267752,758.0,59920.18,22.19
20407,Mexico,rice,2013,54252,758.0,59920.18,17.34
20408,Mexico,rice,2013,54252,758.0,59920.18,22.19
20409,Mexico,rice,2013,54252,758.0,59920.18,25.36
20410,Mexico,rice,2013,54252,758.0,59920.18,21.86
20411,Mexico,rice,2013,54252,758.0,59920.18,24.19
20412,Mexico,rice,2013,54252,758.0,59920.18,20.45
20413,Mexico,rice,2013,54252,758.0,59920.18,17.18
20414,Mexico,rice,2013,54252,758.0,59920.18,22.19
20431,Mexico,potato,2013,183965,758.0,59920.18,17.34
20432,Mexico,potato,2013,183965,758.0,59920.18,22.19
20433,Mexico,potato,2013,183965,758.0,59920.18,25.36
20434,Mexico,potato,2013,183965,758.0,59920.18,21.86
20435,Mexico,potato,2013,183965,758.0,59920.18,24.19
20436,Mexico,potato,2013,183965,758.0,59920.18,20.45
20437,Mexico,potato,2013,183965,758.0,59920.18,17.18
20438,Mexico,potato,2013,183965,758.0,59920.18,22.19
20447,Montenegro,maize,2006,32588,241.0,0.55,10.56
20448,Montenegro,potato,2006,130448,241.0,0.55,10.56
20450,Montenegro,maize,2007,25000,241.0,0.55,11.59
20451,Montenegro,potato,2007,105037,241.0,0.55,11.59
20453,Montenegro,maize,2008,36000,241.0,0.55,11.62
20454,Montenegro,potato,2008,130981,241.0,0.55,11.62
20456,Montenegro,maize,2009,38009,241.0,0.55,11.46
20457,Montenegro,potato,2009,150977,241.0,0.55,11.46
20459,Montenegro,maize,2010,37950,241.0,66.0,11.25
20460,Montenegro,potato,2010,145964,241.0,66.0,11.25
20462,Montenegro,maize,2011,42007,241.0,75.0,11.25
20463,Montenegro,potato,2011,165000,241.0,75.0,11.25
20465,Montenegro,maize,2012,32007,241.0,71.0,11.53
20466,Montenegro,potato,2012,118033,241.0,71.0,11.53
20468,Montenegro,maize,2013,51775,241.0,82.0,12.87
20469,Montenegro,potato,2013,149004,241.0,82.0,12.87
20471,Morocco,maize,1990,11598,346.0,9364.0,18.17
20472,Morocco,maize,1990,11598,346.0,9364.0,18.29
20473,Morocco,potato,1990,171851,346.0,9364.0,18.17
20474,Morocco,potato,1990,171851,346.0,9364.0,18.29
20475,Morocco,rice,1990,41750,346.0,9364.0,18.17
20476,Morocco,rice,1990,41750,346.0,9364.0,18.29
20481,Morocco,potato,1990,155421,346.0,9364.0,18.17
20482,Morocco,potato,1990,155421,346.0,9364.0,18.29
20485,Morocco,maize,1991,8700,346.0,9771.14,17.25
20486,Morocco,maize,1991,8700,346.0,9771.14,17.47
20487,Morocco,potato,1991,171948,346.0,9771.14,17.25
20488,Morocco,potato,1991,171948,346.0,9771.14,17.47
20489,Morocco,rice,1991,38406,346.0,9771.14,17.25
20490,Morocco,rice,1991,38406,346.0,9771.14,17.47
20495,Morocco,potato,1991,156000,346.0,9771.14,17.25
20496,Morocco,potato,1991,156000,346.0,9771.14,17.47
20499,Morocco,maize,1992,4753,346.0,10178.29,17.38
20500,Morocco,maize,1992,4753,346.0,10178.29,17.56
20501,Morocco,potato,1992,151411,346.0,10178.29,17.38
20502,Morocco,potato,1992,151411,346.0,10178.29,17.56
20503,Morocco,rice,1992,30694,346.0,10178.29,17.38
20504,Morocco,rice,1992,30694,346.0,10178.29,17.56
20509,Morocco,potato,1992,155000,346.0,10178.29,17.38
20510,Morocco,potato,1992,155000,346.0,10178.29,17.56
20513,Morocco,maize,1993,2065,346.0,10585.43,16.94
20514,Morocco,maize,1993,2065,346.0,10585.43,17.11
20515,Morocco,potato,1993,156153,346.0,10585.43,16.94
20516,Morocco,potato,1993,156153,346.0,10585.43,17.11
20517,Morocco,rice,1993,50000,346.0,10585.43,16.94
20518,Morocco,rice,1993,50000,346.0,10585.43,17.11
20523,Morocco,potato,1993,150000,346.0,10585.43,16.94
20524,Morocco,potato,1993,150000,346.0,10585.43,17.11
20527,Morocco,maize,1994,6261,346.0,10992.57,17.88
20528,Morocco,maize,1994,6261,346.0,10992.57,17.98
20529,Morocco,potato,1994,176522,346.0,10992.57,17.88
20530,Morocco,potato,1994,176522,346.0,10992.57,17.98
20531,Morocco,rice,1994,65000,346.0,10992.57,17.88
20532,Morocco,rice,1994,65000,346.0,10992.57,17.98
20537,Morocco,potato,1994,154663,346.0,10992.57,17.88
20538,Morocco,potato,1994,154663,346.0,10992.57,17.98
20541,Morocco,maize,1995,1303,346.0,11399.71,18.56
20542,Morocco,maize,1995,1303,346.0,11399.71,18.72
20543,Morocco,potato,1995,166304,346.0,11399.71,18.56
20544,Morocco,potato,1995,166304,346.0,11399.71,18.72
20545,Morocco,rice,1995,49571,346.0,11399.71,18.56
20546,Morocco,rice,1995,49571,346.0,11399.71,18.72
20551,Morocco,potato,1995,156909,346.0,11399.71,18.56
20552,Morocco,potato,1995,156909,346.0,11399.71,18.72
20555,Morocco,maize,1996,9274,346.0,11806.86,17.75
20556,Morocco,maize,1996,9274,346.0,11806.86,17.97
20557,Morocco,potato,1996,190473,346.0,11806.86,17.75
20558,Morocco,potato,1996,190473,346.0,11806.86,17.97
20559,Morocco,rice,1996,58000,346.0,11806.86,17.75
20560,Morocco,rice,1996,58000,346.0,11806.86,17.97
20565,Morocco,potato,1996,163636,346.0,11806.86,17.75
20566,Morocco,potato,1996,163636,346.0,11806.86,17.97
20569,Morocco,maize,1997,10984,346.0,12214.0,18.31
20570,Morocco,maize,1997,10984,346.0,12214.0,18.65
20571,Morocco,potato,1997,178706,346.0,12214.0,18.31
20572,Morocco,potato,1997,178706,346.0,12214.0,18.65
20573,Morocco,rice,1997,37256,346.0,12214.0,18.31
20574,Morocco,rice,1997,37256,346.0,12214.0,18.65
20579,Morocco,potato,1997,181882,346.0,12214.0,18.31
20580,Morocco,potato,1997,181882,346.0,12214.0,18.65
20583,Morocco,maize,1998,6468,346.0,12621.14,18.21
20584,Morocco,maize,1998,6468,346.0,12621.14,18.24
20585,Morocco,potato,1998,190427,346.0,12621.14,18.21
20586,Morocco,potato,1998,190427,346.0,12621.14,18.24
20587,Morocco,rice,1998,54108,346.0,12621.14,18.21
20588,Morocco,rice,1998,54108,346.0,12621.14,18.24
20593,Morocco,potato,1998,184706,346.0,12621.14,18.21
20594,Morocco,potato,1998,184706,346.0,12621.14,18.24
20597,Morocco,maize,1999,4120,346.0,13028.29,17.68
20598,Morocco,maize,1999,4120,346.0,13028.29,17.88
20599,Morocco,potato,1999,183361,346.0,13028.29,17.68
20600,Morocco,potato,1999,183361,346.0,13028.29,17.88
20601,Morocco,rice,1999,45000,346.0,13028.29,17.68
20602,Morocco,rice,1999,45000,346.0,13028.29,17.88
20607,Morocco,potato,1999,133761,346.0,13028.29,17.68
20608,Morocco,potato,1999,133761,346.0,13028.29,17.88
20611,Morocco,maize,2000,4000,346.0,13435.43,18.16
20612,Morocco,maize,2000,4000,346.0,13435.43,18.14
20613,Morocco,potato,2000,180193,346.0,13435.43,18.16
20614,Morocco,potato,2000,180193,346.0,13435.43,18.14
20615,Morocco,rice,2000,45000,346.0,13435.43,18.16
20616,Morocco,rice,2000,45000,346.0,13435.43,18.14
20621,Morocco,potato,2000,166275,346.0,13435.43,18.16
20622,Morocco,potato,2000,166275,346.0,13435.43,18.14
20625,Morocco,maize,2001,2107,346.0,13842.57,18.73
20626,Morocco,maize,2001,2107,346.0,13842.57,18.56
20627,Morocco,potato,2001,187740,346.0,13842.57,18.73
20628,Morocco,potato,2001,187740,346.0,13842.57,18.56
20629,Morocco,rice,2001,52773,346.0,13842.57,18.73
20630,Morocco,rice,2001,52773,346.0,13842.57,18.56
20635,Morocco,potato,2001,123061,346.0,13842.57,18.73
20636,Morocco,potato,2001,123061,346.0,13842.57,18.56
20639,Morocco,maize,2002,7494,346.0,14249.71,18.25
20640,Morocco,maize,2002,7494,346.0,14249.71,18.19
20641,Morocco,potato,2002,231985,346.0,14249.71,18.25
20642,Morocco,potato,2002,231985,346.0,14249.71,18.19
20643,Morocco,rice,2002,41453,346.0,14249.71,18.25
20644,Morocco,rice,2002,41453,346.0,14249.71,18.19
20649,Morocco,potato,2002,136703,346.0,14249.71,18.25
20650,Morocco,potato,2002,136703,346.0,14249.71,18.19
20653,Morocco,maize,2004,9152,346.0,15064.0,18.07
20654,Morocco,maize,2004,9152,346.0,15064.0,18.21
20655,Morocco,potato,2004,241650,346.0,15064.0,18.07
20656,Morocco,potato,2004,241650,346.0,15064.0,18.21
20657,Morocco,rice,2004,67045,346.0,15064.0,18.07
20658,Morocco,rice,2004,67045,346.0,15064.0,18.21
20663,Morocco,potato,2004,157333,346.0,15064.0,18.07
20664,Morocco,potato,2004,157333,346.0,15064.0,18.21
20667,Morocco,maize,2005,2036,346.0,13966.0,18.18
20668,Morocco,maize,2005,2036,346.0,13966.0,18.15
20669,Morocco,potato,2005,238090,346.0,13966.0,18.18
20670,Morocco,potato,2005,238090,346.0,13966.0,18.15
20671,Morocco,rice,2005,68000,346.0,13966.0,18.18
20672,Morocco,rice,2005,68000,346.0,13966.0,18.15
20677,Morocco,potato,2005,129483,346.0,13966.0,18.18
20678,Morocco,potato,2005,129483,346.0,13966.0,18.15
20681,Morocco,maize,2006,12198,346.0,13697.0,18.38
20682,Morocco,maize,2006,12198,346.0,13697.0,18.51
20683,Morocco,potato,2006,263272,346.0,13697.0,18.38
20684,Morocco,potato,2006,263272,346.0,13697.0,18.51
20685,Morocco,rice,2006,68000,346.0,13697.0,18.38
20686,Morocco,rice,2006,68000,346.0,13697.0,18.51
20691,Morocco,potato,2006,179115,346.0,13697.0,18.38
20692,Morocco,potato,2006,179115,346.0,13697.0,18.51
20695,Morocco,maize,2007,4155,346.0,13697.0,17.93
20696,Morocco,maize,2007,4155,346.0,13697.0,17.99
20697,Morocco,potato,2007,247975,346.0,13697.0,17.93
20698,Morocco,potato,2007,247975,346.0,13697.0,17.99
20699,Morocco,rice,2007,73667,346.0,13697.0,17.93
20700,Morocco,rice,2007,73667,346.0,13697.0,17.99
20705,Morocco,potato,2007,178351,346.0,13697.0,17.93
20706,Morocco,potato,2007,178351,346.0,13697.0,17.99
20709,Morocco,maize,2008,5515,346.0,13697.0,17.8
20710,Morocco,maize,2008,5515,346.0,13697.0,17.96
20711,Morocco,potato,2008,244675,346.0,13697.0,17.8
20712,Morocco,potato,2008,244675,346.0,13697.0,17.96
20713,Morocco,rice,2008,69563,346.0,13697.0,17.8
20714,Morocco,rice,2008,69563,346.0,13697.0,17.96
20719,Morocco,potato,2008,174320,346.0,13697.0,17.8
20720,Morocco,potato,2008,174320,346.0,13697.0,17.96
20723,Morocco,maize,2009,9151,346.0,13697.0,18.56
20724,Morocco,maize,2009,9151,346.0,13697.0,18.73
20725,Morocco,potato,2009,195328,346.0,13697.0,18.56
20726,Morocco,potato,2009,195328,346.0,13697.0,18.73
20727,Morocco,rice,2009,64154,346.0,13697.0,18.56
20728,Morocco,rice,2009,64154,346.0,13697.0,18.73
20733,Morocco,potato,2009,170964,346.0,13697.0,18.56
20734,Morocco,potato,2009,170964,346.0,13697.0,18.73
20737,Morocco,maize,2010,12132,346.0,13697.0,18.83
20738,Morocco,maize,2010,12132,346.0,13697.0,18.87
20739,Morocco,potato,2010,283502,346.0,13697.0,18.83
20740,Morocco,potato,2010,283502,346.0,13697.0,18.87
20741,Morocco,rice,2010,68270,346.0,13697.0,18.83
20742,Morocco,rice,2010,68270,346.0,13697.0,18.87
20747,Morocco,potato,2010,166600,346.0,13697.0,18.83
20748,Morocco,potato,2010,166600,346.0,13697.0,18.87
20751,Morocco,maize,2011,11533,346.0,13697.0,18.53
20752,Morocco,maize,2011,11533,346.0,13697.0,18.59
20753,Morocco,potato,2011,297584,346.0,13697.0,18.53
20754,Morocco,potato,2011,297584,346.0,13697.0,18.59
20755,Morocco,rice,2011,70236,346.0,13697.0,18.53
20756,Morocco,rice,2011,70236,346.0,13697.0,18.59
20761,Morocco,potato,2011,213115,346.0,13697.0,18.53
20762,Morocco,potato,2011,213115,346.0,13697.0,18.59
20765,Morocco,maize,2012,7648,346.0,13697.0,18.24
20766,Morocco,maize,2012,7648,346.0,13697.0,18.2
20767,Morocco,potato,2012,279800,346.0,13697.0,18.24
20768,Morocco,potato,2012,279800,346.0,13697.0,18.2
20769,Morocco,rice,2012,76015,346.0,13697.0,18.24
20770,Morocco,rice,2012,76015,346.0,13697.0,18.2
20775,Morocco,potato,2012,270783,346.0,13697.0,18.24
20776,Morocco,potato,2012,270783,346.0,13697.0,18.2
20779,Morocco,maize,2013,6632,346.0,13697.0,18.79
20780,Morocco,maize,2013,6632,346.0,13697.0,18.62
20781,Morocco,potato,2013,363561,346.0,13697.0,18.79
20782,Morocco,potato,2013,363561,346.0,13697.0,18.62
20783,Morocco,rice,2013,75433,346.0,13697.0,18.79
20784,Morocco,rice,2013,75433,346.0,13697.0,18.62
20789,Morocco,potato,2013,245134,346.0,13697.0,18.79
20790,Morocco,potato,2013,245134,346.0,13697.0,18.62
20794,Mozambique,maize,1990,4480,1032.0,102.26,21.51
20795,Mozambique,potato,1990,120710,1032.0,102.26,21.51
20796,Mozambique,rice,1990,8747,1032.0,102.26,21.51
20798,Mozambique,potato,1990,58544,1032.0,102.26,21.51
20801,Mozambique,maize,1991,3241,1032.0,102.26,21.77
20802,Mozambique,potato,1991,124670,1032.0,102.26,21.77
20803,Mozambique,rice,1991,5290,1032.0,102.26,21.77
20805,Mozambique,potato,1991,65029,1032.0,102.26,21.77
20808,Mozambique,maize,1992,1587,1032.0,102.26,22.6
20809,Mozambique,potato,1992,125440,1032.0,102.26,22.6
20810,Mozambique,rice,1992,2988,1032.0,102.26,22.6
20812,Mozambique,potato,1992,63415,1032.0,102.26,22.6
20815,Mozambique,maize,1993,6332,1032.0,102.26,22.04
20816,Mozambique,potato,1993,126210,1032.0,102.26,22.04
20817,Mozambique,rice,1993,6225,1032.0,102.26,22.04
20819,Mozambique,potato,1993,64706,1032.0,102.26,22.04
20822,Mozambique,maize,1994,5207,1032.0,102.26,21.35
20823,Mozambique,potato,1994,126980,1032.0,102.26,21.35
20824,Mozambique,rice,1994,8345,1032.0,102.26,21.35
20826,Mozambique,potato,1994,68966,1032.0,102.26,21.35
20829,Mozambique,maize,1995,6794,1032.0,72.19,21.89
20830,Mozambique,potato,1995,127749,1032.0,72.19,21.89
20831,Mozambique,rice,1995,8717,1032.0,72.19,21.89
20833,Mozambique,potato,1995,64706,1032.0,72.19,21.89
20836,Mozambique,maize,1996,9395,1032.0,65.85,21.53
20837,Mozambique,potato,1996,126820,1032.0,65.85,21.53
20838,Mozambique,rice,1996,9653,1032.0,65.85,21.53
20840,Mozambique,potato,1996,67442,1032.0,65.85,21.53
20843,Mozambique,maize,1997,9033,1032.0,60.63,21.54
20844,Mozambique,potato,1997,123891,1032.0,60.63,21.54
20845,Mozambique,rice,1997,10904,1032.0,60.63,21.54
20847,Mozambique,potato,1997,67816,1032.0,60.63,21.54
20850,Mozambique,maize,1998,9006,1032.0,51.98,22.22
20851,Mozambique,potato,1998,122951,1032.0,51.98,22.22
20852,Mozambique,rice,1998,10552,1032.0,51.98,22.22
20854,Mozambique,potato,1998,68182,1032.0,51.98,22.22
20857,Mozambique,maize,1999,11596,1032.0,43.34,22.19
20858,Mozambique,potato,1999,125402,1032.0,43.34,22.19
20859,Mozambique,rice,1999,10000,1032.0,43.34,22.19
20861,Mozambique,potato,1999,72727,1032.0,43.34,22.19
20864,Mozambique,maize,2000,9399,1032.0,34.69,21.51
20865,Mozambique,potato,2000,126562,1032.0,34.69,21.51
20866,Mozambique,rice,2000,9816,1032.0,34.69,21.51
20868,Mozambique,potato,2000,71667,1032.0,34.69,21.51
20871,Mozambique,maize,2001,9580,1032.0,26.05,21.94
20872,Mozambique,potato,2001,127711,1032.0,26.05,21.94
20873,Mozambique,rice,2001,9582,1032.0,26.05,21.94
20875,Mozambique,potato,2001,69231,1032.0,26.05,21.94
20878,Mozambique,maize,2002,7065,1032.0,17.4,21.96
20879,Mozambique,potato,2002,128843,1032.0,17.4,21.96
20880,Mozambique,rice,2002,2789,1032.0,17.4,21.96
20882,Mozambique,potato,2002,47289,1032.0,17.4,21.96
20885,Mozambique,maize,2004,8085,1032.0,572.99,21.89
20886,Mozambique,potato,2004,129868,1032.0,572.99,21.89
20887,Mozambique,rice,2004,9604,1032.0,572.99,21.89
20889,Mozambique,potato,2004,72000,1032.0,572.99,21.89
20892,Mozambique,maize,2005,4950,1032.0,770.88,22.27
20893,Mozambique,potato,2005,131341,1032.0,770.88,22.27
20894,Mozambique,rice,2005,2034,1032.0,770.88,22.27
20896,Mozambique,potato,2005,71869,1032.0,770.88,22.27
20899,Mozambique,maize,2006,8387,1032.0,891.54,21.68
20900,Mozambique,potato,2006,132353,1032.0,891.54,21.68
20901,Mozambique,rice,2006,2729,1032.0,891.54,21.68
20903,Mozambique,potato,2006,84629,1032.0,891.54,21.68
20906,Mozambique,maize,2007,6813,1032.0,547.31,21.91
20907,Mozambique,potato,2007,133333,1032.0,547.31,21.91
20908,Mozambique,rice,2007,2845,1032.0,547.31,21.91
20910,Mozambique,potato,2007,98901,1032.0,547.31,21.91
20913,Mozambique,maize,2008,6177,1032.0,890.47,21.76
20914,Mozambique,potato,2008,140000,1032.0,890.47,21.76
20915,Mozambique,rice,2008,2836,1032.0,890.47,21.76
20917,Mozambique,potato,2008,86946,1032.0,890.47,21.76
20920,Mozambique,maize,2009,10000,1032.0,914.92,21.7
20921,Mozambique,potato,2009,145000,1032.0,914.92,21.7
20922,Mozambique,rice,2009,9835,1032.0,914.92,21.7
20924,Mozambique,potato,2009,104287,1032.0,914.92,21.7
20927,Mozambique,maize,2010,12024,1032.0,1187.1,22.1
20928,Mozambique,potato,2010,142467,1032.0,1187.1,22.1
20929,Mozambique,rice,2010,11365,1032.0,1187.1,22.1
20931,Mozambique,potato,2010,111841,1032.0,1187.1,22.1
20934,Mozambique,maize,2011,12020,1032.0,766.93,21.69
20935,Mozambique,potato,2011,142473,1032.0,766.93,21.69
20936,Mozambique,rice,2011,11366,1032.0,766.93,21.69
20938,Mozambique,potato,2011,118660,1032.0,766.93,21.69
20941,Mozambique,maize,2012,14980,1032.0,766.93,21.92
20942,Mozambique,potato,2012,143961,1032.0,766.93,21.92
20943,Mozambique,rice,2012,5589,1032.0,766.93,21.92
20945,Mozambique,potato,2012,164573,1032.0,766.93,21.92
20948,Mozambique,maize,2013,6814,1032.0,766.93,21.37
20949,Mozambique,potato,2013,135526,1032.0,766.93,21.37
20950,Mozambique,rice,2013,2824,1032.0,766.93,21.37
20952,Mozambique,potato,2013,209796,1032.0,766.93,21.37
20954,Namibia,maize,1990,14871,285.0,42.0,20.4
20957,Namibia,maize,1991,11950,285.0,39.0,19.92
20960,Namibia,maize,1992,5953,285.0,48.0,20.36
20963,Namibia,maize,1993,7764,285.0,56.0,20.43
20966,Namibia,maize,1994,11549,285.0,56.0,20.14
20969,Namibia,maize,1995,8768,285.0,56.0,20.76
20972,Namibia,maize,1996,6835,285.0,56.0,19.79
20975,Namibia,maize,1997,15727,285.0,56.0,19.97
20978,Namibia,maize,1998,6608,285.0,56.0,20.83
20981,Namibia,maize,1999,5276,285.0,56.0,20.62
20984,Namibia,maize,2000,7170,285.0,56.0,20.26
20985,Namibia,potato,2000,125000,285.0,56.0,20.26
20988,Namibia,maize,2001,13254,285.0,56.0,20.37
20989,Namibia,potato,2001,129032,285.0,56.0,20.37
20992,Namibia,maize,2002,13238,285.0,56.0,20.76
20993,Namibia,potato,2002,130435,285.0,56.0,20.76
20996,Namibia,maize,2004,11301,285.0,56.0,21.01
20997,Namibia,potato,2004,110579,285.0,56.0,21.01
21000,Namibia,maize,2005,22606,285.0,56.0,20.46
21001,Namibia,potato,2005,113065,285.0,56.0,20.46
21004,Namibia,maize,2006,21053,285.0,56.0,19.42
21005,Namibia,potato,2006,69796,285.0,56.0,19.42
21008,Namibia,maize,2007,20296,285.0,56.0,20.49
21009,Namibia,potato,2007,127855,285.0,56.0,20.49
21012,Namibia,maize,2008,20980,285.0,56.0,20.18
21013,Namibia,potato,2008,131969,285.0,56.0,20.18
21016,Namibia,maize,2009,21130,285.0,56.0,20.02
21017,Namibia,potato,2009,130495,285.0,56.0,20.02
21020,Namibia,maize,2010,19882,285.0,56.0,20.62
21021,Namibia,potato,2010,121175,285.0,56.0,20.62
21024,Namibia,maize,2011,19297,285.0,56.0,19.26
21025,Namibia,potato,2011,119667,285.0,56.0,19.26
21028,Namibia,maize,2012,18999,285.0,56.0,20.11
21029,Namibia,potato,2012,120805,285.0,56.0,20.11
21032,Namibia,maize,2013,18683,285.0,56.0,20.73
21033,Namibia,potato,2013,120727,285.0,56.0,20.73
21036,Nepal,maize,1990,16246,1500.0,60.11,15.11
21037,Nepal,potato,1990,80601,1500.0,60.11,15.11
21038,Nepal,rice,1990,24067,1500.0,60.11,15.11
21041,Nepal,maize,1991,15976,1500.0,60.11,14.94
21042,Nepal,potato,1991,87569,1500.0,60.11,14.94
21043,Nepal,rice,1991,22826,1500.0,60.11,14.94
21046,Nepal,maize,1992,16647,1500.0,60.11,14.95
21047,Nepal,potato,1992,85916,1500.0,60.11,14.95
21048,Nepal,rice,1992,20481,1500.0,60.11,14.95
21051,Nepal,maize,1993,15984,1500.0,60.11,15.16
21052,Nepal,potato,1993,84268,1500.0,60.11,15.16
21053,Nepal,rice,1993,24100,1500.0,60.11,15.16
21056,Nepal,maize,1994,16502,1500.0,60.11,15.3
21057,Nepal,potato,1994,87539,1500.0,60.11,15.3
21058,Nepal,rice,1994,21237,1500.0,60.11,15.3
21061,Nepal,maize,1995,16447,1500.0,60.11,15.3
21062,Nepal,potato,1995,85926,1500.0,60.11,15.3
21063,Nepal,rice,1995,23910,1500.0,60.11,15.3
21066,Nepal,maize,1996,16770,1500.0,70.43,15.37
21067,Nepal,potato,1996,84750,1500.0,70.43,15.37
21068,Nepal,rice,1996,24554,1500.0,70.43,15.37
21071,Nepal,maize,1997,16585,1500.0,80.75,14.5
21072,Nepal,potato,1997,89820,1500.0,80.75,14.5
21073,Nepal,rice,1997,24170,1500.0,80.75,14.5
21076,Nepal,maize,1998,17112,1500.0,91.07,15.49
21077,Nepal,potato,1998,84664,1500.0,91.07,15.49
21078,Nepal,rice,1998,24434,1500.0,91.07,15.49
21081,Nepal,maize,1999,16776,1500.0,101.39,15.78
21082,Nepal,potato,1999,92599,1500.0,101.39,15.78
21083,Nepal,rice,1999,24722,1500.0,101.39,15.78
21086,Nepal,maize,2000,17275,1500.0,111.72,15.13
21087,Nepal,potato,2000,96436,1500.0,111.72,15.13
21088,Nepal,rice,2000,27028,1500.0,111.72,15.13
21091,Nepal,maize,2001,18000,1500.0,122.04,15.41
21092,Nepal,potato,2001,101824,1500.0,122.04,15.41
21093,Nepal,rice,2001,27454,1500.0,122.04,15.41
21096,Nepal,maize,2002,18291,1500.0,132.36,15.44
21097,Nepal,potato,2002,109018,1500.0,132.36,15.44
21098,Nepal,rice,2002,26754,1500.0,132.36,15.44
21101,Nepal,maize,2004,19059,1500.0,153.0,15.36
21102,Nepal,potato,2004,114898,1500.0,153.0,15.36
21103,Nepal,rice,2004,28573,1500.0,153.0,15.36
21106,Nepal,maize,2005,20191,1500.0,127.99,15.53
21107,Nepal,potato,2005,118458,1500.0,127.99,15.53
21108,Nepal,rice,2005,27825,1500.0,127.99,15.53
21111,Nepal,maize,2006,20382,1500.0,128.73,15.92
21112,Nepal,potato,2006,130896,1500.0,128.73,15.92
21113,Nepal,rice,2006,27166,1500.0,128.73,15.92
21116,Nepal,maize,2007,20909,1500.0,344.06,15.54
21117,Nepal,potato,2007,126568,1500.0,344.06,15.54
21118,Nepal,rice,2007,25570,1500.0,344.06,15.54
21121,Nepal,maize,2008,21590,1500.0,353.43,15.27
21122,Nepal,potato,2008,131100,1500.0,353.43,15.27
21123,Nepal,rice,2008,27750,1500.0,353.43,15.27
21126,Nepal,maize,2009,22054,1500.0,209.52,15.91
21127,Nepal,potato,2009,133263,1500.0,209.52,15.91
21128,Nepal,rice,2009,29074,1500.0,209.52,15.91
21131,Nepal,maize,2010,21186,1500.0,332.01,15.96
21132,Nepal,potato,2010,135841,1500.0,332.01,15.96
21133,Nepal,rice,2010,27164,1500.0,332.01,15.96
21136,Nepal,maize,2011,22814,1500.0,342.92,15.12
21137,Nepal,potato,2011,137352,1500.0,342.92,15.12
21138,Nepal,rice,2011,29805,1500.0,342.92,15.12
21141,Nepal,maize,2012,25011,1500.0,410.32,15.2
21142,Nepal,potato,2012,135837,1500.0,410.32,15.2
21143,Nepal,rice,2012,33120,1500.0,410.32,15.2
21146,Nepal,maize,2013,23528,1500.0,454.53,15.79
21147,Nepal,potato,2013,136408,1500.0,454.53,15.79
21148,Nepal,rice,2013,31709,1500.0,454.53,15.79
21151,Netherlands,maize,1990,90909,778.0,9729.0,10.63
21152,Netherlands,potato,1990,401380,778.0,9729.0,10.63
21154,Netherlands,maize,1991,80357,778.0,9338.0,9.32
21155,Netherlands,potato,1991,386711,778.0,9338.0,9.32
21157,Netherlands,maize,1992,80256,778.0,9030.0,10.39
21158,Netherlands,potato,1992,408173,778.0,9030.0,10.39
21160,Netherlands,maize,1993,90962,778.0,10505.0,9.47
21161,Netherlands,potato,1993,437663,778.0,10505.0,9.47
21163,Netherlands,maize,1994,74865,778.0,8646.0,10.45
21164,Netherlands,potato,1994,414503,778.0,8646.0,10.45
21166,Netherlands,maize,1995,70444,778.0,12601.0,10.25
21167,Netherlands,potato,1995,410056,778.0,12601.0,10.25
21169,Netherlands,maize,1996,80000,778.0,8923.0,8.32
21170,Netherlands,potato,1996,436811,778.0,8923.0,8.32
21172,Netherlands,maize,1997,50394,778.0,10568.0,10.03
21173,Netherlands,potato,1997,443191,778.0,10568.0,10.03
21175,Netherlands,maize,1998,110000,778.0,11762.0,10.18
21176,Netherlands,potato,1998,414881,778.0,11762.0,10.18
21178,Netherlands,maize,1999,70188,778.0,11152.0,10.74
21179,Netherlands,potato,1999,462833,778.0,11152.0,10.74
21181,Netherlands,maize,2000,110000,778.0,11382.84,10.75
21182,Netherlands,potato,2000,456548,778.0,11382.84,10.75
21184,Netherlands,maize,2001,88971,778.0,9424.73,10.24
21185,Netherlands,potato,2001,434106,778.0,9424.73,10.24
21187,Netherlands,maize,2002,97046,778.0,9700.44,10.64
21188,Netherlands,potato,2002,445686,778.0,9700.44,10.64
21190,Netherlands,maize,2004,84821,778.0,10655.4,10.27
21191,Netherlands,potato,2004,456832,778.0,10655.4,10.27
21193,Netherlands,maize,2005,88201,778.0,10703.85,10.48
21194,Netherlands,potato,2005,434423,778.0,10703.85,10.48
21196,Netherlands,maize,2006,91529,778.0,10461.35,10.97
21197,Netherlands,potato,2006,400488,778.0,10461.35,10.97
21199,Netherlands,maize,2007,119482,778.0,12073.15,11.04
21200,Netherlands,potato,2007,437884,778.0,12073.15,11.04
21202,Netherlands,maize,2008,114163,778.0,10777.08,10.42
21203,Netherlands,potato,2008,455741,778.0,10777.08,10.42
21205,Netherlands,maize,2009,129954,778.0,9857.2,10.33
21206,Netherlands,potato,2009,463376,778.0,9857.2,10.33
21208,Netherlands,maize,2010,117673,778.0,9586.03,8.84
21209,Netherlands,potato,2010,435980,778.0,9586.03,8.84
21211,Netherlands,maize,2011,123355,778.0,10953.91,10.73
21212,Netherlands,potato,2011,460550,778.0,10953.91,10.73
21214,Netherlands,maize,2012,123420,778.0,11348.39,10.08
21215,Netherlands,potato,2012,451734,778.0,11348.39,10.08
21217,Netherlands,maize,2013,119446,778.0,10720.17,9.54
21218,Netherlands,potato,2013,422075,778.0,10720.17,9.54
21220,New Zealand,maize,1990,92077,1732.0,3490.0,13.64
21221,New Zealand,potato,1990,325000,1732.0,3490.0,13.64
21222,New Zealand,potato,1990,159383,1732.0,3490.0,13.64
21224,New Zealand,maize,1991,96287,1732.0,3490.0,12.82
21225,New Zealand,potato,1991,346667,1732.0,3490.0,12.82
21226,New Zealand,potato,1991,152381,1732.0,3490.0,12.82
21228,New Zealand,maize,1992,91196,1732.0,3490.0,12.14
21229,New Zealand,potato,1992,327179,1732.0,3490.0,12.14
21230,New Zealand,potato,1992,237745,1732.0,3490.0,12.14
21232,New Zealand,maize,1993,83560,1732.0,3489.0,12.35
21233,New Zealand,potato,1993,451015,1732.0,3489.0,12.35
21234,New Zealand,potato,1993,249415,1732.0,3489.0,12.35
21236,New Zealand,maize,1994,97360,1732.0,3515.0,12.89
21237,New Zealand,potato,1994,438786,1732.0,3515.0,12.89
21238,New Zealand,potato,1994,247137,1732.0,3515.0,12.89
21240,New Zealand,maize,1995,97423,1732.0,3904.0,13.15
21241,New Zealand,potato,1995,450321,1732.0,3904.0,13.15
21242,New Zealand,potato,1995,252381,1732.0,3904.0,13.15
21244,New Zealand,maize,1996,112996,1732.0,3499.0,13.07
21245,New Zealand,potato,1996,450207,1732.0,3499.0,13.07
21246,New Zealand,potato,1996,250228,1732.0,3499.0,13.07
21248,New Zealand,maize,1997,99487,1732.0,3249.0,12.77
21249,New Zealand,potato,1997,445545,1732.0,3249.0,12.77
21250,New Zealand,potato,1997,200000,1732.0,3249.0,12.77
21252,New Zealand,maize,1998,100571,1732.0,3055.16,13.97
21253,New Zealand,potato,1998,352113,1732.0,3055.16,13.97
21254,New Zealand,potato,1998,128431,1732.0,3055.16,13.97
21256,New Zealand,maize,1999,101306,1732.0,2535.3,13.87
21257,New Zealand,potato,1999,416667,1732.0,2535.3,13.87
21258,New Zealand,potato,1999,170000,1732.0,2535.3,13.87
21260,New Zealand,maize,2000,102260,1732.0,3634.3,13.4
21261,New Zealand,potato,2000,423155,1732.0,3634.3,13.4
21262,New Zealand,potato,2000,144509,1732.0,3634.3,13.4
21264,New Zealand,maize,2001,104000,1732.0,3333.2,13.58
21265,New Zealand,potato,2001,445871,1732.0,3333.2,13.58
21266,New Zealand,potato,2001,145719,1732.0,3333.2,13.58
21268,New Zealand,maize,2002,76544,1732.0,4170.0,13.28
21269,New Zealand,potato,2002,451182,1732.0,4170.0,13.28
21270,New Zealand,potato,2002,162437,1732.0,4170.0,13.28
21272,New Zealand,maize,2004,115496,1732.0,4050.0,12.76
21273,New Zealand,potato,2004,451264,1732.0,4050.0,12.76
21274,New Zealand,potato,2004,166667,1732.0,4050.0,12.76
21276,New Zealand,maize,2005,109308,1732.0,4058.0,13.63
21277,New Zealand,potato,2005,460829,1732.0,4058.0,13.63
21278,New Zealand,potato,2005,119699,1732.0,4058.0,13.63
21280,New Zealand,maize,2006,109544,1732.0,4388.0,13.04
21281,New Zealand,potato,2006,427584,1732.0,4388.0,13.04
21282,New Zealand,potato,2006,120000,1732.0,4388.0,13.04
21284,New Zealand,maize,2007,109000,1732.0,4939.0,13.44
21285,New Zealand,potato,2007,477612,1732.0,4939.0,13.44
21286,New Zealand,potato,2007,120253,1732.0,4939.0,13.44
21288,New Zealand,maize,2008,112326,1732.0,5857.0,13.55
21289,New Zealand,potato,2008,459091,1732.0,5857.0,13.55
21290,New Zealand,potato,2008,120000,1732.0,5857.0,13.55
21292,New Zealand,maize,2009,110327,1732.0,5086.0,12.84
21293,New Zealand,potato,2009,478154,1732.0,5086.0,12.84
21294,New Zealand,potato,2009,119691,1732.0,5086.0,12.84
21296,New Zealand,maize,2010,107597,1732.0,5086.0,13.54
21297,New Zealand,potato,2010,495751,1732.0,5086.0,13.54
21298,New Zealand,potato,2010,117803,1732.0,5086.0,13.54
21300,New Zealand,maize,2011,113842,1732.0,5086.0,13.46
21301,New Zealand,potato,2011,490361,1732.0,5086.0,13.46
21302,New Zealand,potato,2011,117785,1732.0,5086.0,13.46
21304,New Zealand,maize,2012,108647,1732.0,5086.0,12.89
21305,New Zealand,potato,2012,484810,1732.0,5086.0,12.89
21306,New Zealand,potato,2012,116046,1732.0,5086.0,12.89
21308,New Zealand,maize,2013,108209,1732.0,5086.0,13.57
21309,New Zealand,potato,2013,482926,1732.0,5086.0,13.57
21310,New Zealand,potato,2013,113617,1732.0,5086.0,13.57
21313,Nicaragua,maize,1990,12825,2280.0,575.0,27.03
21315,Nicaragua,potato,1990,143750,2280.0,575.0,27.03
21316,Nicaragua,rice,1990,26326,2280.0,575.0,27.03
21320,Nicaragua,maize,1991,10228,2280.0,575.0,27.04
21322,Nicaragua,potato,1991,141176,2280.0,575.0,27.04
21323,Nicaragua,rice,1991,32527,2280.0,575.0,27.04
21328,Nicaragua,maize,1992,13129,2280.0,575.0,27.16
21330,Nicaragua,potato,1992,138889,2280.0,575.0,27.16
21331,Nicaragua,rice,1992,29255,2280.0,575.0,27.16
21336,Nicaragua,maize,1993,13037,2280.0,977.0,27.05
21338,Nicaragua,potato,1993,150000,2280.0,977.0,27.05
21339,Nicaragua,rice,1993,35450,2280.0,977.0,27.05
21344,Nicaragua,maize,1994,12367,2280.0,799.0,27.26
21346,Nicaragua,potato,1994,147368,2280.0,799.0,27.26
21347,Nicaragua,rice,1994,32528,2280.0,799.0,27.26
21352,Nicaragua,maize,1995,11868,2280.0,876.0,27.2
21354,Nicaragua,potato,1995,144737,2280.0,876.0,27.2
21355,Nicaragua,rice,1995,37084,2280.0,876.0,27.2
21360,Nicaragua,maize,1996,11620,2280.0,2041.7,26.76
21362,Nicaragua,potato,1996,144737,2280.0,2041.7,26.76
21363,Nicaragua,rice,1996,34195,2280.0,2041.7,26.76
21368,Nicaragua,maize,1997,11374,2280.0,3207.4,27.43
21370,Nicaragua,potato,1997,140000,2280.0,3207.4,27.43
21371,Nicaragua,rice,1997,34389,2280.0,3207.4,27.43
21376,Nicaragua,maize,1998,11941,2280.0,4373.1,27.83
21378,Nicaragua,potato,1998,135000,2280.0,4373.1,27.83
21379,Nicaragua,rice,1998,34730,2280.0,4373.1,27.83
21384,Nicaragua,maize,1999,11542,2280.0,4097.16,26.82
21386,Nicaragua,potato,1999,133333,2280.0,4097.16,26.82
21387,Nicaragua,rice,1999,36568,2280.0,4097.16,26.82
21392,Nicaragua,maize,2000,12677,2280.0,3925.63,26.73
21394,Nicaragua,potato,2000,125000,2280.0,3925.63,26.73
21395,Nicaragua,rice,2000,31201,2280.0,3925.63,26.73
21400,Nicaragua,maize,2001,13241,2280.0,3603.5,26.78
21402,Nicaragua,potato,2001,128571,2280.0,3603.5,26.78
21403,Nicaragua,rice,2001,29281,2280.0,3603.5,26.78
21408,Nicaragua,maize,2002,13369,2280.0,5715.36,27.0
21410,Nicaragua,potato,2002,132558,2280.0,5715.36,27.0
21411,Nicaragua,rice,2002,31853,2280.0,5715.36,27.0
21416,Nicaragua,maize,2004,13730,2280.0,4581.73,27.22
21418,Nicaragua,potato,2004,133333,2280.0,4581.73,27.22
21419,Nicaragua,rice,2004,35103,2280.0,4581.73,27.22
21424,Nicaragua,maize,2005,14021,2280.0,9391.92,27.2
21426,Nicaragua,potato,2005,134783,2280.0,9391.92,27.2
21427,Nicaragua,rice,2005,33106,2280.0,9391.92,27.2
21432,Nicaragua,maize,2006,14626,2280.0,6889.26,27.35
21434,Nicaragua,potato,2006,138298,2280.0,6889.26,27.35
21435,Nicaragua,rice,2006,36392,2280.0,6889.26,27.35
21440,Nicaragua,maize,2007,13776,2280.0,9850.26,27.23
21442,Nicaragua,potato,2007,137500,2280.0,9850.26,27.23
21443,Nicaragua,rice,2007,39482,2280.0,9850.26,27.23
21448,Nicaragua,maize,2008,13311,2280.0,10173.91,26.75
21450,Nicaragua,potato,2008,137500,2280.0,10173.91,26.75
21451,Nicaragua,rice,2008,40055,2280.0,10173.91,26.75
21456,Nicaragua,maize,2009,15605,2280.0,9387.95,27.23
21458,Nicaragua,potato,2009,134615,2280.0,9387.95,27.23
21459,Nicaragua,rice,2009,45355,2280.0,9387.95,27.23
21464,Nicaragua,maize,2010,13393,2280.0,12242.19,27.01
21466,Nicaragua,potato,2010,134615,2280.0,12242.19,27.01
21467,Nicaragua,rice,2010,51406,2280.0,12242.19,27.01
21472,Nicaragua,maize,2011,14101,2280.0,4932.05,26.94
21474,Nicaragua,potato,2011,168339,2280.0,4932.05,26.94
21475,Nicaragua,rice,2011,41177,2280.0,4932.05,26.94
21480,Nicaragua,maize,2012,13493,2280.0,4413.82,26.91
21482,Nicaragua,potato,2012,169329,2280.0,4413.82,26.91
21483,Nicaragua,rice,2012,37753,2280.0,4413.82,26.91
21488,Nicaragua,maize,2013,11809,2280.0,4413.82,27.26
21490,Nicaragua,potato,2013,170847,2280.0,4413.82,27.26
21491,Nicaragua,rice,2013,49680,2280.0,4413.82,27.26
21496,Niger,maize,1990,3139,151.0,62.0,29.71
21497,Niger,potato,1990,100000,151.0,62.0,29.71
21498,Niger,rice,1990,31432,151.0,62.0,29.71
21500,Niger,potato,1990,87500,151.0,62.0,29.71
21503,Niger,maize,1991,6629,151.0,62.0,29.4
21504,Niger,potato,1991,204348,151.0,62.0,29.4
21505,Niger,rice,1991,35605,151.0,62.0,29.4
21507,Niger,potato,1991,112317,151.0,62.0,29.4
21510,Niger,maize,1992,20000,151.0,62.0,28.99
21511,Niger,potato,1992,267308,151.0,62.0,28.99
21512,Niger,rice,1992,32828,151.0,62.0,28.99
21514,Niger,potato,1992,103275,151.0,62.0,28.99
21517,Niger,maize,1993,40000,151.0,62.0,29.64
21518,Niger,potato,1993,224600,151.0,62.0,29.64
21519,Niger,rice,1993,26233,151.0,62.0,29.64
21521,Niger,potato,1993,102158,151.0,62.0,29.64
21524,Niger,maize,1994,8309,151.0,62.0,29.05
21525,Niger,potato,1994,206531,151.0,62.0,29.05
21526,Niger,rice,1994,22143,151.0,62.0,29.05
21528,Niger,potato,1994,109463,151.0,62.0,29.05
21531,Niger,maize,1995,12642,151.0,62.0,29.56
21532,Niger,potato,1995,170789,151.0,62.0,29.56
21533,Niger,rice,1995,24286,151.0,62.0,29.56
21535,Niger,potato,1995,107884,151.0,62.0,29.56
21538,Niger,maize,1996,7250,151.0,22.0,29.71
21539,Niger,potato,1996,159195,151.0,22.0,29.71
21540,Niger,rice,1996,16254,151.0,22.0,29.71
21542,Niger,potato,1996,93095,151.0,22.0,29.71
21545,Niger,maize,1997,10269,151.0,34.0,29.73
21546,Niger,potato,1997,124128,151.0,34.0,29.73
21547,Niger,rice,1997,20244,151.0,34.0,29.73
21549,Niger,potato,1997,180240,151.0,34.0,29.73
21552,Niger,maize,1998,15173,151.0,36.0,29.97
21553,Niger,potato,1998,169913,151.0,36.0,29.97
21554,Niger,rice,1998,29100,151.0,36.0,29.97
21556,Niger,potato,1998,155556,151.0,36.0,29.97
21559,Niger,maize,1999,3242,151.0,26.0,29.65
21560,Niger,potato,1999,101200,151.0,26.0,29.65
21561,Niger,rice,1999,41112,151.0,26.0,29.65
21563,Niger,potato,1999,206250,151.0,26.0,29.65
21566,Niger,maize,2000,6154,151.0,62.0,29.43
21567,Niger,potato,2000,104924,151.0,62.0,29.43
21568,Niger,rice,2000,27479,151.0,62.0,29.43
21570,Niger,potato,2000,142029,151.0,62.0,29.43
21573,Niger,maize,2001,2612,151.0,31.0,29.46
21574,Niger,potato,2001,91045,151.0,31.0,29.46
21575,Niger,rice,2001,27565,151.0,31.0,29.46
21577,Niger,potato,2001,152347,151.0,31.0,29.46
21580,Niger,maize,2002,5853,151.0,29.44,29.71
21581,Niger,potato,2002,159220,151.0,29.44,29.71
21582,Niger,rice,2002,31638,151.0,29.44,29.71
21584,Niger,potato,2002,148771,151.0,29.44,29.71
21587,Niger,maize,2004,7509,151.0,26.31,29.8
21588,Niger,potato,2004,104545,151.0,26.31,29.8
21589,Niger,rice,2004,30949,151.0,26.31,29.8
21591,Niger,potato,2004,177570,151.0,26.31,29.8
21594,Niger,maize,2005,8255,151.0,24.75,30.02
21595,Niger,potato,2005,102308,151.0,24.75,30.02
21596,Niger,rice,2005,38290,151.0,24.75,30.02
21598,Niger,potato,2005,171840,151.0,24.75,30.02
21601,Niger,maize,2006,11227,151.0,21.12,29.78
21602,Niger,potato,2006,115357,151.0,21.12,29.78
21603,Niger,rice,2006,36637,151.0,21.12,29.78
21605,Niger,potato,2006,160877,151.0,21.12,29.78
21608,Niger,maize,2007,10874,151.0,30.57,29.85
21609,Niger,potato,2007,147395,151.0,30.57,29.85
21610,Niger,rice,2007,35900,151.0,30.57,29.85
21612,Niger,potato,2007,159870,151.0,30.57,29.85
21615,Niger,maize,2008,9589,151.0,12.04,29.3
21616,Niger,potato,2008,177412,151.0,12.04,29.3
21617,Niger,rice,2008,38110,151.0,12.04,29.3
21619,Niger,potato,2008,168296,151.0,12.04,29.3
21622,Niger,maize,2009,9014,151.0,7.32,30.32
21623,Niger,potato,2009,172504,151.0,7.32,30.32
21624,Niger,rice,2009,43571,151.0,7.32,30.32
21626,Niger,potato,2009,160230,151.0,7.32,30.32
21629,Niger,maize,2010,7869,151.0,11.49,30.32
21630,Niger,potato,2010,170183,151.0,11.49,30.32
21631,Niger,rice,2010,54407,151.0,11.49,30.32
21633,Niger,potato,2010,161324,151.0,11.49,30.32
21636,Niger,maize,2011,8405,151.0,10.59,30.1
21637,Niger,potato,2011,161890,151.0,10.59,30.1
21638,Niger,rice,2011,54739,151.0,10.59,30.1
21640,Niger,potato,2011,151699,151.0,10.59,30.1
21643,Niger,maize,2012,10437,151.0,21.37,29.61
21644,Niger,potato,2012,242957,151.0,21.37,29.61
21645,Niger,rice,2012,57490,151.0,21.37,29.61
21647,Niger,potato,2012,200362,151.0,21.37,29.61
21650,Niger,maize,2013,12326,151.0,21.37,30.42
21651,Niger,potato,2013,256815,151.0,21.37,30.42
21652,Niger,rice,2013,62834,151.0,21.37,30.42
21654,Niger,potato,2013,211608,151.0,21.37,30.42
21656,Norway,potato,1990,257507,1414.0,1183.0,4.55
21658,Norway,potato,1991,227489,1414.0,760.0,3.4
21660,Norway,potato,1992,267729,1414.0,767.9,3.83
21662,Norway,potato,1993,249602,1414.0,749.0,2.72
21664,Norway,potato,1994,230846,1414.0,848.0,2.74
21666,Norway,potato,1995,222358,1414.0,913.14,3.08
21668,Norway,potato,1996,231321,1414.0,698.25,1.88
21670,Norway,potato,1997,262343,1414.0,735.43,3.87
21672,Norway,potato,1998,268418,1414.0,934.02,3.06
21674,Norway,potato,1999,256262,1414.0,802.02,3.73
21676,Norway,potato,2000,235890,1414.0,348.24,4.52
21678,Norway,potato,2001,262878,1414.0,512.66,2.68
21680,Norway,potato,2002,256141,1414.0,799.19,3.57
21682,Norway,potato,2004,279430,1414.0,827.45,3.79
21684,Norway,potato,2005,230523,1414.0,518.94,4.26
21686,Norway,potato,2006,269329,1414.0,696.34,4.43
21688,Norway,potato,2007,227983,1414.0,722.07,3.96
21690,Norway,potato,2008,278193,1414.0,800.9,4.16
21692,Norway,potato,2009,241836,1414.0,534.56,3.31
21694,Norway,potato,2010,251662,1414.0,698.98,1.3
21696,Norway,potato,2011,229141,1414.0,823.96,4.14
21698,Norway,potato,2012,240527,1414.0,813.93,3.09
21700,Norway,potato,2013,251702,1414.0,761.97,3.5
21702,Pakistan,maize,1990,14014,494.0,5299.0,24.81
21703,Pakistan,maize,1990,14014,494.0,5299.0,23.14
21704,Pakistan,maize,1990,14014,494.0,5299.0,27.0
21705,Pakistan,maize,1990,14014,494.0,5299.0,23.14
21706,Pakistan,maize,1990,14014,494.0,5299.0,26.39
21707,Pakistan,maize,1990,14014,494.0,5299.0,24.81
21708,Pakistan,maize,1990,14014,494.0,5299.0,26.23
21709,Pakistan,maize,1990,14014,494.0,5299.0,19.36
21710,Pakistan,maize,1990,14014,494.0,5299.0,23.14
21711,Pakistan,potato,1990,104002,494.0,5299.0,24.81
21712,Pakistan,potato,1990,104002,494.0,5299.0,23.14
21713,Pakistan,potato,1990,104002,494.0,5299.0,27.0
21714,Pakistan,potato,1990,104002,494.0,5299.0,23.14
21715,Pakistan,potato,1990,104002,494.0,5299.0,26.39
21716,Pakistan,potato,1990,104002,494.0,5299.0,24.81
21717,Pakistan,potato,1990,104002,494.0,5299.0,26.23
21718,Pakistan,potato,1990,104002,494.0,5299.0,19.36
21719,Pakistan,potato,1990,104002,494.0,5299.0,23.14
21720,Pakistan,rice,1990,23151,494.0,5299.0,24.81
21721,Pakistan,rice,1990,23151,494.0,5299.0,23.14
21722,Pakistan,rice,1990,23151,494.0,5299.0,27.0
21723,Pakistan,rice,1990,23151,494.0,5299.0,23.14
21724,Pakistan,rice,1990,23151,494.0,5299.0,26.39
21725,Pakistan,rice,1990,23151,494.0,5299.0,24.81
21726,Pakistan,rice,1990,23151,494.0,5299.0,26.23
21727,Pakistan,rice,1990,23151,494.0,5299.0,19.36
21728,Pakistan,rice,1990,23151,494.0,5299.0,23.14
21747,Pakistan,potato,1990,92141,494.0,5299.0,24.81
21748,Pakistan,potato,1990,92141,494.0,5299.0,23.14
21749,Pakistan,potato,1990,92141,494.0,5299.0,27.0
21750,Pakistan,potato,1990,92141,494.0,5299.0,23.14
21751,Pakistan,potato,1990,92141,494.0,5299.0,26.39
21752,Pakistan,potato,1990,92141,494.0,5299.0,24.81
21753,Pakistan,potato,1990,92141,494.0,5299.0,26.23
21754,Pakistan,potato,1990,92141,494.0,5299.0,19.36
21755,Pakistan,potato,1990,92141,494.0,5299.0,23.14
21765,Pakistan,maize,1991,14235,494.0,5962.0,24.38
21766,Pakistan,maize,1991,14235,494.0,5962.0,22.48
21767,Pakistan,maize,1991,14235,494.0,5962.0,26.98
21768,Pakistan,maize,1991,14235,494.0,5962.0,22.48
21769,Pakistan,maize,1991,14235,494.0,5962.0,26.34
21770,Pakistan,maize,1991,14235,494.0,5962.0,24.38
21771,Pakistan,maize,1991,14235,494.0,5962.0,25.87
21772,Pakistan,maize,1991,14235,494.0,5962.0,18.48
21773,Pakistan,maize,1991,14235,494.0,5962.0,22.48
21774,Pakistan,potato,1991,104452,494.0,5962.0,24.38
21775,Pakistan,potato,1991,104452,494.0,5962.0,22.48
21776,Pakistan,potato,1991,104452,494.0,5962.0,26.98
21777,Pakistan,potato,1991,104452,494.0,5962.0,22.48
21778,Pakistan,potato,1991,104452,494.0,5962.0,26.34
21779,Pakistan,potato,1991,104452,494.0,5962.0,24.38
21780,Pakistan,potato,1991,104452,494.0,5962.0,25.87
21781,Pakistan,potato,1991,104452,494.0,5962.0,18.48
21782,Pakistan,potato,1991,104452,494.0,5962.0,22.48
21783,Pakistan,rice,1991,23199,494.0,5962.0,24.38
21784,Pakistan,rice,1991,23199,494.0,5962.0,22.48
21785,Pakistan,rice,1991,23199,494.0,5962.0,26.98
21786,Pakistan,rice,1991,23199,494.0,5962.0,22.48
21787,Pakistan,rice,1991,23199,494.0,5962.0,26.34
21788,Pakistan,rice,1991,23199,494.0,5962.0,24.38
21789,Pakistan,rice,1991,23199,494.0,5962.0,25.87
21790,Pakistan,rice,1991,23199,494.0,5962.0,18.48
21791,Pakistan,rice,1991,23199,494.0,5962.0,22.48
21810,Pakistan,potato,1991,101190,494.0,5962.0,24.38
21811,Pakistan,potato,1991,101190,494.0,5962.0,22.48
21812,Pakistan,potato,1991,101190,494.0,5962.0,26.98
21813,Pakistan,potato,1991,101190,494.0,5962.0,22.48
21814,Pakistan,potato,1991,101190,494.0,5962.0,26.34
21815,Pakistan,potato,1991,101190,494.0,5962.0,24.38
21816,Pakistan,potato,1991,101190,494.0,5962.0,25.87
21817,Pakistan,potato,1991,101190,494.0,5962.0,18.48
21818,Pakistan,potato,1991,101190,494.0,5962.0,22.48
21828,Pakistan,maize,1992,13966,494.0,5518.0,24.31
21829,Pakistan,maize,1992,13966,494.0,5518.0,22.36
21830,Pakistan,maize,1992,13966,494.0,5518.0,26.91
21831,Pakistan,maize,1992,13966,494.0,5518.0,22.36
21832,Pakistan,maize,1992,13966,494.0,5518.0,26.36
21833,Pakistan,maize,1992,13966,494.0,5518.0,24.31
21834,Pakistan,maize,1992,13966,494.0,5518.0,25.71
21835,Pakistan,maize,1992,13966,494.0,5518.0,18.34
21836,Pakistan,maize,1992,13966,494.0,5518.0,22.36
21837,Pakistan,potato,1992,113709,494.0,5518.0,24.31
21838,Pakistan,potato,1992,113709,494.0,5518.0,22.36
21839,Pakistan,potato,1992,113709,494.0,5518.0,26.91
21840,Pakistan,potato,1992,113709,494.0,5518.0,22.36
21841,Pakistan,potato,1992,113709,494.0,5518.0,26.36
21842,Pakistan,potato,1992,113709,494.0,5518.0,24.31
21843,Pakistan,potato,1992,113709,494.0,5518.0,25.71
21844,Pakistan,potato,1992,113709,494.0,5518.0,18.34
21845,Pakistan,potato,1992,113709,494.0,5518.0,22.36
21846,Pakistan,rice,1992,23686,494.0,5518.0,24.31
21847,Pakistan,rice,1992,23686,494.0,5518.0,22.36
21848,Pakistan,rice,1992,23686,494.0,5518.0,26.91
21849,Pakistan,rice,1992,23686,494.0,5518.0,22.36
21850,Pakistan,rice,1992,23686,494.0,5518.0,26.36
21851,Pakistan,rice,1992,23686,494.0,5518.0,24.31
21852,Pakistan,rice,1992,23686,494.0,5518.0,25.71
21853,Pakistan,rice,1992,23686,494.0,5518.0,18.34
21854,Pakistan,rice,1992,23686,494.0,5518.0,22.36
21873,Pakistan,potato,1992,104368,494.0,5518.0,24.31
21874,Pakistan,potato,1992,104368,494.0,5518.0,22.36
21875,Pakistan,potato,1992,104368,494.0,5518.0,26.91
21876,Pakistan,potato,1992,104368,494.0,5518.0,22.36
21877,Pakistan,potato,1992,104368,494.0,5518.0,26.36
21878,Pakistan,potato,1992,104368,494.0,5518.0,24.31
21879,Pakistan,potato,1992,104368,494.0,5518.0,25.71
21880,Pakistan,potato,1992,104368,494.0,5518.0,18.34
21881,Pakistan,potato,1992,104368,494.0,5518.0,22.36
21891,Pakistan,maize,1993,13983,494.0,4945.0,25.04
21892,Pakistan,maize,1993,13983,494.0,4945.0,23.08
21893,Pakistan,maize,1993,13983,494.0,4945.0,27.72
21894,Pakistan,maize,1993,13983,494.0,4945.0,23.08
21895,Pakistan,maize,1993,13983,494.0,4945.0,27.25
21896,Pakistan,maize,1993,13983,494.0,4945.0,25.04
21897,Pakistan,maize,1993,13983,494.0,4945.0,26.51
21898,Pakistan,maize,1993,13983,494.0,4945.0,18.91
21899,Pakistan,maize,1993,13983,494.0,4945.0,23.08
21900,Pakistan,potato,1993,122809,494.0,4945.0,25.04
21901,Pakistan,potato,1993,122809,494.0,4945.0,23.08
21902,Pakistan,potato,1993,122809,494.0,4945.0,27.72
21903,Pakistan,potato,1993,122809,494.0,4945.0,23.08
21904,Pakistan,potato,1993,122809,494.0,4945.0,27.25
21905,Pakistan,potato,1993,122809,494.0,4945.0,25.04
21906,Pakistan,potato,1993,122809,494.0,4945.0,26.51
21907,Pakistan,potato,1993,122809,494.0,4945.0,18.91
21908,Pakistan,potato,1993,122809,494.0,4945.0,23.08
21909,Pakistan,rice,1993,27397,494.0,4945.0,25.04
21910,Pakistan,rice,1993,27397,494.0,4945.0,23.08
21911,Pakistan,rice,1993,27397,494.0,4945.0,27.72
21912,Pakistan,rice,1993,27397,494.0,4945.0,23.08
21913,Pakistan,rice,1993,27397,494.0,4945.0,27.25
21914,Pakistan,rice,1993,27397,494.0,4945.0,25.04
21915,Pakistan,rice,1993,27397,494.0,4945.0,26.51
21916,Pakistan,rice,1993,27397,494.0,4945.0,18.91
21917,Pakistan,rice,1993,27397,494.0,4945.0,23.08
21936,Pakistan,potato,1993,98171,494.0,4945.0,25.04
21937,Pakistan,potato,1993,98171,494.0,4945.0,23.08
21938,Pakistan,potato,1993,98171,494.0,4945.0,27.72
21939,Pakistan,potato,1993,98171,494.0,4945.0,23.08
21940,Pakistan,potato,1993,98171,494.0,4945.0,27.25
21941,Pakistan,potato,1993,98171,494.0,4945.0,25.04
21942,Pakistan,potato,1993,98171,494.0,4945.0,26.51
21943,Pakistan,potato,1993,98171,494.0,4945.0,18.91
21944,Pakistan,potato,1993,98171,494.0,4945.0,23.08
21954,Pakistan,maize,1994,15004,494.0,6183.0,24.78
21955,Pakistan,maize,1994,15004,494.0,6183.0,22.93
21956,Pakistan,maize,1994,15004,494.0,6183.0,26.87
21957,Pakistan,maize,1994,15004,494.0,6183.0,22.93
21958,Pakistan,maize,1994,15004,494.0,6183.0,26.36
21959,Pakistan,maize,1994,15004,494.0,6183.0,24.78
21960,Pakistan,maize,1994,15004,494.0,6183.0,26.13
21961,Pakistan,maize,1994,15004,494.0,6183.0,18.78
21962,Pakistan,maize,1994,15004,494.0,6183.0,22.93
21963,Pakistan,potato,1994,133171,494.0,6183.0,24.78
21964,Pakistan,potato,1994,133171,494.0,6183.0,22.93
21965,Pakistan,potato,1994,133171,494.0,6183.0,26.87
21966,Pakistan,potato,1994,133171,494.0,6183.0,22.93
21967,Pakistan,potato,1994,133171,494.0,6183.0,26.36
21968,Pakistan,potato,1994,133171,494.0,6183.0,24.78
21969,Pakistan,potato,1994,133171,494.0,6183.0,26.13
21970,Pakistan,potato,1994,133171,494.0,6183.0,18.78
21971,Pakistan,potato,1994,133171,494.0,6183.0,22.93
21972,Pakistan,rice,1994,24333,494.0,6183.0,24.78
21973,Pakistan,rice,1994,24333,494.0,6183.0,22.93
21974,Pakistan,rice,1994,24333,494.0,6183.0,26.87
21975,Pakistan,rice,1994,24333,494.0,6183.0,22.93
21976,Pakistan,rice,1994,24333,494.0,6183.0,26.36
21977,Pakistan,rice,1994,24333,494.0,6183.0,24.78
21978,Pakistan,rice,1994,24333,494.0,6183.0,26.13
21979,Pakistan,rice,1994,24333,494.0,6183.0,18.78
21980,Pakistan,rice,1994,24333,494.0,6183.0,22.93
21999,Pakistan,potato,1994,99148,494.0,6183.0,24.78
22000,Pakistan,potato,1994,99148,494.0,6183.0,22.93
22001,Pakistan,potato,1994,99148,494.0,6183.0,26.87
22002,Pakistan,potato,1994,99148,494.0,6183.0,22.93
22003,Pakistan,potato,1994,99148,494.0,6183.0,26.36
22004,Pakistan,potato,1994,99148,494.0,6183.0,24.78
22005,Pakistan,potato,1994,99148,494.0,6183.0,26.13
22006,Pakistan,potato,1994,99148,494.0,6183.0,18.78
22007,Pakistan,potato,1994,99148,494.0,6183.0,22.93
22017,Pakistan,maize,1995,16908,494.0,7681.0,24.58
22018,Pakistan,maize,1995,16908,494.0,7681.0,22.61
22019,Pakistan,maize,1995,16908,494.0,7681.0,27.11
22020,Pakistan,maize,1995,16908,494.0,7681.0,22.61
22021,Pakistan,maize,1995,16908,494.0,7681.0,26.63
22022,Pakistan,maize,1995,16908,494.0,7681.0,24.58
22023,Pakistan,maize,1995,16908,494.0,7681.0,26.09
22024,Pakistan,maize,1995,16908,494.0,7681.0,18.68
22025,Pakistan,maize,1995,16908,494.0,7681.0,22.61
22026,Pakistan,potato,1995,139418,494.0,7681.0,24.58
22027,Pakistan,potato,1995,139418,494.0,7681.0,22.61
22028,Pakistan,potato,1995,139418,494.0,7681.0,27.11
22029,Pakistan,potato,1995,139418,494.0,7681.0,22.61
22030,Pakistan,potato,1995,139418,494.0,7681.0,26.63
22031,Pakistan,potato,1995,139418,494.0,7681.0,24.58
22032,Pakistan,potato,1995,139418,494.0,7681.0,26.09
22033,Pakistan,potato,1995,139418,494.0,7681.0,18.68
22034,Pakistan,potato,1995,139418,494.0,7681.0,22.61
22035,Pakistan,rice,1995,27522,494.0,7681.0,24.58
22036,Pakistan,rice,1995,27522,494.0,7681.0,22.61
22037,Pakistan,rice,1995,27522,494.0,7681.0,27.11
22038,Pakistan,rice,1995,27522,494.0,7681.0,22.61
22039,Pakistan,rice,1995,27522,494.0,7681.0,26.63
22040,Pakistan,rice,1995,27522,494.0,7681.0,24.58
22041,Pakistan,rice,1995,27522,494.0,7681.0,26.09
22042,Pakistan,rice,1995,27522,494.0,7681.0,18.68
22043,Pakistan,rice,1995,27522,494.0,7681.0,22.61
22062,Pakistan,potato,1995,100688,494.0,7681.0,24.58
22063,Pakistan,potato,1995,100688,494.0,7681.0,22.61
22064,Pakistan,potato,1995,100688,494.0,7681.0,27.11
22065,Pakistan,potato,1995,100688,494.0,7681.0,22.61
22066,Pakistan,potato,1995,100688,494.0,7681.0,26.63
22067,Pakistan,potato,1995,100688,494.0,7681.0,24.58
22068,Pakistan,potato,1995,100688,494.0,7681.0,26.09
22069,Pakistan,potato,1995,100688,494.0,7681.0,18.68
22070,Pakistan,potato,1995,100688,494.0,7681.0,22.61
22080,Pakistan,maize,1996,15884,494.0,11955.0,24.43
22081,Pakistan,maize,1996,15884,494.0,11955.0,22.61
22082,Pakistan,maize,1996,15884,494.0,11955.0,27.17
22083,Pakistan,maize,1996,15884,494.0,11955.0,22.61
22084,Pakistan,maize,1996,15884,494.0,11955.0,26.5
22085,Pakistan,maize,1996,15884,494.0,11955.0,24.43
22086,Pakistan,maize,1996,15884,494.0,11955.0,25.92
22087,Pakistan,maize,1996,15884,494.0,11955.0,18.72
22088,Pakistan,maize,1996,15884,494.0,11955.0,22.61
22089,Pakistan,potato,1996,134795,494.0,11955.0,24.43
22090,Pakistan,potato,1996,134795,494.0,11955.0,22.61
22091,Pakistan,potato,1996,134795,494.0,11955.0,27.17
22092,Pakistan,potato,1996,134795,494.0,11955.0,22.61
22093,Pakistan,potato,1996,134795,494.0,11955.0,26.5
22094,Pakistan,potato,1996,134795,494.0,11955.0,24.43
22095,Pakistan,potato,1996,134795,494.0,11955.0,25.92
22096,Pakistan,potato,1996,134795,494.0,11955.0,18.72
22097,Pakistan,potato,1996,134795,494.0,11955.0,22.61
22098,Pakistan,rice,1996,28685,494.0,11955.0,24.43
22099,Pakistan,rice,1996,28685,494.0,11955.0,22.61
22100,Pakistan,rice,1996,28685,494.0,11955.0,27.17
22101,Pakistan,rice,1996,28685,494.0,11955.0,22.61
22102,Pakistan,rice,1996,28685,494.0,11955.0,26.5
22103,Pakistan,rice,1996,28685,494.0,11955.0,24.43
22104,Pakistan,rice,1996,28685,494.0,11955.0,25.92
22105,Pakistan,rice,1996,28685,494.0,11955.0,18.72
22106,Pakistan,rice,1996,28685,494.0,11955.0,22.61
22125,Pakistan,potato,1996,105177,494.0,11955.0,24.43
22126,Pakistan,potato,1996,105177,494.0,11955.0,22.61
22127,Pakistan,potato,1996,105177,494.0,11955.0,27.17
22128,Pakistan,potato,1996,105177,494.0,11955.0,22.61
22129,Pakistan,potato,1996,105177,494.0,11955.0,26.5
22130,Pakistan,potato,1996,105177,494.0,11955.0,24.43
22131,Pakistan,potato,1996,105177,494.0,11955.0,25.92
22132,Pakistan,potato,1996,105177,494.0,11955.0,18.72
22133,Pakistan,potato,1996,105177,494.0,11955.0,22.61
22143,Pakistan,maize,1997,16352,494.0,16936.0,23.76
22144,Pakistan,maize,1997,16352,494.0,16936.0,22.14
22145,Pakistan,maize,1997,16352,494.0,16936.0,26.82
22146,Pakistan,maize,1997,16352,494.0,16936.0,22.14
22147,Pakistan,maize,1997,16352,494.0,16936.0,26.29
22148,Pakistan,maize,1997,16352,494.0,16936.0,23.76
22149,Pakistan,maize,1997,16352,494.0,16936.0,25.16
22150,Pakistan,maize,1997,16352,494.0,16936.0,18.62
22151,Pakistan,maize,1997,16352,494.0,16936.0,22.14
22152,Pakistan,potato,1997,112295,494.0,16936.0,23.76
22153,Pakistan,potato,1997,112295,494.0,16936.0,22.14
22154,Pakistan,potato,1997,112295,494.0,16936.0,26.82
22155,Pakistan,potato,1997,112295,494.0,16936.0,22.14
22156,Pakistan,potato,1997,112295,494.0,16936.0,26.29
22157,Pakistan,potato,1997,112295,494.0,16936.0,23.76
22158,Pakistan,potato,1997,112295,494.0,16936.0,25.16
22159,Pakistan,potato,1997,112295,494.0,16936.0,18.62
22160,Pakistan,potato,1997,112295,494.0,16936.0,22.14
22161,Pakistan,rice,1997,28048,494.0,16936.0,23.76
22162,Pakistan,rice,1997,28048,494.0,16936.0,22.14
22163,Pakistan,rice,1997,28048,494.0,16936.0,26.82
22164,Pakistan,rice,1997,28048,494.0,16936.0,22.14
22165,Pakistan,rice,1997,28048,494.0,16936.0,26.29
22166,Pakistan,rice,1997,28048,494.0,16936.0,23.76
22167,Pakistan,rice,1997,28048,494.0,16936.0,25.16
22168,Pakistan,rice,1997,28048,494.0,16936.0,18.62
22169,Pakistan,rice,1997,28048,494.0,16936.0,22.14
22188,Pakistan,potato,1997,104716,494.0,16936.0,23.76
22189,Pakistan,potato,1997,104716,494.0,16936.0,22.14
22190,Pakistan,potato,1997,104716,494.0,16936.0,26.82
22191,Pakistan,potato,1997,104716,494.0,16936.0,22.14
22192,Pakistan,potato,1997,104716,494.0,16936.0,26.29
22193,Pakistan,potato,1997,104716,494.0,16936.0,23.76
22194,Pakistan,potato,1997,104716,494.0,16936.0,25.16
22195,Pakistan,potato,1997,104716,494.0,16936.0,18.62
22196,Pakistan,potato,1997,104716,494.0,16936.0,22.14
22206,Pakistan,maize,1998,17853,494.0,18406.0,24.91
22207,Pakistan,maize,1998,17853,494.0,18406.0,23.11
22208,Pakistan,maize,1998,17853,494.0,18406.0,27.89
22209,Pakistan,maize,1998,17853,494.0,18406.0,23.11
22210,Pakistan,maize,1998,17853,494.0,18406.0,27.36
22211,Pakistan,maize,1998,17853,494.0,18406.0,24.91
22212,Pakistan,maize,1998,17853,494.0,18406.0,26.41
22213,Pakistan,maize,1998,17853,494.0,18406.0,19.15
22214,Pakistan,maize,1998,17853,494.0,18406.0,23.11
22215,Pakistan,potato,1998,136186,494.0,18406.0,24.91
22216,Pakistan,potato,1998,136186,494.0,18406.0,23.11
22217,Pakistan,potato,1998,136186,494.0,18406.0,27.89
22218,Pakistan,potato,1998,136186,494.0,18406.0,23.11
22219,Pakistan,potato,1998,136186,494.0,18406.0,27.36
22220,Pakistan,potato,1998,136186,494.0,18406.0,24.91
22221,Pakistan,potato,1998,136186,494.0,18406.0,26.41
22222,Pakistan,potato,1998,136186,494.0,18406.0,19.15
22223,Pakistan,potato,1998,136186,494.0,18406.0,23.11
22224,Pakistan,rice,1998,28930,494.0,18406.0,24.91
22225,Pakistan,rice,1998,28930,494.0,18406.0,23.11
22226,Pakistan,rice,1998,28930,494.0,18406.0,27.89
22227,Pakistan,rice,1998,28930,494.0,18406.0,23.11
22228,Pakistan,rice,1998,28930,494.0,18406.0,27.36
22229,Pakistan,rice,1998,28930,494.0,18406.0,24.91
22230,Pakistan,rice,1998,28930,494.0,18406.0,26.41
22231,Pakistan,rice,1998,28930,494.0,18406.0,19.15
22232,Pakistan,rice,1998,28930,494.0,18406.0,23.11
22251,Pakistan,potato,1998,108413,494.0,18406.0,24.91
22252,Pakistan,potato,1998,108413,494.0,18406.0,23.11
22253,Pakistan,potato,1998,108413,494.0,18406.0,27.89
22254,Pakistan,potato,1998,108413,494.0,18406.0,23.11
22255,Pakistan,potato,1998,108413,494.0,18406.0,27.36
22256,Pakistan,potato,1998,108413,494.0,18406.0,24.91
22257,Pakistan,potato,1998,108413,494.0,18406.0,26.41
22258,Pakistan,potato,1998,108413,494.0,18406.0,19.15
22259,Pakistan,potato,1998,108413,494.0,18406.0,23.11
22269,Pakistan,maize,1999,17169,494.0,20450.0,25.5
22270,Pakistan,maize,1999,17169,494.0,20450.0,23.8
22271,Pakistan,maize,1999,17169,494.0,20450.0,27.54
22272,Pakistan,maize,1999,17169,494.0,20450.0,23.8
22273,Pakistan,maize,1999,17169,494.0,20450.0,27.14
22274,Pakistan,maize,1999,17169,494.0,20450.0,25.5
22275,Pakistan,maize,1999,17169,494.0,20450.0,26.8
22276,Pakistan,maize,1999,17169,494.0,20450.0,19.84
22277,Pakistan,maize,1999,17169,494.0,20450.0,23.8
22278,Pakistan,potato,1999,165413,494.0,20450.0,25.5
22279,Pakistan,potato,1999,165413,494.0,20450.0,23.8
22280,Pakistan,potato,1999,165413,494.0,20450.0,27.54
22281,Pakistan,potato,1999,165413,494.0,20450.0,23.8
22282,Pakistan,potato,1999,165413,494.0,20450.0,27.14
22283,Pakistan,potato,1999,165413,494.0,20450.0,25.5
22284,Pakistan,potato,1999,165413,494.0,20450.0,26.8
22285,Pakistan,potato,1999,165413,494.0,20450.0,19.84
22286,Pakistan,potato,1999,165413,494.0,20450.0,23.8
22287,Pakistan,rice,1999,30744,494.0,20450.0,25.5
22288,Pakistan,rice,1999,30744,494.0,20450.0,23.8
22289,Pakistan,rice,1999,30744,494.0,20450.0,27.54
22290,Pakistan,rice,1999,30744,494.0,20450.0,23.8
22291,Pakistan,rice,1999,30744,494.0,20450.0,27.14
22292,Pakistan,rice,1999,30744,494.0,20450.0,25.5
22293,Pakistan,rice,1999,30744,494.0,20450.0,26.8
22294,Pakistan,rice,1999,30744,494.0,20450.0,19.84
22295,Pakistan,rice,1999,30744,494.0,20450.0,23.8
22314,Pakistan,potato,1999,112339,494.0,20450.0,25.5
22315,Pakistan,potato,1999,112339,494.0,20450.0,23.8
22316,Pakistan,potato,1999,112339,494.0,20450.0,27.54
22317,Pakistan,potato,1999,112339,494.0,20450.0,23.8
22318,Pakistan,potato,1999,112339,494.0,20450.0,27.14
22319,Pakistan,potato,1999,112339,494.0,20450.0,25.5
22320,Pakistan,potato,1999,112339,494.0,20450.0,26.8
22321,Pakistan,potato,1999,112339,494.0,20450.0,19.84
22322,Pakistan,potato,1999,112339,494.0,20450.0,23.8
22332,Pakistan,maize,2000,17086,494.0,27885.0,25.32
22333,Pakistan,maize,2000,17086,494.0,27885.0,23.6
22334,Pakistan,maize,2000,17086,494.0,27885.0,27.73
22335,Pakistan,maize,2000,17086,494.0,27885.0,23.6
22336,Pakistan,maize,2000,17086,494.0,27885.0,27.12
22337,Pakistan,maize,2000,17086,494.0,27885.0,25.32
22338,Pakistan,maize,2000,17086,494.0,27885.0,26.71
22339,Pakistan,maize,2000,17086,494.0,27885.0,19.68
22340,Pakistan,maize,2000,17086,494.0,27885.0,23.6
22341,Pakistan,potato,2000,169078,494.0,27885.0,25.32
22342,Pakistan,potato,2000,169078,494.0,27885.0,23.6
22343,Pakistan,potato,2000,169078,494.0,27885.0,27.73
22344,Pakistan,potato,2000,169078,494.0,27885.0,23.6
22345,Pakistan,potato,2000,169078,494.0,27885.0,27.12
22346,Pakistan,potato,2000,169078,494.0,27885.0,25.32
22347,Pakistan,potato,2000,169078,494.0,27885.0,26.71
22348,Pakistan,potato,2000,169078,494.0,27885.0,19.68
22349,Pakistan,potato,2000,169078,494.0,27885.0,23.6
22350,Pakistan,rice,2000,30312,494.0,27885.0,25.32
22351,Pakistan,rice,2000,30312,494.0,27885.0,23.6
22352,Pakistan,rice,2000,30312,494.0,27885.0,27.73
22353,Pakistan,rice,2000,30312,494.0,27885.0,23.6
22354,Pakistan,rice,2000,30312,494.0,27885.0,27.12
22355,Pakistan,rice,2000,30312,494.0,27885.0,25.32
22356,Pakistan,rice,2000,30312,494.0,27885.0,26.71
22357,Pakistan,rice,2000,30312,494.0,27885.0,19.68
22358,Pakistan,rice,2000,30312,494.0,27885.0,23.6
22377,Pakistan,potato,2000,109771,494.0,27885.0,25.32
22378,Pakistan,potato,2000,109771,494.0,27885.0,23.6
22379,Pakistan,potato,2000,109771,494.0,27885.0,27.73
22380,Pakistan,potato,2000,109771,494.0,27885.0,23.6
22381,Pakistan,potato,2000,109771,494.0,27885.0,27.12
22382,Pakistan,potato,2000,109771,494.0,27885.0,25.32
22383,Pakistan,potato,2000,109771,494.0,27885.0,26.71
22384,Pakistan,potato,2000,109771,494.0,27885.0,19.68
22385,Pakistan,potato,2000,109771,494.0,27885.0,23.6
22395,Pakistan,maize,2001,17631,494.0,11871.0,25.18
22396,Pakistan,maize,2001,17631,494.0,11871.0,23.62
22397,Pakistan,maize,2001,17631,494.0,11871.0,27.7
22398,Pakistan,maize,2001,17631,494.0,11871.0,23.62
22399,Pakistan,maize,2001,17631,494.0,11871.0,27.28
22400,Pakistan,maize,2001,17631,494.0,11871.0,25.18
22401,Pakistan,maize,2001,17631,494.0,11871.0,26.5
22402,Pakistan,maize,2001,17631,494.0,11871.0,19.79
22403,Pakistan,maize,2001,17631,494.0,11871.0,23.62
22404,Pakistan,potato,2001,164180,494.0,11871.0,25.18
22405,Pakistan,potato,2001,164180,494.0,11871.0,23.62
22406,Pakistan,potato,2001,164180,494.0,11871.0,27.7
22407,Pakistan,potato,2001,164180,494.0,11871.0,23.62
22408,Pakistan,potato,2001,164180,494.0,11871.0,27.28
22409,Pakistan,potato,2001,164180,494.0,11871.0,25.18
22410,Pakistan,potato,2001,164180,494.0,11871.0,26.5
22411,Pakistan,potato,2001,164180,494.0,11871.0,19.79
22412,Pakistan,potato,2001,164180,494.0,11871.0,23.62
22413,Pakistan,rice,2001,27542,494.0,11871.0,25.18
22414,Pakistan,rice,2001,27542,494.0,11871.0,23.62
22415,Pakistan,rice,2001,27542,494.0,11871.0,27.7
22416,Pakistan,rice,2001,27542,494.0,11871.0,23.62
22417,Pakistan,rice,2001,27542,494.0,11871.0,27.28
22418,Pakistan,rice,2001,27542,494.0,11871.0,25.18
22419,Pakistan,rice,2001,27542,494.0,11871.0,26.5
22420,Pakistan,rice,2001,27542,494.0,11871.0,19.79
22421,Pakistan,rice,2001,27542,494.0,11871.0,23.62
22440,Pakistan,potato,2001,104168,494.0,11871.0,25.18
22441,Pakistan,potato,2001,104168,494.0,11871.0,23.62
22442,Pakistan,potato,2001,104168,494.0,11871.0,27.7
22443,Pakistan,potato,2001,104168,494.0,11871.0,23.62
22444,Pakistan,potato,2001,104168,494.0,11871.0,27.28
22445,Pakistan,potato,2001,104168,494.0,11871.0,25.18
22446,Pakistan,potato,2001,104168,494.0,11871.0,26.5
22447,Pakistan,potato,2001,104168,494.0,11871.0,19.79
22448,Pakistan,potato,2001,104168,494.0,11871.0,23.62
22458,Pakistan,maize,2002,18448,494.0,10881.83,25.61
22459,Pakistan,maize,2002,18448,494.0,10881.83,23.83
22460,Pakistan,maize,2002,18448,494.0,10881.83,27.88
22461,Pakistan,maize,2002,18448,494.0,10881.83,23.83
22462,Pakistan,maize,2002,18448,494.0,10881.83,27.2
22463,Pakistan,maize,2002,18448,494.0,10881.83,25.61
22464,Pakistan,maize,2002,18448,494.0,10881.83,27.0
22465,Pakistan,maize,2002,18448,494.0,10881.83,19.7
22466,Pakistan,maize,2002,18448,494.0,10881.83,23.83
22467,Pakistan,potato,2002,164486,494.0,10881.83,25.61
22468,Pakistan,potato,2002,164486,494.0,10881.83,23.83
22469,Pakistan,potato,2002,164486,494.0,10881.83,27.88
22470,Pakistan,potato,2002,164486,494.0,10881.83,23.83
22471,Pakistan,potato,2002,164486,494.0,10881.83,27.2
22472,Pakistan,potato,2002,164486,494.0,10881.83,25.61
22473,Pakistan,potato,2002,164486,494.0,10881.83,27.0
22474,Pakistan,potato,2002,164486,494.0,10881.83,19.7
22475,Pakistan,potato,2002,164486,494.0,10881.83,23.83
22476,Pakistan,rice,2002,30192,494.0,10881.83,25.61
22477,Pakistan,rice,2002,30192,494.0,10881.83,23.83
22478,Pakistan,rice,2002,30192,494.0,10881.83,27.88
22479,Pakistan,rice,2002,30192,494.0,10881.83,23.83
22480,Pakistan,rice,2002,30192,494.0,10881.83,27.2
22481,Pakistan,rice,2002,30192,494.0,10881.83,25.61
22482,Pakistan,rice,2002,30192,494.0,10881.83,27.0
22483,Pakistan,rice,2002,30192,494.0,10881.83,19.7
22484,Pakistan,rice,2002,30192,494.0,10881.83,23.83
22503,Pakistan,potato,2002,100385,494.0,10881.83,25.61
22504,Pakistan,potato,2002,100385,494.0,10881.83,23.83
22505,Pakistan,potato,2002,100385,494.0,10881.83,27.88
22506,Pakistan,potato,2002,100385,494.0,10881.83,23.83
22507,Pakistan,potato,2002,100385,494.0,10881.83,27.2
22508,Pakistan,potato,2002,100385,494.0,10881.83,25.61
22509,Pakistan,potato,2002,100385,494.0,10881.83,27.0
22510,Pakistan,potato,2002,100385,494.0,10881.83,19.7
22511,Pakistan,potato,2002,100385,494.0,10881.83,23.83
22521,Pakistan,maize,2004,28488,494.0,8903.48,25.55
22522,Pakistan,maize,2004,28488,494.0,8903.48,23.78
22523,Pakistan,maize,2004,28488,494.0,8903.48,27.94
22524,Pakistan,maize,2004,28488,494.0,8903.48,23.78
22525,Pakistan,maize,2004,28488,494.0,8903.48,27.5
22526,Pakistan,maize,2004,28488,494.0,8903.48,25.55
22527,Pakistan,maize,2004,28488,494.0,8903.48,26.96
22528,Pakistan,maize,2004,28488,494.0,8903.48,19.93
22529,Pakistan,maize,2004,28488,494.0,8903.48,23.78
22530,Pakistan,potato,2004,176673,494.0,8903.48,25.55
22531,Pakistan,potato,2004,176673,494.0,8903.48,23.78
22532,Pakistan,potato,2004,176673,494.0,8903.48,27.94
22533,Pakistan,potato,2004,176673,494.0,8903.48,23.78
22534,Pakistan,potato,2004,176673,494.0,8903.48,27.5
22535,Pakistan,potato,2004,176673,494.0,8903.48,25.55
22536,Pakistan,potato,2004,176673,494.0,8903.48,26.96
22537,Pakistan,potato,2004,176673,494.0,8903.48,19.93
22538,Pakistan,potato,2004,176673,494.0,8903.48,23.78
22539,Pakistan,rice,2004,29914,494.0,8903.48,25.55
22540,Pakistan,rice,2004,29914,494.0,8903.48,23.78
22541,Pakistan,rice,2004,29914,494.0,8903.48,27.94
22542,Pakistan,rice,2004,29914,494.0,8903.48,23.78
22543,Pakistan,rice,2004,29914,494.0,8903.48,27.5
22544,Pakistan,rice,2004,29914,494.0,8903.48,25.55
22545,Pakistan,rice,2004,29914,494.0,8903.48,26.96
22546,Pakistan,rice,2004,29914,494.0,8903.48,19.93
22547,Pakistan,rice,2004,29914,494.0,8903.48,23.78
22566,Pakistan,potato,2004,113473,494.0,8903.48,25.55
22567,Pakistan,potato,2004,113473,494.0,8903.48,23.78
22568,Pakistan,potato,2004,113473,494.0,8903.48,27.94
22569,Pakistan,potato,2004,113473,494.0,8903.48,23.78
22570,Pakistan,potato,2004,113473,494.0,8903.48,27.5
22571,Pakistan,potato,2004,113473,494.0,8903.48,25.55
22572,Pakistan,potato,2004,113473,494.0,8903.48,26.96
22573,Pakistan,potato,2004,113473,494.0,8903.48,19.93
22574,Pakistan,potato,2004,113473,494.0,8903.48,23.78
22584,Pakistan,maize,2005,29843,494.0,7914.31,24.66
22585,Pakistan,maize,2005,29843,494.0,7914.31,22.8
22586,Pakistan,maize,2005,29843,494.0,7914.31,27.21
22587,Pakistan,maize,2005,29843,494.0,7914.31,22.8
22588,Pakistan,maize,2005,29843,494.0,7914.31,26.8
22589,Pakistan,maize,2005,29843,494.0,7914.31,24.66
22590,Pakistan,maize,2005,29843,494.0,7914.31,26.04
22591,Pakistan,maize,2005,29843,494.0,7914.31,18.75
22592,Pakistan,maize,2005,29843,494.0,7914.31,22.8
22593,Pakistan,potato,2005,180795,494.0,7914.31,24.66
22594,Pakistan,potato,2005,180795,494.0,7914.31,22.8
22595,Pakistan,potato,2005,180795,494.0,7914.31,27.21
22596,Pakistan,potato,2005,180795,494.0,7914.31,22.8
22597,Pakistan,potato,2005,180795,494.0,7914.31,26.8
22598,Pakistan,potato,2005,180795,494.0,7914.31,24.66
22599,Pakistan,potato,2005,180795,494.0,7914.31,26.04
22600,Pakistan,potato,2005,180795,494.0,7914.31,18.75
22601,Pakistan,potato,2005,180795,494.0,7914.31,22.8
22602,Pakistan,rice,2005,31742,494.0,7914.31,24.66
22603,Pakistan,rice,2005,31742,494.0,7914.31,22.8
22604,Pakistan,rice,2005,31742,494.0,7914.31,27.21
22605,Pakistan,rice,2005,31742,494.0,7914.31,22.8
22606,Pakistan,rice,2005,31742,494.0,7914.31,26.8
22607,Pakistan,rice,2005,31742,494.0,7914.31,24.66
22608,Pakistan,rice,2005,31742,494.0,7914.31,26.04
22609,Pakistan,rice,2005,31742,494.0,7914.31,18.75
22610,Pakistan,rice,2005,31742,494.0,7914.31,22.8
22629,Pakistan,potato,2005,112584,494.0,7914.31,24.66
22630,Pakistan,potato,2005,112584,494.0,7914.31,22.8
22631,Pakistan,potato,2005,112584,494.0,7914.31,27.21
22632,Pakistan,potato,2005,112584,494.0,7914.31,22.8
22633,Pakistan,potato,2005,112584,494.0,7914.31,26.8
22634,Pakistan,potato,2005,112584,494.0,7914.31,24.66
22635,Pakistan,potato,2005,112584,494.0,7914.31,26.04
22636,Pakistan,potato,2005,112584,494.0,7914.31,18.75
22637,Pakistan,potato,2005,112584,494.0,7914.31,22.8
22647,Pakistan,maize,2006,30368,494.0,6925.13,25.17
22648,Pakistan,maize,2006,30368,494.0,6925.13,23.28
22649,Pakistan,maize,2006,30368,494.0,6925.13,27.29
22650,Pakistan,maize,2006,30368,494.0,6925.13,23.28
22651,Pakistan,maize,2006,30368,494.0,6925.13,26.73
22652,Pakistan,maize,2006,30368,494.0,6925.13,25.17
22653,Pakistan,maize,2006,30368,494.0,6925.13,26.46
22654,Pakistan,maize,2006,30368,494.0,6925.13,19.53
22655,Pakistan,maize,2006,30368,494.0,6925.13,23.28
22656,Pakistan,potato,2006,133447,494.0,6925.13,25.17
22657,Pakistan,potato,2006,133447,494.0,6925.13,23.28
22658,Pakistan,potato,2006,133447,494.0,6925.13,27.29
22659,Pakistan,potato,2006,133447,494.0,6925.13,23.28
22660,Pakistan,potato,2006,133447,494.0,6925.13,26.73
22661,Pakistan,potato,2006,133447,494.0,6925.13,25.17
22662,Pakistan,potato,2006,133447,494.0,6925.13,26.46
22663,Pakistan,potato,2006,133447,494.0,6925.13,19.53
22664,Pakistan,potato,2006,133447,494.0,6925.13,23.28
22665,Pakistan,rice,2006,31604,494.0,6925.13,25.17
22666,Pakistan,rice,2006,31604,494.0,6925.13,23.28
22667,Pakistan,rice,2006,31604,494.0,6925.13,27.29
22668,Pakistan,rice,2006,31604,494.0,6925.13,23.28
22669,Pakistan,rice,2006,31604,494.0,6925.13,26.73
22670,Pakistan,rice,2006,31604,494.0,6925.13,25.17
22671,Pakistan,rice,2006,31604,494.0,6925.13,26.46
22672,Pakistan,rice,2006,31604,494.0,6925.13,19.53
22673,Pakistan,rice,2006,31604,494.0,6925.13,23.28
22692,Pakistan,potato,2006,118514,494.0,6925.13,25.17
22693,Pakistan,potato,2006,118514,494.0,6925.13,23.28
22694,Pakistan,potato,2006,118514,494.0,6925.13,27.29
22695,Pakistan,potato,2006,118514,494.0,6925.13,23.28
22696,Pakistan,potato,2006,118514,494.0,6925.13,26.73
22697,Pakistan,potato,2006,118514,494.0,6925.13,25.17
22698,Pakistan,potato,2006,118514,494.0,6925.13,26.46
22699,Pakistan,potato,2006,118514,494.0,6925.13,19.53
22700,Pakistan,potato,2006,118514,494.0,6925.13,23.28
22710,Pakistan,maize,2007,34265,494.0,5935.96,25.16
22711,Pakistan,maize,2007,34265,494.0,5935.96,23.33
22712,Pakistan,maize,2007,34265,494.0,5935.96,27.69
22713,Pakistan,maize,2007,34265,494.0,5935.96,23.33
22714,Pakistan,maize,2007,34265,494.0,5935.96,27.21
22715,Pakistan,maize,2007,34265,494.0,5935.96,25.16
22716,Pakistan,maize,2007,34265,494.0,5935.96,26.53
22717,Pakistan,maize,2007,34265,494.0,5935.96,19.5
22718,Pakistan,maize,2007,34265,494.0,5935.96,23.33
22719,Pakistan,potato,2007,193516,494.0,5935.96,25.16
22720,Pakistan,potato,2007,193516,494.0,5935.96,23.33
22721,Pakistan,potato,2007,193516,494.0,5935.96,27.69
22722,Pakistan,potato,2007,193516,494.0,5935.96,23.33
22723,Pakistan,potato,2007,193516,494.0,5935.96,27.21
22724,Pakistan,potato,2007,193516,494.0,5935.96,25.16
22725,Pakistan,potato,2007,193516,494.0,5935.96,26.53
22726,Pakistan,potato,2007,193516,494.0,5935.96,19.5
22727,Pakistan,potato,2007,193516,494.0,5935.96,23.33
22728,Pakistan,rice,2007,33176,494.0,5935.96,25.16
22729,Pakistan,rice,2007,33176,494.0,5935.96,23.33
22730,Pakistan,rice,2007,33176,494.0,5935.96,27.69
22731,Pakistan,rice,2007,33176,494.0,5935.96,23.33
22732,Pakistan,rice,2007,33176,494.0,5935.96,27.21
22733,Pakistan,rice,2007,33176,494.0,5935.96,25.16
22734,Pakistan,rice,2007,33176,494.0,5935.96,26.53
22735,Pakistan,rice,2007,33176,494.0,5935.96,19.5
22736,Pakistan,rice,2007,33176,494.0,5935.96,23.33
22755,Pakistan,potato,2007,114454,494.0,5935.96,25.16
22756,Pakistan,potato,2007,114454,494.0,5935.96,23.33
22757,Pakistan,potato,2007,114454,494.0,5935.96,27.69
22758,Pakistan,potato,2007,114454,494.0,5935.96,23.33
22759,Pakistan,potato,2007,114454,494.0,5935.96,27.21
22760,Pakistan,potato,2007,114454,494.0,5935.96,25.16
22761,Pakistan,potato,2007,114454,494.0,5935.96,26.53
22762,Pakistan,potato,2007,114454,494.0,5935.96,19.5
22763,Pakistan,potato,2007,114454,494.0,5935.96,23.33
22773,Pakistan,maize,2008,34154,494.0,4946.79,24.89
22774,Pakistan,maize,2008,34154,494.0,4946.79,23.21
22775,Pakistan,maize,2008,34154,494.0,4946.79,27.23
22776,Pakistan,maize,2008,34154,494.0,4946.79,23.21
22777,Pakistan,maize,2008,34154,494.0,4946.79,26.74
22778,Pakistan,maize,2008,34154,494.0,4946.79,24.89
22779,Pakistan,maize,2008,34154,494.0,4946.79,26.33
22780,Pakistan,maize,2008,34154,494.0,4946.79,19.34
22781,Pakistan,maize,2008,34154,494.0,4946.79,23.21
22782,Pakistan,potato,2008,164550,494.0,4946.79,24.89
22783,Pakistan,potato,2008,164550,494.0,4946.79,23.21
22784,Pakistan,potato,2008,164550,494.0,4946.79,27.23
22785,Pakistan,potato,2008,164550,494.0,4946.79,23.21
22786,Pakistan,potato,2008,164550,494.0,4946.79,26.74
22787,Pakistan,potato,2008,164550,494.0,4946.79,24.89
22788,Pakistan,potato,2008,164550,494.0,4946.79,26.33
22789,Pakistan,potato,2008,164550,494.0,4946.79,19.34
22790,Pakistan,potato,2008,164550,494.0,4946.79,23.21
22791,Pakistan,rice,2008,35199,494.0,4946.79,24.89
22792,Pakistan,rice,2008,35199,494.0,4946.79,23.21
22793,Pakistan,rice,2008,35199,494.0,4946.79,27.23
22794,Pakistan,rice,2008,35199,494.0,4946.79,23.21
22795,Pakistan,rice,2008,35199,494.0,4946.79,26.74
22796,Pakistan,rice,2008,35199,494.0,4946.79,24.89
22797,Pakistan,rice,2008,35199,494.0,4946.79,26.33
22798,Pakistan,rice,2008,35199,494.0,4946.79,19.34
22799,Pakistan,rice,2008,35199,494.0,4946.79,23.21
22818,Pakistan,potato,2008,111477,494.0,4946.79,24.89
22819,Pakistan,potato,2008,111477,494.0,4946.79,23.21
22820,Pakistan,potato,2008,111477,494.0,4946.79,27.23
22821,Pakistan,potato,2008,111477,494.0,4946.79,23.21
22822,Pakistan,potato,2008,111477,494.0,4946.79,26.74
22823,Pakistan,potato,2008,111477,494.0,4946.79,24.89
22824,Pakistan,potato,2008,111477,494.0,4946.79,26.33
22825,Pakistan,potato,2008,111477,494.0,4946.79,19.34
22826,Pakistan,potato,2008,111477,494.0,4946.79,23.21
22836,Pakistan,maize,2009,34879,494.0,3957.61,25.37
22837,Pakistan,maize,2009,34879,494.0,3957.61,23.62
22838,Pakistan,maize,2009,34879,494.0,3957.61,27.88
22839,Pakistan,maize,2009,34879,494.0,3957.61,23.62
22840,Pakistan,maize,2009,34879,494.0,3957.61,27.41
22841,Pakistan,maize,2009,34879,494.0,3957.61,25.37
22842,Pakistan,maize,2009,34879,494.0,3957.61,26.68
22843,Pakistan,maize,2009,34879,494.0,3957.61,19.3
22844,Pakistan,maize,2009,34879,494.0,3957.61,23.62
22845,Pakistan,potato,2009,202848,494.0,3957.61,25.37
22846,Pakistan,potato,2009,202848,494.0,3957.61,23.62
22847,Pakistan,potato,2009,202848,494.0,3957.61,27.88
22848,Pakistan,potato,2009,202848,494.0,3957.61,23.62
22849,Pakistan,potato,2009,202848,494.0,3957.61,27.41
22850,Pakistan,potato,2009,202848,494.0,3957.61,25.37
22851,Pakistan,potato,2009,202848,494.0,3957.61,26.68
22852,Pakistan,potato,2009,202848,494.0,3957.61,19.3
22853,Pakistan,potato,2009,202848,494.0,3957.61,23.62
22854,Pakistan,rice,2009,35809,494.0,3957.61,25.37
22855,Pakistan,rice,2009,35809,494.0,3957.61,23.62
22856,Pakistan,rice,2009,35809,494.0,3957.61,27.88
22857,Pakistan,rice,2009,35809,494.0,3957.61,23.62
22858,Pakistan,rice,2009,35809,494.0,3957.61,27.41
22859,Pakistan,rice,2009,35809,494.0,3957.61,25.37
22860,Pakistan,rice,2009,35809,494.0,3957.61,26.68
22861,Pakistan,rice,2009,35809,494.0,3957.61,19.3
22862,Pakistan,rice,2009,35809,494.0,3957.61,23.62
22881,Pakistan,potato,2009,114254,494.0,3957.61,25.37
22882,Pakistan,potato,2009,114254,494.0,3957.61,23.62
22883,Pakistan,potato,2009,114254,494.0,3957.61,27.88
22884,Pakistan,potato,2009,114254,494.0,3957.61,23.62
22885,Pakistan,potato,2009,114254,494.0,3957.61,27.41
22886,Pakistan,potato,2009,114254,494.0,3957.61,25.37
22887,Pakistan,potato,2009,114254,494.0,3957.61,26.68
22888,Pakistan,potato,2009,114254,494.0,3957.61,19.3
22889,Pakistan,potato,2009,114254,494.0,3957.61,23.62
22899,Pakistan,maize,2010,38052,494.0,2968.44,25.48
22900,Pakistan,maize,2010,38052,494.0,2968.44,23.75
22901,Pakistan,maize,2010,38052,494.0,2968.44,28.0
22902,Pakistan,maize,2010,38052,494.0,2968.44,23.75
22903,Pakistan,maize,2010,38052,494.0,2968.44,27.45
22904,Pakistan,maize,2010,38052,494.0,2968.44,25.48
22905,Pakistan,maize,2010,38052,494.0,2968.44,26.79
22906,Pakistan,maize,2010,38052,494.0,2968.44,19.52
22907,Pakistan,maize,2010,38052,494.0,2968.44,23.75
22908,Pakistan,potato,2010,226823,494.0,2968.44,25.48
22909,Pakistan,potato,2010,226823,494.0,2968.44,23.75
22910,Pakistan,potato,2010,226823,494.0,2968.44,28.0
22911,Pakistan,potato,2010,226823,494.0,2968.44,23.75
22912,Pakistan,potato,2010,226823,494.0,2968.44,27.45
22913,Pakistan,potato,2010,226823,494.0,2968.44,25.48
22914,Pakistan,potato,2010,226823,494.0,2968.44,26.79
22915,Pakistan,potato,2010,226823,494.0,2968.44,19.52
22916,Pakistan,potato,2010,226823,494.0,2968.44,23.75
22917,Pakistan,rice,2010,30588,494.0,2968.44,25.48
22918,Pakistan,rice,2010,30588,494.0,2968.44,23.75
22919,Pakistan,rice,2010,30588,494.0,2968.44,28.0
22920,Pakistan,rice,2010,30588,494.0,2968.44,23.75
22921,Pakistan,rice,2010,30588,494.0,2968.44,27.45
22922,Pakistan,rice,2010,30588,494.0,2968.44,25.48
22923,Pakistan,rice,2010,30588,494.0,2968.44,26.79
22924,Pakistan,rice,2010,30588,494.0,2968.44,19.52
22925,Pakistan,rice,2010,30588,494.0,2968.44,23.75
22944,Pakistan,potato,2010,109417,494.0,2968.44,25.48
22945,Pakistan,potato,2010,109417,494.0,2968.44,23.75
22946,Pakistan,potato,2010,109417,494.0,2968.44,28.0
22947,Pakistan,potato,2010,109417,494.0,2968.44,23.75
22948,Pakistan,potato,2010,109417,494.0,2968.44,27.45
22949,Pakistan,potato,2010,109417,494.0,2968.44,25.48
22950,Pakistan,potato,2010,109417,494.0,2968.44,26.79
22951,Pakistan,potato,2010,109417,494.0,2968.44,19.52
22952,Pakistan,potato,2010,109417,494.0,2968.44,23.75
22962,Pakistan,maize,2011,39897,494.0,1979.27,24.98
22963,Pakistan,maize,2011,39897,494.0,1979.27,23.36
22964,Pakistan,maize,2011,39897,494.0,1979.27,27.41
22965,Pakistan,maize,2011,39897,494.0,1979.27,23.36
22966,Pakistan,maize,2011,39897,494.0,1979.27,27.02
22967,Pakistan,maize,2011,39897,494.0,1979.27,24.98
22968,Pakistan,maize,2011,39897,494.0,1979.27,26.32
22969,Pakistan,maize,2011,39897,494.0,1979.27,19.53
22970,Pakistan,maize,2011,39897,494.0,1979.27,23.36
22971,Pakistan,potato,2011,219196,494.0,1979.27,24.98
22972,Pakistan,potato,2011,219196,494.0,1979.27,23.36
22973,Pakistan,potato,2011,219196,494.0,1979.27,27.41
22974,Pakistan,potato,2011,219196,494.0,1979.27,23.36
22975,Pakistan,potato,2011,219196,494.0,1979.27,27.02
22976,Pakistan,potato,2011,219196,494.0,1979.27,24.98
22977,Pakistan,potato,2011,219196,494.0,1979.27,26.32
22978,Pakistan,potato,2011,219196,494.0,1979.27,19.53
22979,Pakistan,potato,2011,219196,494.0,1979.27,23.36
22980,Pakistan,rice,2011,35939,494.0,1979.27,24.98
22981,Pakistan,rice,2011,35939,494.0,1979.27,23.36
22982,Pakistan,rice,2011,35939,494.0,1979.27,27.41
22983,Pakistan,rice,2011,35939,494.0,1979.27,23.36
22984,Pakistan,rice,2011,35939,494.0,1979.27,27.02
22985,Pakistan,rice,2011,35939,494.0,1979.27,24.98
22986,Pakistan,rice,2011,35939,494.0,1979.27,26.32
22987,Pakistan,rice,2011,35939,494.0,1979.27,19.53
22988,Pakistan,rice,2011,35939,494.0,1979.27,23.36
23007,Pakistan,potato,2011,99623,494.0,1979.27,24.98
23008,Pakistan,potato,2011,99623,494.0,1979.27,23.36
23009,Pakistan,potato,2011,99623,494.0,1979.27,27.41
23010,Pakistan,potato,2011,99623,494.0,1979.27,23.36
23011,Pakistan,potato,2011,99623,494.0,1979.27,27.02
23012,Pakistan,potato,2011,99623,494.0,1979.27,24.98
23013,Pakistan,potato,2011,99623,494.0,1979.27,26.32
23014,Pakistan,potato,2011,99623,494.0,1979.27,19.53
23015,Pakistan,potato,2011,99623,494.0,1979.27,23.36
23025,Pakistan,maize,2012,39830,494.0,990.09,24.87
23026,Pakistan,maize,2012,39830,494.0,990.09,23.1
23027,Pakistan,maize,2012,39830,494.0,990.09,27.23
23028,Pakistan,maize,2012,39830,494.0,990.09,23.1
23029,Pakistan,maize,2012,39830,494.0,990.09,26.75
23030,Pakistan,maize,2012,39830,494.0,990.09,24.87
23031,Pakistan,maize,2012,39830,494.0,990.09,26.11
23032,Pakistan,maize,2012,39830,494.0,990.09,18.74
23033,Pakistan,maize,2012,39830,494.0,990.09,23.1
23034,Pakistan,potato,2012,183405,494.0,990.09,24.87
23035,Pakistan,potato,2012,183405,494.0,990.09,23.1
23036,Pakistan,potato,2012,183405,494.0,990.09,27.23
23037,Pakistan,potato,2012,183405,494.0,990.09,23.1
23038,Pakistan,potato,2012,183405,494.0,990.09,26.75
23039,Pakistan,potato,2012,183405,494.0,990.09,24.87
23040,Pakistan,potato,2012,183405,494.0,990.09,26.11
23041,Pakistan,potato,2012,183405,494.0,990.09,18.74
23042,Pakistan,potato,2012,183405,494.0,990.09,23.1
23043,Pakistan,rice,2012,35966,494.0,990.09,24.87
23044,Pakistan,rice,2012,35966,494.0,990.09,23.1
23045,Pakistan,rice,2012,35966,494.0,990.09,27.23
23046,Pakistan,rice,2012,35966,494.0,990.09,23.1
23047,Pakistan,rice,2012,35966,494.0,990.09,26.75
23048,Pakistan,rice,2012,35966,494.0,990.09,24.87
23049,Pakistan,rice,2012,35966,494.0,990.09,26.11
23050,Pakistan,rice,2012,35966,494.0,990.09,18.74
23051,Pakistan,rice,2012,35966,494.0,990.09,23.1
23070,Pakistan,potato,2012,86553,494.0,990.09,24.87
23071,Pakistan,potato,2012,86553,494.0,990.09,23.1
23072,Pakistan,potato,2012,86553,494.0,990.09,27.23
23073,Pakistan,potato,2012,86553,494.0,990.09,23.1
23074,Pakistan,potato,2012,86553,494.0,990.09,26.75
23075,Pakistan,potato,2012,86553,494.0,990.09,24.87
23076,Pakistan,potato,2012,86553,494.0,990.09,26.11
23077,Pakistan,potato,2012,86553,494.0,990.09,18.74
23078,Pakistan,potato,2012,86553,494.0,990.09,23.1
23088,Pakistan,maize,2013,42313,494.0,0.92,25.95
23089,Pakistan,maize,2013,42313,494.0,0.92,24.27
23090,Pakistan,maize,2013,42313,494.0,0.92,27.9
23091,Pakistan,maize,2013,42313,494.0,0.92,24.27
23092,Pakistan,maize,2013,42313,494.0,0.92,27.21
23093,Pakistan,maize,2013,42313,494.0,0.92,25.95
23094,Pakistan,maize,2013,42313,494.0,0.92,27.38
23095,Pakistan,maize,2013,42313,494.0,0.92,19.98
23096,Pakistan,maize,2013,42313,494.0,0.92,24.27
23097,Pakistan,potato,2013,218059,494.0,0.92,25.95
23098,Pakistan,potato,2013,218059,494.0,0.92,24.27
23099,Pakistan,potato,2013,218059,494.0,0.92,27.9
23100,Pakistan,potato,2013,218059,494.0,0.92,24.27
23101,Pakistan,potato,2013,218059,494.0,0.92,27.21
23102,Pakistan,potato,2013,218059,494.0,0.92,25.95
23103,Pakistan,potato,2013,218059,494.0,0.92,27.38
23104,Pakistan,potato,2013,218059,494.0,0.92,19.98
23105,Pakistan,potato,2013,218059,494.0,0.92,24.27
23106,Pakistan,rice,2013,37528,494.0,0.92,25.95
23107,Pakistan,rice,2013,37528,494.0,0.92,24.27
23108,Pakistan,rice,2013,37528,494.0,0.92,27.9
23109,Pakistan,rice,2013,37528,494.0,0.92,24.27
23110,Pakistan,rice,2013,37528,494.0,0.92,27.21
23111,Pakistan,rice,2013,37528,494.0,0.92,25.95
23112,Pakistan,rice,2013,37528,494.0,0.92,27.38
23113,Pakistan,rice,2013,37528,494.0,0.92,19.98
23114,Pakistan,rice,2013,37528,494.0,0.92,24.27
23133,Pakistan,potato,2013,88711,494.0,0.92,25.95
23134,Pakistan,potato,2013,88711,494.0,0.92,24.27
23135,Pakistan,potato,2013,88711,494.0,0.92,27.9
23136,Pakistan,potato,2013,88711,494.0,0.92,24.27
23137,Pakistan,potato,2013,88711,494.0,0.92,27.21
23138,Pakistan,potato,2013,88711,494.0,0.92,25.95
23139,Pakistan,potato,2013,88711,494.0,0.92,27.38
23140,Pakistan,potato,2013,88711,494.0,0.92,19.98
23141,Pakistan,potato,2013,88711,494.0,0.92,24.27
23152,Papua New Guinea,maize,1990,25000,3142.0,121.0,25.27
23153,Papua New Guinea,potato,1990,45000,3142.0,121.0,25.27
23154,Papua New Guinea,rice,1990,18235,3142.0,121.0,25.27
23156,Papua New Guinea,potato,1990,42115,3142.0,121.0,25.27
23159,Papua New Guinea,maize,1991,25000,3142.0,121.0,25.04
23160,Papua New Guinea,potato,1991,44331,3142.0,121.0,25.04
23161,Papua New Guinea,rice,1991,17458,3142.0,121.0,25.04
23163,Papua New Guinea,potato,1991,47000,3142.0,121.0,25.04
23166,Papua New Guinea,maize,1992,28872,3142.0,121.0,25.3
23167,Papua New Guinea,potato,1992,45333,3142.0,121.0,25.3
23168,Papua New Guinea,rice,1992,17695,3142.0,121.0,25.3
23170,Papua New Guinea,potato,1992,47500,3142.0,121.0,25.3
23173,Papua New Guinea,maize,1993,30769,3142.0,172.0,25.02
23174,Papua New Guinea,potato,1993,47059,3142.0,172.0,25.02
23175,Papua New Guinea,rice,1993,18000,3142.0,172.0,25.02
23177,Papua New Guinea,potato,1993,48000,3142.0,172.0,25.02
23180,Papua New Guinea,maize,1994,33615,3142.0,176.0,25.07
23181,Papua New Guinea,potato,1994,43750,3142.0,176.0,25.07
23182,Papua New Guinea,rice,1994,17844,3142.0,176.0,25.07
23184,Papua New Guinea,potato,1994,45000,3142.0,176.0,25.07
23187,Papua New Guinea,maize,1995,35714,3142.0,105.0,25.44
23188,Papua New Guinea,potato,1995,47059,3142.0,105.0,25.44
23189,Papua New Guinea,rice,1995,17872,3142.0,105.0,25.44
23191,Papua New Guinea,potato,1995,46000,3142.0,105.0,25.44
23194,Papua New Guinea,maize,1996,45199,3142.0,105.0,25.41
23195,Papua New Guinea,potato,1996,42500,3142.0,105.0,25.41
23196,Papua New Guinea,rice,1996,17914,3142.0,105.0,25.41
23198,Papua New Guinea,potato,1996,45000,3142.0,105.0,25.41
23201,Papua New Guinea,maize,1997,60000,3142.0,105.0,24.86
23202,Papua New Guinea,potato,1997,35000,3142.0,105.0,24.86
23203,Papua New Guinea,rice,1997,17143,3142.0,105.0,24.86
23205,Papua New Guinea,potato,1997,46000,3142.0,105.0,24.86
23208,Papua New Guinea,maize,1998,55543,3142.0,105.0,26.05
23209,Papua New Guinea,potato,1998,41667,3142.0,105.0,26.05
23210,Papua New Guinea,rice,1998,18270,3142.0,105.0,26.05
23212,Papua New Guinea,potato,1998,46000,3142.0,105.0,26.05
23215,Papua New Guinea,maize,1999,54167,3142.0,105.0,25.38
23216,Papua New Guinea,potato,1999,42857,3142.0,105.0,25.38
23217,Papua New Guinea,rice,1999,18583,3142.0,105.0,25.38
23219,Papua New Guinea,potato,1999,47059,3142.0,105.0,25.38
23222,Papua New Guinea,maize,2000,55385,3142.0,105.0,25.4
23223,Papua New Guinea,potato,2000,46667,3142.0,105.0,25.4
23224,Papua New Guinea,rice,2000,18910,3142.0,105.0,25.4
23226,Papua New Guinea,potato,2000,47059,3142.0,105.0,25.4
23229,Papua New Guinea,maize,2001,59286,3142.0,105.0,25.43
23230,Papua New Guinea,potato,2001,45364,3142.0,105.0,25.43
23231,Papua New Guinea,rice,2001,20000,3142.0,105.0,25.43
23233,Papua New Guinea,potato,2001,48039,3142.0,105.0,25.43
23236,Papua New Guinea,maize,2002,52970,3142.0,105.0,25.48
23237,Papua New Guinea,potato,2002,45134,3142.0,105.0,25.48
23238,Papua New Guinea,rice,2002,19276,3142.0,105.0,25.48
23240,Papua New Guinea,potato,2002,47573,3142.0,105.0,25.48
23243,Papua New Guinea,maize,2004,46154,3142.0,105.0,25.23
23244,Papua New Guinea,potato,2004,45189,3142.0,105.0,25.23
23245,Papua New Guinea,rice,2004,19266,3142.0,105.0,25.23
23247,Papua New Guinea,potato,2004,50000,3142.0,105.0,25.23
23250,Papua New Guinea,maize,2005,46667,3142.0,105.0,25.51
23251,Papua New Guinea,potato,2005,45000,3142.0,105.0,25.51
23252,Papua New Guinea,rice,2005,19409,3142.0,105.0,25.51
23254,Papua New Guinea,potato,2005,49514,3142.0,105.0,25.51
23257,Papua New Guinea,maize,2006,45000,3142.0,105.0,25.04
23258,Papua New Guinea,potato,2006,46014,3142.0,105.0,25.04
23259,Papua New Guinea,rice,2006,19552,3142.0,105.0,25.04
23261,Papua New Guinea,potato,2006,50000,3142.0,105.0,25.04
23264,Papua New Guinea,maize,2007,47059,3142.0,105.0,25.2
23265,Papua New Guinea,potato,2007,45000,3142.0,105.0,25.2
23266,Papua New Guinea,rice,2007,19694,3142.0,105.0,25.2
23268,Papua New Guinea,potato,2007,50435,3142.0,105.0,25.2
23271,Papua New Guinea,maize,2008,45455,3142.0,105.0,25.17
23272,Papua New Guinea,potato,2008,44545,3142.0,105.0,25.17
23273,Papua New Guinea,rice,2008,19837,3142.0,105.0,25.17
23275,Papua New Guinea,potato,2008,50000,3142.0,105.0,25.17
23278,Papua New Guinea,maize,2009,47718,3142.0,105.0,25.08
23279,Papua New Guinea,potato,2009,47512,3142.0,105.0,25.08
23280,Papua New Guinea,rice,2009,19979,3142.0,105.0,25.08
23282,Papua New Guinea,potato,2009,49583,3142.0,105.0,25.08
23285,Papua New Guinea,maize,2010,50000,3142.0,105.0,25.74
23286,Papua New Guinea,potato,2010,48585,3142.0,105.0,25.74
23287,Papua New Guinea,rice,2010,20122,3142.0,105.0,25.74
23289,Papua New Guinea,potato,2010,49994,3142.0,105.0,25.74
23292,Papua New Guinea,maize,2011,57778,3142.0,105.0,25.17
23293,Papua New Guinea,potato,2011,50272,3142.0,105.0,25.17
23294,Papua New Guinea,rice,2011,20264,3142.0,105.0,25.17
23296,Papua New Guinea,potato,2011,50469,3142.0,105.0,25.17
23299,Papua New Guinea,maize,2012,47619,3142.0,105.0,25.14
23300,Papua New Guinea,potato,2012,52632,3142.0,105.0,25.14
23301,Papua New Guinea,rice,2012,20407,3142.0,105.0,25.14
23303,Papua New Guinea,potato,2012,50681,3142.0,105.0,25.14
23306,Papua New Guinea,maize,2013,54545,3142.0,105.0,25.44
23307,Papua New Guinea,potato,2013,61538,3142.0,105.0,25.44
23308,Papua New Guinea,rice,2013,20549,3142.0,105.0,25.44
23310,Papua New Guinea,potato,2013,50887,3142.0,105.0,25.44
23313,Peru,maize,1990,19532,1738.0,3134.0,16.84
23315,Peru,potato,1990,78805,1738.0,3134.0,16.84
23316,Peru,rice,1990,52290,1738.0,3134.0,16.84
23319,Peru,potato,1990,159470,1738.0,3134.0,16.84
23322,Peru,maize,1991,19213,1738.0,3134.0,17.15
23324,Peru,potato,1991,79465,1738.0,3134.0,17.15
23325,Peru,rice,1991,51416,1738.0,3134.0,17.15
23328,Peru,potato,1991,145947,1738.0,3134.0,17.15
23331,Peru,maize,1992,18858,1738.0,3134.0,17.96
23333,Peru,potato,1992,74276,1738.0,3134.0,17.96
23334,Peru,rice,1992,49812,1738.0,3134.0,17.96
23337,Peru,potato,1992,171877,1738.0,3134.0,17.96
23340,Peru,maize,1993,21634,1738.0,3134.0,17.56
23342,Peru,potato,1993,83920,1738.0,3134.0,17.56
23343,Peru,rice,1993,54506,1738.0,3134.0,17.56
23346,Peru,potato,1993,154064,1738.0,3134.0,17.56
23349,Peru,maize,1994,20891,1738.0,3134.0,17.31
23351,Peru,potato,1994,93738,1738.0,3134.0,17.31
23352,Peru,rice,1994,58525,1738.0,3134.0,17.31
23355,Peru,potato,1994,149086,1738.0,3134.0,17.31
23358,Peru,maize,1995,19593,1738.0,3134.0,17.26
23360,Peru,potato,1995,97817,1738.0,3134.0,17.26
23361,Peru,rice,1995,56180,1738.0,3134.0,17.26
23364,Peru,potato,1995,171233,1738.0,3134.0,17.26
23367,Peru,maize,1996,25267,1738.0,3755.0,16.45
23369,Peru,potato,1996,100629,1738.0,3755.0,16.45
23370,Peru,rice,1996,57198,1738.0,3755.0,16.45
23373,Peru,potato,1996,173161,1738.0,3755.0,16.45
23376,Peru,maize,1997,20008,1738.0,4307.0,18.62
23378,Peru,potato,1997,96703,1738.0,4307.0,18.62
23379,Peru,rice,1997,61154,1738.0,4307.0,18.62
23382,Peru,potato,1997,181629,1738.0,4307.0,18.62
23385,Peru,maize,1998,21121,1738.0,4374.0,18.13
23387,Peru,potato,1998,97887,1738.0,4374.0,18.13
23388,Peru,rice,1998,57558,1738.0,4374.0,18.13
23391,Peru,potato,1998,128000,1738.0,4374.0,18.13
23394,Peru,maize,1999,23053,1738.0,4029.0,16.65
23396,Peru,potato,1999,112513,1738.0,4029.0,16.65
23397,Peru,rice,1999,62514,1738.0,4029.0,16.65
23400,Peru,potato,1999,168136,1738.0,4029.0,16.65
23403,Peru,maize,2000,24119,1738.0,5175.0,17.02
23405,Peru,potato,2000,115040,1738.0,5175.0,17.02
23406,Peru,rice,2000,65901,1738.0,5175.0,17.02
23409,Peru,potato,2000,157591,1738.0,5175.0,17.02
23412,Peru,maize,2001,25887,1738.0,8414.17,16.95
23414,Peru,potato,2001,114862,1738.0,8414.17,16.95
23415,Peru,rice,2001,66941,1738.0,8414.17,16.95
23418,Peru,potato,2001,164528,1738.0,8414.17,16.95
23421,Peru,maize,2002,26708,1738.0,8322.88,17.44
23423,Peru,potato,2002,121751,1738.0,8322.88,17.44
23424,Peru,rice,2002,66876,1738.0,8322.88,17.44
23427,Peru,potato,2002,161331,1738.0,8322.88,17.44
23430,Peru,maize,2004,26734,1738.0,8941.22,17.29
23432,Peru,potato,2004,121901,1738.0,8941.22,17.29
23433,Peru,rice,2004,64401,1738.0,8941.22,17.29
23436,Peru,potato,2004,157317,1738.0,8941.22,17.29
23439,Peru,maize,2005,26289,1738.0,10227.74,17.02
23441,Peru,potato,2005,124584,1738.0,10227.74,17.02
23442,Peru,rice,2005,68971,1738.0,10227.74,17.02
23445,Peru,potato,2005,163495,1738.0,10227.74,17.02
23448,Peru,maize,2006,27129,1738.0,12074.5,17.61
23450,Peru,potato,2006,124533,1738.0,12074.5,17.61
23451,Peru,rice,2006,68732,1738.0,12074.5,17.61
23454,Peru,potato,2006,176596,1738.0,12074.5,17.61
23457,Peru,maize,2007,28371,1738.0,9011.14,16.68
23459,Peru,potato,2007,126342,1738.0,9011.14,16.68
23460,Peru,rice,2007,66817,1738.0,9011.14,16.68
23463,Peru,potato,2007,164704,1738.0,9011.14,16.68
23466,Peru,maize,2008,29673,1738.0,12598.66,17.34
23468,Peru,potato,2008,129138,1738.0,12598.66,17.34
23469,Peru,rice,2008,73089,1738.0,12598.66,17.34
23472,Peru,potato,2008,156567,1738.0,12598.66,17.34
23475,Peru,maize,2009,30290,1738.0,11531.33,17.4
23477,Peru,potato,2009,133353,1738.0,11531.33,17.4
23478,Peru,rice,2009,73926,1738.0,11531.33,17.4
23481,Peru,potato,2009,164141,1738.0,11531.33,17.4
23484,Peru,maize,2010,30999,1738.0,15590.54,16.97
23486,Peru,potato,2010,131588,1738.0,15590.54,16.97
23487,Peru,rice,2010,72850,1738.0,15590.54,16.97
23490,Peru,potato,2010,167924,1738.0,15590.54,16.97
23493,Peru,maize,2011,31866,1738.0,15436.91,17.03
23495,Peru,potato,2011,137379,1738.0,15436.91,17.03
23496,Peru,rice,2011,72980,1738.0,15436.91,17.03
23499,Peru,potato,2011,180910,1738.0,15436.91,17.03
23502,Peru,maize,2012,33084,1738.0,18885.82,17.68
23504,Peru,potato,2012,143316,1738.0,18885.82,17.68
23505,Peru,rice,2012,77851,1738.0,18885.82,17.68
23508,Peru,potato,2012,174591,1738.0,18885.82,17.68
23511,Peru,maize,2013,32686,1738.0,17942.97,17.0
23513,Peru,potato,2013,144125,1738.0,17942.97,17.0
23514,Peru,rice,2013,77112,1738.0,17942.97,17.0
23517,Peru,potato,2013,183363,1738.0,17942.97,17.0
23519,Poland,maize,1990,49126,600.0,5422.0,9.2
23520,Poland,potato,1990,197853,600.0,5422.0,9.2
23522,Poland,maize,1991,48468,600.0,5422.0,7.9
23523,Poland,potato,1991,167589,600.0,5422.0,7.9
23525,Poland,maize,1992,36699,600.0,7363.0,8.65
23526,Poland,potato,1992,133086,600.0,7363.0,8.65
23528,Poland,maize,1993,53160,600.0,8825.0,7.67
23529,Poland,potato,1993,206004,600.0,8825.0,7.67
23531,Poland,maize,1994,37503,600.0,9330.0,8.78
23532,Poland,potato,1994,135853,600.0,9330.0,8.78
23534,Poland,maize,1995,49586,600.0,7136.0,8.16
23535,Poland,potato,1995,163505,600.0,7136.0,8.16
23537,Poland,maize,1996,50514,600.0,9824.0,6.71
23538,Poland,potato,1996,202826,600.0,9824.0,6.71
23540,Poland,maize,1997,54011,600.0,9501.0,7.81
23541,Poland,potato,1997,159025,600.0,9501.0,7.81
23543,Poland,maize,1998,58272,600.0,8699.0,8.17
23544,Poland,potato,1998,200375,600.0,8699.0,8.17
23546,Poland,maize,1999,57506,600.0,8466.0,8.96
23547,Poland,potato,1999,157170,600.0,8466.0,8.96
23549,Poland,maize,2000,60637,600.0,8848.0,9.56
23550,Poland,potato,2000,193762,600.0,8848.0,9.56
23552,Poland,maize,2001,60683,600.0,8855.0,8.26
23553,Poland,potato,2001,162270,600.0,8855.0,8.26
23555,Poland,maize,2002,61563,600.0,10358.0,9.14
23556,Poland,potato,2002,193220,600.0,10358.0,9.14
23558,Poland,maize,2004,56935,600.0,8726.0,8.33
23559,Poland,potato,2004,196266,600.0,8726.0,8.33
23562,Poland,maize,2005,57329,600.0,16039.0,8.43
23563,Poland,potato,2005,176293,600.0,16039.0,8.43
23566,Poland,maize,2006,41609,600.0,17101.0,8.64
23567,Poland,potato,2006,150394,600.0,17101.0,8.64
23570,Poland,maize,2007,65743,600.0,18721.0,9.32
23571,Poland,potato,2007,207006,600.0,18721.0,9.32
23574,Poland,maize,2008,58149,600.0,20611.02,9.51
23575,Poland,potato,2008,190607,600.0,20611.02,9.51
23578,Poland,maize,2009,62262,600.0,18493.03,8.5
23579,Poland,potato,2009,191018,600.0,18493.03,8.5
23582,Poland,maize,2010,59824,600.0,19449.02,7.67
23583,Poland,potato,2010,210838,600.0,19449.02,7.67
23586,Poland,maize,2011,71770,600.0,21779.27,8.84
23587,Poland,potato,2011,230338,600.0,21779.27,8.84
23590,Poland,maize,2012,73481,600.0,21885.99,8.48
23591,Poland,potato,2012,243751,600.0,21885.99,8.48
23594,Poland,maize,2013,65761,600.0,22204.46,9.32
23595,Poland,potato,2013,210624,600.0,22204.46,9.32
23597,Portugal,maize,1990,30334,854.0,9357.0,16.55
23598,Portugal,potato,1990,111599,854.0,9357.0,16.55
23599,Portugal,rice,1990,46142,854.0,9357.0,16.55
23600,Portugal,potato,1990,81250,854.0,9357.0,16.55
23603,Portugal,maize,1991,30411,854.0,9357.0,16.09
23604,Portugal,potato,1991,126513,854.0,9357.0,16.09
23605,Portugal,rice,1991,50940,854.0,9357.0,16.09
23606,Portugal,potato,1991,77143,854.0,9357.0,16.09
23609,Portugal,maize,1992,34547,854.0,6117.0,15.95
23610,Portugal,potato,1992,143260,854.0,6117.0,15.95
23611,Portugal,rice,1992,51948,854.0,6117.0,15.95
23612,Portugal,potato,1992,90000,854.0,6117.0,15.95
23615,Portugal,maize,1993,37231,854.0,8985.0,15.33
23616,Portugal,potato,1993,139420,854.0,8985.0,15.33
23617,Portugal,rice,1993,52273,854.0,8985.0,15.33
23618,Portugal,potato,1993,91427,854.0,8985.0,15.33
23621,Portugal,maize,1994,40939,854.0,9580.0,16.12
23622,Portugal,potato,1994,144950,854.0,9580.0,16.12
23623,Portugal,rice,1994,54776,854.0,9580.0,16.12
23624,Portugal,potato,1994,93857,854.0,9580.0,16.12
23627,Portugal,maize,1995,43624,854.0,11815.0,17.23
23628,Portugal,potato,1995,148462,854.0,11815.0,17.23
23629,Portugal,rice,1995,57329,854.0,11815.0,17.23
23630,Portugal,potato,1995,95537,854.0,11815.0,17.23
23633,Portugal,maize,1996,46766,854.0,12457.0,16.12
23634,Portugal,potato,1996,145807,854.0,12457.0,16.12
23635,Portugal,rice,1996,60906,854.0,12457.0,16.12
23636,Portugal,potato,1996,96796,854.0,12457.0,16.12
23639,Portugal,maize,1997,49592,854.0,12750.0,17.1
23640,Portugal,potato,1997,123949,854.0,12750.0,17.1
23641,Portugal,rice,1997,57529,854.0,12750.0,17.1
23642,Portugal,potato,1997,98591,854.0,12750.0,17.1
23645,Portugal,maize,1998,53704,854.0,14389.0,16.4
23646,Portugal,potato,1998,137551,854.0,14389.0,16.4
23647,Portugal,rice,1998,59872,854.0,14389.0,16.4
23648,Portugal,potato,1998,106556,854.0,14389.0,16.4
23651,Portugal,maize,1999,57089,854.0,15411.0,16.09
23652,Portugal,potato,1999,156482,854.0,15411.0,16.09
23653,Portugal,rice,1999,59924,854.0,15411.0,16.09
23654,Portugal,potato,1999,88745,854.0,15411.0,16.09
23657,Portugal,maize,2000,57808,854.0,15470.0,16.23
23658,Portugal,potato,2000,138196,854.0,15470.0,16.23
23659,Portugal,rice,2000,59772,854.0,15470.0,16.23
23660,Portugal,potato,2000,85159,854.0,15470.0,16.23
23663,Portugal,maize,2001,58929,854.0,15503.0,16.2
23664,Portugal,potato,2001,149725,854.0,15503.0,16.2
23665,Portugal,rice,2001,58523,854.0,15503.0,16.2
23666,Portugal,potato,2001,83626,854.0,15503.0,16.2
23669,Portugal,maize,2002,57285,854.0,17452.0,16.19
23670,Portugal,potato,2002,161642,854.0,17452.0,16.19
23671,Portugal,rice,2002,57862,854.0,17452.0,16.19
23672,Portugal,potato,2002,82168,854.0,17452.0,16.19
23675,Portugal,maize,2004,57869,854.0,16942.0,16.31
23676,Portugal,potato,2004,169935,854.0,16942.0,16.31
23677,Portugal,rice,2004,58527,854.0,16942.0,16.31
23678,Portugal,potato,2004,81356,854.0,16942.0,16.31
23681,Portugal,maize,2005,46805,854.0,16353.0,16.43
23682,Portugal,potato,2005,147282,854.0,16353.0,16.43
23683,Portugal,rice,2005,55044,854.0,16353.0,16.43
23684,Portugal,potato,2005,82279,854.0,16353.0,16.43
23687,Portugal,maize,2006,52885,854.0,15702.0,16.84
23688,Portugal,potato,2006,161059,854.0,15702.0,16.84
23689,Portugal,rice,2006,58551,854.0,15702.0,16.84
23690,Portugal,potato,2006,78125,854.0,15702.0,16.84
23693,Portugal,maize,2007,58412,854.0,16682.39,16.11
23694,Portugal,potato,2007,167685,854.0,16682.39,16.11
23695,Portugal,rice,2007,58062,854.0,16682.39,16.11
23696,Portugal,potato,2007,78788,854.0,16682.39,16.11
23699,Portugal,maize,2008,63278,854.0,17080.26,16.12
23700,Portugal,potato,2008,157519,854.0,17080.26,16.12
23701,Portugal,rice,2008,57219,854.0,17080.26,16.12
23702,Portugal,potato,2008,79412,854.0,17080.26,16.12
23705,Portugal,maize,2009,66936,854.0,13984.91,16.84
23706,Portugal,potato,2009,164431,854.0,13984.91,16.84
23707,Portugal,rice,2009,56818,854.0,13984.91,16.84
23708,Portugal,potato,2009,132882,854.0,13984.91,16.84
23711,Portugal,maize,2010,69295,854.0,13774.18,16.5
23712,Portugal,potato,2010,150341,854.0,13774.18,16.5
23713,Portugal,rice,2010,58453,854.0,13774.18,16.5
23714,Portugal,potato,2010,183175,854.0,13774.18,16.5
23717,Portugal,maize,2011,81040,854.0,14024.98,16.91
23718,Portugal,potato,2011,147088,854.0,14024.98,16.91
23719,Portugal,rice,2011,58855,854.0,14024.98,16.91
23720,Portugal,potato,2011,253007,854.0,14024.98,16.91
23723,Portugal,maize,2012,83042,854.0,12444.24,16.24
23724,Portugal,potato,2012,177890,854.0,12444.24,16.24
23725,Portugal,rice,2012,59995,854.0,12444.24,16.24
23726,Portugal,potato,2012,213756,854.0,12444.24,16.24
23729,Portugal,maize,2013,83149,854.0,10126.8,16.77
23730,Portugal,potato,2013,182243,854.0,10126.8,16.77
23731,Portugal,rice,2013,59699,854.0,10126.8,16.77
23732,Portugal,potato,2013,224367,854.0,10126.8,16.77
23735,Qatar,maize,1990,135000,74.0,3.0,27.38
23736,Qatar,potato,1990,96667,74.0,3.0,27.38
23738,Qatar,maize,1991,121818,74.0,3.0,26.77
23739,Qatar,potato,1991,100909,74.0,3.0,26.77
23741,Qatar,maize,1992,124583,74.0,3.0,26.22
23742,Qatar,potato,1992,97727,74.0,3.0,26.22
23744,Qatar,maize,1993,126667,74.0,3.0,27.1
23745,Qatar,potato,1993,100000,74.0,3.0,27.1
23747,Qatar,maize,1994,124074,74.0,3.0,27.59
23748,Qatar,potato,1994,98182,74.0,3.0,27.59
23750,Qatar,maize,1995,125806,74.0,4.0,27.16
23751,Qatar,potato,1995,91667,74.0,4.0,27.16
23753,Qatar,maize,1996,125692,74.0,6.0,27.66
23754,Qatar,potato,1996,104000,74.0,6.0,27.66
23756,Qatar,maize,1997,125694,74.0,21.5,27.23
23757,Qatar,potato,1997,101429,74.0,21.5,27.23
23759,Qatar,maize,1998,124348,74.0,37.0,28.48
23760,Qatar,potato,1998,103333,74.0,37.0,28.48
23762,Qatar,maize,1999,124639,74.0,52.5,28.62
23763,Qatar,potato,1999,93333,74.0,52.5,28.62
23765,Qatar,maize,2000,125175,74.0,68.0,28.06
23766,Qatar,potato,2000,86667,74.0,68.0,28.06
23768,Qatar,maize,2001,125299,74.0,68.0,28.36
23769,Qatar,potato,2001,80000,74.0,68.0,28.36
23771,Qatar,maize,2002,124627,74.0,68.0,28.25
23772,Qatar,potato,2002,75000,74.0,68.0,28.25
23774,Qatar,maize,2004,126304,74.0,68.0,28.2
23775,Qatar,potato,2004,80000,74.0,68.0,28.2
23777,Qatar,maize,2005,124776,74.0,68.0,28.09
23778,Qatar,potato,2005,95169,74.0,68.0,28.09
23780,Qatar,maize,2006,118571,74.0,68.0,28.12
23781,Qatar,potato,2006,103333,74.0,68.0,28.12
23783,Qatar,maize,2007,181429,74.0,68.0,28.23
23784,Qatar,potato,2007,100000,74.0,68.0,28.23
23786,Qatar,maize,2008,181429,74.0,68.0,27.92
23787,Qatar,potato,2008,100000,74.0,68.0,27.92
23789,Qatar,maize,2009,192857,74.0,68.0,28.17
23790,Qatar,potato,2009,110000,74.0,68.0,28.17
23792,Qatar,maize,2010,207556,74.0,68.0,28.93
23793,Qatar,potato,2010,92000,74.0,68.0,28.93
23795,Qatar,maize,2011,125556,74.0,68.0,28.23
23796,Qatar,potato,2011,180000,74.0,68.0,28.23
23798,Qatar,maize,2012,124894,74.0,68.0,28.54
23799,Qatar,potato,2012,120000,74.0,68.0,28.54
23801,Qatar,maize,2013,124845,74.0,68.0,28.68
23802,Qatar,potato,2013,109298,74.0,68.0,28.68
23804,Romania,maize,1990,27606,637.0,25255.0,12.26
23805,Romania,potato,1990,109996,637.0,25255.0,12.26
23806,Romania,rice,1990,16667,637.0,25255.0,12.26
23810,Romania,maize,1991,40766,637.0,19898.0,10.55
23811,Romania,potato,1991,79732,637.0,19898.0,10.55
23812,Romania,rice,1991,14560,637.0,19898.0,10.55
23816,Romania,maize,1992,20469,637.0,15134.0,11.55
23817,Romania,potato,1992,118962,637.0,15134.0,11.55
23818,Romania,rice,1992,23742,637.0,15134.0,11.55
23822,Romania,maize,1993,26054,637.0,24252.0,10.78
23823,Romania,potato,1993,148950,637.0,24252.0,10.78
23824,Romania,rice,1993,30351,637.0,24252.0,10.78
23828,Romania,maize,1994,31317,637.0,21811.0,12.7
23829,Romania,potato,1994,118525,637.0,21811.0,12.7
23830,Romania,rice,1994,32835,637.0,21811.0,12.7
23834,Romania,maize,1995,31915,637.0,20113.0,11.21
23835,Romania,potato,1995,123608,637.0,20113.0,11.21
23836,Romania,rice,1995,39030,637.0,20113.0,11.21
23840,Romania,maize,1996,29319,637.0,17425.0,10.71
23841,Romania,potato,1996,139763,637.0,17425.0,10.71
23842,Romania,rice,1996,27075,637.0,17425.0,10.71
23846,Romania,maize,1997,42171,637.0,15349.0,10.46
23847,Romania,potato,1997,126636,637.0,15349.0,10.46
23848,Romania,rice,1997,26766,637.0,15349.0,10.46
23852,Romania,maize,1998,27892,637.0,13979.0,11.37
23853,Romania,potato,1998,128302,637.0,13979.0,11.37
23854,Romania,rice,1998,29791,637.0,13979.0,11.37
23858,Romania,maize,1999,36403,637.0,11280.0,12.34
23859,Romania,potato,1999,144957,637.0,11280.0,12.34
23860,Romania,rice,1999,24427,637.0,11280.0,12.34
23864,Romania,maize,2000,17128,637.0,9427.4,12.44
23865,Romania,potato,2000,123276,637.0,9427.4,12.44
23866,Romania,rice,2000,26441,637.0,9427.4,12.44
23870,Romania,maize,2001,31232,637.0,7871.1,11.9
23871,Romania,potato,2001,144769,637.0,7871.1,11.9
23872,Romania,rice,2001,12632,637.0,7871.1,11.9
23876,Romania,maize,2002,30421,637.0,7875.7,12.24
23877,Romania,potato,2002,144401,637.0,7875.7,12.24
23878,Romania,rice,2002,12839,637.0,7875.7,12.24
23882,Romania,maize,2004,45497,637.0,6778.2,11.63
23883,Romania,potato,2004,166540,637.0,6778.2,11.63
23884,Romania,rice,2004,40056,637.0,6778.2,11.63
23888,Romania,maize,2005,39816,637.0,7565.7,11.25
23889,Romania,potato,2005,131035,637.0,7565.7,11.25
23890,Romania,rice,2005,41989,637.0,7565.7,11.25
23894,Romania,maize,2006,35754,637.0,6733.2,11.63
23895,Romania,potato,2006,141860,637.0,6733.2,11.63
23896,Romania,rice,2006,32993,637.0,6733.2,11.63
23900,Romania,maize,2007,17030,637.0,6314.0,12.99
23901,Romania,potato,2007,136211,637.0,6314.0,12.99
23902,Romania,rice,2007,34023,637.0,6314.0,12.99
23906,Romania,maize,2008,32271,637.0,7193.7,12.5
23907,Romania,potato,2008,140485,637.0,7193.7,12.5
23908,Romania,rice,2008,49326,637.0,7193.7,12.5
23912,Romania,maize,2009,34169,637.0,6548.7,12.47
23913,Romania,potato,2009,153812,637.0,6548.7,12.47
23914,Romania,rice,2009,54262,637.0,6548.7,12.47
23918,Romania,maize,2010,43176,637.0,7249.2,11.94
23919,Romania,potato,2010,132960,637.0,7249.2,11.94
23920,Romania,rice,2010,49656,637.0,7249.2,11.94
23924,Romania,maize,2011,45292,637.0,6582.9,11.26
23925,Romania,potato,2011,164154,637.0,6582.9,11.26
23926,Romania,rice,2011,51504,637.0,6582.9,11.26
23930,Romania,maize,2012,21870,637.0,6418.7,12.33
23931,Romania,potato,2012,107623,637.0,6418.7,12.33
23932,Romania,rice,2012,44995,637.0,6418.7,12.33
23936,Romania,maize,2013,44941,637.0,6947.9,13.94
23937,Romania,potato,2013,158462,637.0,6947.9,13.94
23938,Romania,rice,2013,47194,637.0,6947.9,13.94
23943,Rwanda,maize,1990,10252,1212.0,157.0,19.39
23944,Rwanda,potato,1990,67453,1212.0,157.0,19.39
23945,Rwanda,rice,1990,13652,1212.0,157.0,19.39
23948,Rwanda,potato,1990,46491,1212.0,157.0,19.39
23952,Rwanda,maize,1991,11556,1212.0,107.0,19.22
23953,Rwanda,potato,1991,68462,1212.0,107.0,19.22
23954,Rwanda,rice,1991,24118,1212.0,107.0,19.22
23957,Rwanda,potato,1991,50000,1212.0,107.0,19.22
23961,Rwanda,maize,1992,12250,1212.0,97.0,19.54
23962,Rwanda,potato,1992,66731,1212.0,97.0,19.54
23963,Rwanda,rice,1992,24030,1212.0,97.0,19.54
23966,Rwanda,potato,1992,50248,1212.0,97.0,19.54
23970,Rwanda,maize,1993,17400,1212.0,127.4,19.53
23971,Rwanda,potato,1993,68053,1212.0,127.4,19.53
23972,Rwanda,rice,1993,26400,1212.0,127.4,19.53
23975,Rwanda,potato,1993,49855,1212.0,127.4,19.53
23979,Rwanda,maize,1994,16750,1212.0,157.8,19.55
23980,Rwanda,potato,1994,67588,1212.0,157.8,19.55
23981,Rwanda,rice,1994,26471,1212.0,157.8,19.55
23984,Rwanda,potato,1994,49953,1212.0,157.8,19.55
23988,Rwanda,maize,1995,11200,1212.0,188.2,19.81
23989,Rwanda,potato,1995,68850,1212.0,188.2,19.81
23990,Rwanda,rice,1995,36508,1212.0,188.2,19.81
23993,Rwanda,potato,1995,50045,1212.0,188.2,19.81
23997,Rwanda,maize,1996,11099,1212.0,218.6,19.31
23998,Rwanda,potato,1996,55823,1212.0,218.6,19.31
23999,Rwanda,rice,1996,32980,1212.0,218.6,19.31
24002,Rwanda,potato,1996,51123,1212.0,218.6,19.31
24006,Rwanda,maize,1997,10908,1212.0,249.0,19.78
24007,Rwanda,potato,1997,54673,1212.0,249.0,19.78
24008,Rwanda,rice,1997,30328,1212.0,249.0,19.78
24011,Rwanda,potato,1997,49659,1212.0,249.0,19.78
24015,Rwanda,maize,1998,8231,1212.0,157.0,19.79
24016,Rwanda,potato,1998,64088,1212.0,157.0,19.79
24017,Rwanda,rice,1998,19148,1212.0,157.0,19.79
24020,Rwanda,potato,1998,50463,1212.0,157.0,19.79
24024,Rwanda,maize,1999,7556,1212.0,152.0,19.35
24025,Rwanda,potato,1999,59083,1212.0,152.0,19.35
24026,Rwanda,rice,1999,18132,1212.0,152.0,19.35
24029,Rwanda,potato,1999,47936,1212.0,152.0,19.35
24033,Rwanda,maize,2000,7018,1212.0,147.0,19.59
24034,Rwanda,potato,2000,87830,1212.0,147.0,19.59
24035,Rwanda,rice,2000,27318,1212.0,147.0,19.59
24038,Rwanda,potato,2000,59138,1212.0,147.0,19.59
24042,Rwanda,maize,2001,7671,1212.0,72.0,19.5
24043,Rwanda,potato,2001,86222,1212.0,72.0,19.5
24044,Rwanda,rice,2001,30668,1212.0,72.0,19.5
24047,Rwanda,potato,2001,60000,1212.0,72.0,19.5
24051,Rwanda,maize,2002,8763,1212.0,106.34,19.77
24052,Rwanda,potato,2002,83133,1212.0,106.34,19.77
24053,Rwanda,rice,2002,32658,1212.0,106.34,19.77
24056,Rwanda,potato,2002,66149,1212.0,106.34,19.77
24060,Rwanda,maize,2004,7670,1212.0,159.54,19.93
24061,Rwanda,potato,2004,80407,1212.0,159.54,19.93
24062,Rwanda,rice,2004,37964,1212.0,159.54,19.93
24065,Rwanda,potato,2004,55700,1212.0,159.54,19.93
24069,Rwanda,maize,2005,8889,1212.0,222.92,20.29
24070,Rwanda,potato,2005,96891,1212.0,222.92,20.29
24071,Rwanda,rice,2005,44673,1212.0,222.92,20.29
24074,Rwanda,potato,2005,59629,1212.0,222.92,20.29
24078,Rwanda,maize,2006,8531,1212.0,288.72,20.02
24079,Rwanda,potato,2006,91740,1212.0,288.72,20.02
24080,Rwanda,rice,2006,44843,1212.0,288.72,20.02
24083,Rwanda,potato,2006,57251,1212.0,288.72,20.02
24087,Rwanda,maize,2007,7201,1212.0,398.11,19.6
24088,Rwanda,potato,2007,77618,1212.0,398.11,19.6
24089,Rwanda,rice,2007,41320,1212.0,398.11,19.6
24092,Rwanda,potato,2007,56993,1212.0,398.11,19.6
24096,Rwanda,maize,2008,11515,1212.0,321.75,19.56
24097,Rwanda,potato,2008,91329,1212.0,321.75,19.56
24098,Rwanda,rice,2008,44432,1212.0,321.75,19.56
24101,Rwanda,potato,2008,55168,1212.0,321.75,19.56
24105,Rwanda,maize,2009,19503,1212.0,1187.6,19.84
24106,Rwanda,potato,2009,102216,1212.0,1187.6,19.84
24107,Rwanda,rice,2009,56178,1212.0,1187.6,19.84
24110,Rwanda,potato,2009,65099,1212.0,1187.6,19.84
24114,Rwanda,maize,2010,23416,1212.0,953.85,20.12
24115,Rwanda,potato,2010,118679,1212.0,953.85,20.12
24116,Rwanda,rice,2010,51833,1212.0,953.85,20.12
24119,Rwanda,potato,2010,74877,1212.0,953.85,20.12
24123,Rwanda,maize,2011,23529,1212.0,181.6,19.59
24124,Rwanda,potato,2011,128118,1212.0,181.6,19.59
24125,Rwanda,rice,2011,55195,1212.0,181.6,19.59
24128,Rwanda,potato,2011,80541,1212.0,181.6,19.59
24132,Rwanda,maize,2012,22587,1212.0,925.52,19.79
24133,Rwanda,potato,2012,141869,1212.0,925.52,19.79
24134,Rwanda,rice,2012,57193,1212.0,925.52,19.79
24137,Rwanda,potato,2012,91903,1212.0,925.52,19.79
24141,Rwanda,maize,2013,22845,1212.0,1841.5,19.93
24142,Rwanda,potato,2013,136056,1212.0,1841.5,19.93
24143,Rwanda,rice,2013,53362,1212.0,1841.5,19.93
24146,Rwanda,potato,2013,96163,1212.0,1841.5,19.93
24149,Saudi Arabia,maize,1990,17992,59.0,994.0,25.86
24150,Saudi Arabia,maize,1990,17992,59.0,994.0,25.7
24151,Saudi Arabia,potato,1990,198311,59.0,994.0,25.86
24152,Saudi Arabia,potato,1990,198311,59.0,994.0,25.7
24157,Saudi Arabia,maize,1991,21166,59.0,994.0,25.94
24158,Saudi Arabia,maize,1991,21166,59.0,994.0,25.43
24159,Saudi Arabia,potato,1991,175355,59.0,994.0,25.94
24160,Saudi Arabia,potato,1991,175355,59.0,994.0,25.43
24165,Saudi Arabia,maize,1992,20733,59.0,994.0,24.74
24166,Saudi Arabia,maize,1992,20733,59.0,994.0,24.37
24167,Saudi Arabia,potato,1992,160109,59.0,994.0,24.74
24168,Saudi Arabia,potato,1992,160109,59.0,994.0,24.37
24173,Saudi Arabia,maize,1993,21725,59.0,994.0,25.9
24174,Saudi Arabia,maize,1993,21725,59.0,994.0,25.42
24175,Saudi Arabia,potato,1993,182880,59.0,994.0,25.9
24176,Saudi Arabia,potato,1993,182880,59.0,994.0,25.42
24181,Saudi Arabia,maize,1994,19523,59.0,994.0,26.26
24182,Saudi Arabia,maize,1994,19523,59.0,994.0,26.08
24183,Saudi Arabia,potato,1994,189468,59.0,994.0,26.26
24184,Saudi Arabia,potato,1994,189468,59.0,994.0,26.08
24189,Saudi Arabia,maize,1995,19522,59.0,994.0,26.33
24190,Saudi Arabia,maize,1995,19522,59.0,994.0,25.64
24191,Saudi Arabia,potato,1995,196769,59.0,994.0,26.33
24192,Saudi Arabia,potato,1995,196769,59.0,994.0,25.64
24197,Saudi Arabia,maize,1996,19583,59.0,994.0,26.37
24198,Saudi Arabia,maize,1996,19583,59.0,994.0,26.28
24199,Saudi Arabia,potato,1996,196701,59.0,994.0,26.37
24200,Saudi Arabia,potato,1996,196701,59.0,994.0,26.28
24205,Saudi Arabia,maize,1997,17531,59.0,2513.0,25.88
24206,Saudi Arabia,maize,1997,17531,59.0,2513.0,25.49
24207,Saudi Arabia,potato,1997,173596,59.0,2513.0,25.88
24208,Saudi Arabia,potato,1997,173596,59.0,2513.0,25.49
24213,Saudi Arabia,maize,1998,20519,59.0,2683.37,26.48
24214,Saudi Arabia,maize,1998,20519,59.0,2683.37,26.73
24215,Saudi Arabia,potato,1998,180428,59.0,2683.37,26.48
24216,Saudi Arabia,potato,1998,180428,59.0,2683.37,26.73
24221,Saudi Arabia,maize,1999,18723,59.0,2853.74,26.75
24222,Saudi Arabia,maize,1999,18723,59.0,2853.74,26.92
24223,Saudi Arabia,potato,1999,250876,59.0,2853.74,26.75
24224,Saudi Arabia,potato,1999,250876,59.0,2853.74,26.92
24229,Saudi Arabia,maize,2000,62820,59.0,3024.11,26.62
24230,Saudi Arabia,maize,2000,62820,59.0,3024.11,26.55
24231,Saudi Arabia,potato,2000,262035,59.0,3024.11,26.62
24232,Saudi Arabia,potato,2000,262035,59.0,3024.11,26.55
24237,Saudi Arabia,maize,2001,40612,59.0,3194.48,26.6
24238,Saudi Arabia,maize,2001,40612,59.0,3194.48,26.67
24239,Saudi Arabia,potato,2001,240917,59.0,3194.48,26.6
24240,Saudi Arabia,potato,2001,240917,59.0,3194.48,26.67
24245,Saudi Arabia,maize,2002,36432,59.0,3364.86,26.63
24246,Saudi Arabia,maize,2002,36432,59.0,3364.86,26.44
24247,Saudi Arabia,potato,2002,228648,59.0,3364.86,26.63
24248,Saudi Arabia,potato,2002,228648,59.0,3364.86,26.44
24253,Saudi Arabia,maize,2004,38514,59.0,3705.6,26.53
24254,Saudi Arabia,maize,2004,38514,59.0,3705.6,26.2
24255,Saudi Arabia,potato,2004,260589,59.0,3705.6,26.53
24256,Saudi Arabia,potato,2004,260589,59.0,3705.6,26.2
24261,Saudi Arabia,maize,2005,37301,59.0,3875.97,26.47
24262,Saudi Arabia,maize,2005,37301,59.0,3875.97,26.27
24263,Saudi Arabia,potato,2005,243565,59.0,3875.97,26.47
24264,Saudi Arabia,potato,2005,243565,59.0,3875.97,26.27
24269,Saudi Arabia,maize,2006,58203,59.0,4046.34,26.42
24270,Saudi Arabia,maize,2006,58203,59.0,4046.34,26.24
24271,Saudi Arabia,potato,2006,242031,59.0,4046.34,26.42
24272,Saudi Arabia,potato,2006,242031,59.0,4046.34,26.24
24277,Saudi Arabia,maize,2007,56250,59.0,4216.71,26.58
24278,Saudi Arabia,maize,2007,56250,59.0,4216.71,26.49
24279,Saudi Arabia,potato,2007,235025,59.0,4216.71,26.58
24280,Saudi Arabia,potato,2007,235025,59.0,4216.71,26.49
24285,Saudi Arabia,maize,2008,56427,59.0,4372.61,26.64
24286,Saudi Arabia,maize,2008,56427,59.0,4372.61,26.21
24287,Saudi Arabia,potato,2008,249332,59.0,4372.61,26.64
24288,Saudi Arabia,potato,2008,249332,59.0,4372.61,26.21
24293,Saudi Arabia,maize,2009,54742,59.0,4528.51,26.9
24294,Saudi Arabia,maize,2009,54742,59.0,4528.51,26.71
24295,Saudi Arabia,potato,2009,251423,59.0,4528.51,26.9
24296,Saudi Arabia,potato,2009,251423,59.0,4528.51,26.71
24301,Saudi Arabia,maize,2010,53096,59.0,4684.4,27.3
24302,Saudi Arabia,maize,2010,53096,59.0,4684.4,27.37
24303,Saudi Arabia,potato,2010,260575,59.0,4684.4,27.3
24304,Saudi Arabia,potato,2010,260575,59.0,4684.4,27.37
24309,Saudi Arabia,maize,2011,59958,59.0,4840.3,26.57
24310,Saudi Arabia,maize,2011,59958,59.0,4840.3,26.4
24311,Saudi Arabia,potato,2011,248330,59.0,4840.3,26.57
24312,Saudi Arabia,potato,2011,248330,59.0,4840.3,26.4
24317,Saudi Arabia,maize,2012,60135,59.0,4996.2,27.02
24318,Saudi Arabia,maize,2012,60135,59.0,4996.2,26.83
24319,Saudi Arabia,potato,2012,253233,59.0,4996.2,27.02
24320,Saudi Arabia,potato,2012,253233,59.0,4996.2,26.83
24325,Saudi Arabia,maize,2013,61024,59.0,5412.5,27.57
24326,Saudi Arabia,maize,2013,61024,59.0,5412.5,27.78
24327,Saudi Arabia,potato,2013,256547,59.0,5412.5,27.57
24328,Saudi Arabia,potato,2013,256547,59.0,5412.5,27.78
24334,Senegal,maize,1990,11411,686.0,384.0,25.13
24335,Senegal,potato,1990,145518,686.0,384.0,25.13
24336,Senegal,rice,1990,24825,686.0,384.0,25.13
24338,Senegal,potato,1990,57380,686.0,384.0,25.13
24340,Senegal,maize,1991,11324,686.0,384.0,25.0
24341,Senegal,potato,1991,168760,686.0,384.0,25.0
24342,Senegal,rice,1991,23497,686.0,384.0,25.0
24344,Senegal,potato,1991,50951,686.0,384.0,25.0
24346,Senegal,maize,1992,10907,686.0,384.0,25.09
24347,Senegal,potato,1992,165247,686.0,384.0,25.09
24348,Senegal,rice,1992,24065,686.0,384.0,25.09
24350,Senegal,potato,1992,54350,686.0,384.0,25.09
24352,Senegal,maize,1993,12694,686.0,357.55,24.99
24353,Senegal,potato,1993,159492,686.0,357.55,24.99
24354,Senegal,rice,1993,24809,686.0,357.55,24.99
24356,Senegal,potato,1993,60372,686.0,357.55,24.99
24358,Senegal,maize,1994,10133,686.0,547.3,24.94
24359,Senegal,potato,1994,154545,686.0,547.3,24.94
24360,Senegal,rice,1994,20869,686.0,547.3,24.94
24362,Senegal,potato,1994,85778,686.0,547.3,24.94
24364,Senegal,maize,1995,10881,686.0,435.31,25.33
24365,Senegal,potato,1995,213833,686.0,435.31,25.33
24366,Senegal,rice,1995,22497,686.0,435.31,25.33
24368,Senegal,potato,1995,69468,686.0,435.31,25.33
24370,Senegal,maize,1996,10438,686.0,411.33,25.49
24371,Senegal,potato,1996,200000,686.0,411.33,25.49
24372,Senegal,rice,1996,20157,686.0,411.33,25.49
24374,Senegal,potato,1996,56359,686.0,411.33,25.49
24376,Senegal,maize,1997,12911,686.0,437.23,25.87
24377,Senegal,potato,1997,187500,686.0,437.23,25.87
24378,Senegal,rice,1997,23254,686.0,437.23,25.87
24380,Senegal,potato,1997,41773,686.0,437.23,25.87
24382,Senegal,maize,1998,8255,686.0,450.71,26.03
24383,Senegal,potato,1998,162731,686.0,450.71,26.03
24384,Senegal,rice,1998,27204,686.0,450.71,26.03
24386,Senegal,potato,1998,73470,686.0,450.71,26.03
24388,Senegal,maize,1999,9388,686.0,470.87,24.93
24389,Senegal,potato,1999,157460,686.0,470.87,24.93
24390,Senegal,rice,1999,28000,686.0,470.87,24.93
24392,Senegal,potato,1999,87926,686.0,470.87,24.93
24394,Senegal,maize,2000,11114,686.0,491.03,25.26
24395,Senegal,potato,2000,111628,686.0,491.03,25.26
24396,Senegal,rice,2000,23454,686.0,491.03,25.26
24398,Senegal,potato,2000,100092,686.0,491.03,25.26
24400,Senegal,maize,2001,12279,686.0,282.02,25.79
24401,Senegal,potato,2001,157460,686.0,282.02,25.79
24402,Senegal,rice,2001,23729,686.0,282.02,25.79
24404,Senegal,potato,2001,107470,686.0,282.02,25.79
24406,Senegal,maize,2002,7434,686.0,328.0,25.4
24407,Senegal,potato,2002,258305,686.0,328.0,25.4
24408,Senegal,rice,2002,22676,686.0,328.0,25.4
24410,Senegal,potato,2002,107470,686.0,328.0,25.4
24412,Senegal,maize,2004,27194,686.0,419.97,25.38
24413,Senegal,potato,2004,149835,686.0,419.97,25.38
24414,Senegal,rice,2004,24758,686.0,419.97,25.38
24416,Senegal,potato,2004,250094,686.0,419.97,25.38
24418,Senegal,maize,2005,27961,686.0,465.95,25.78
24419,Senegal,potato,2005,136536,686.0,465.95,25.78
24420,Senegal,rice,2005,28542,686.0,465.95,25.78
24422,Senegal,potato,2005,250081,686.0,465.95,25.78
24424,Senegal,maize,2006,13919,686.0,511.93,25.32
24425,Senegal,potato,2006,200382,686.0,511.93,25.32
24426,Senegal,rice,2006,22401,686.0,511.93,25.32
24428,Senegal,potato,2006,250252,686.0,511.93,25.32
24430,Senegal,maize,2007,11008,686.0,557.92,25.34
24431,Senegal,potato,2007,200000,686.0,557.92,25.34
24432,Senegal,rice,2007,24078,686.0,557.92,25.34
24434,Senegal,potato,2007,253333,686.0,557.92,25.34
24436,Senegal,maize,2008,18351,686.0,603.9,25.5
24437,Senegal,potato,2008,113000,686.0,603.9,25.5
24438,Senegal,rice,2008,32572,686.0,603.9,25.5
24440,Senegal,potato,2008,250000,686.0,603.9,25.5
24442,Senegal,maize,2009,16300,686.0,649.88,25.01
24443,Senegal,potato,2009,200000,686.0,649.88,25.01
24444,Senegal,rice,2009,36022,686.0,649.88,25.01
24446,Senegal,potato,2009,400000,686.0,649.88,25.01
24448,Senegal,maize,2010,15384,686.0,695.86,26.1
24449,Senegal,potato,2010,200000,686.0,695.86,26.1
24450,Senegal,rice,2010,41033,686.0,695.86,26.1
24452,Senegal,potato,2010,333333,686.0,695.86,26.1
24454,Senegal,maize,2011,11331,686.0,741.85,25.41
24455,Senegal,potato,2011,215517,686.0,741.85,25.41
24456,Senegal,rice,2011,37171,686.0,741.85,25.41
24458,Senegal,potato,2011,263979,686.0,741.85,25.41
24460,Senegal,maize,2012,15465,686.0,787.83,25.47
24461,Senegal,potato,2012,267857,686.0,787.83,25.47
24462,Senegal,rice,2012,39892,686.0,787.83,25.47
24464,Senegal,potato,2012,288175,686.0,787.83,25.47
24466,Senegal,maize,2013,14428,686.0,722.53,24.7
24467,Senegal,potato,2013,225885,686.0,722.53,24.7
24468,Senegal,rice,2013,40181,686.0,722.53,24.7
24470,Senegal,potato,2013,352871,686.0,722.53,24.7
24471,Slovenia,maize,1992,28150,1162.0,1309.0,10.78
24472,Slovenia,potato,1992,121000,1162.0,1309.0,10.78
24475,Slovenia,maize,1993,40210,1162.0,1112.0,10.19
24476,Slovenia,potato,1993,125740,1162.0,1112.0,10.19
24479,Slovenia,maize,1994,63200,1162.0,944.0,11.33
24480,Slovenia,potato,1994,172680,1162.0,944.0,11.33
24483,Slovenia,maize,1995,63380,1162.0,987.0,10.14
24484,Slovenia,potato,1995,189910,1162.0,987.0,10.14
24487,Slovenia,maize,1996,63000,1162.0,953.0,9.24
24488,Slovenia,potato,1996,193000,1162.0,953.0,9.24
24491,Slovenia,maize,1997,74811,1162.0,1245.0,10.18
24492,Slovenia,potato,1997,204781,1162.0,1245.0,10.18
24495,Slovenia,maize,1998,73139,1162.0,1091.0,10.42
24496,Slovenia,potato,1998,212682,1162.0,1091.0,10.42
24499,Slovenia,maize,1999,69368,1162.0,1133.0,10.51
24500,Slovenia,potato,1999,197257,1162.0,1133.0,10.51
24503,Slovenia,maize,2000,58821,1162.0,1468.0,11.45
24504,Slovenia,potato,2000,207950,1162.0,1468.0,11.45
24507,Slovenia,maize,2001,54139,1162.0,1387.0,10.74
24508,Slovenia,potato,2001,190468,1162.0,1387.0,10.74
24511,Slovenia,maize,2002,81574,1162.0,1164.1,11.18
24512,Slovenia,potato,2002,233322,1162.0,1164.1,11.18
24515,Slovenia,maize,2004,77750,1162.0,1557.98,10.06
24516,Slovenia,potato,2004,250951,1162.0,1557.98,10.06
24519,Slovenia,maize,2005,82883,1162.0,1383.88,9.62
24520,Slovenia,potato,2005,229486,1162.0,1383.88,9.62
24523,Slovenia,maize,2006,69305,1162.0,1280.98,10.56
24524,Slovenia,potato,2006,181312,1162.0,1280.98,10.56
24527,Slovenia,maize,2007,75358,1162.0,1155.23,11.31
24528,Slovenia,potato,2007,228469,1162.0,1155.23,11.31
24531,Slovenia,maize,2008,73207,1162.0,1218.15,11.09
24532,Slovenia,potato,2008,226607,1162.0,1218.15,11.09
24535,Slovenia,maize,2009,78371,1162.0,1162.87,11.06
24536,Slovenia,potato,2009,247725,1162.0,1162.87,11.06
24539,Slovenia,maize,2010,85394,1162.0,1134.37,10.0
24540,Slovenia,potato,2010,245353,1162.0,1134.37,10.0
24543,Slovenia,maize,2011,86856,1162.0,1121.91,11.02
24544,Slovenia,potato,2011,264228,1162.0,1121.91,11.02
24547,Slovenia,maize,2012,70816,1162.0,1016.08,11.12
24548,Slovenia,potato,2012,234061,1162.0,1016.08,11.12
24551,Slovenia,maize,2013,54145,1162.0,917.49,11.58
24552,Slovenia,potato,2013,187950,1162.0,917.49,11.58
24555,South Africa,maize,1990,22051,495.0,16582.0,20.56
24556,South Africa,maize,1990,22051,495.0,16582.0,15.56
24557,South Africa,maize,1990,22051,495.0,16582.0,18.91
24558,South Africa,maize,1990,22051,495.0,16582.0,15.56
24559,South Africa,potato,1990,200263,495.0,16582.0,20.56
24560,South Africa,potato,1990,200263,495.0,16582.0,15.56
24561,South Africa,potato,1990,200263,495.0,16582.0,18.91
24562,South Africa,potato,1990,200263,495.0,16582.0,15.56
24563,South Africa,rice,1990,18976,495.0,16582.0,20.56
24564,South Africa,rice,1990,18976,495.0,16582.0,15.56
24565,South Africa,rice,1990,18976,495.0,16582.0,18.91
24566,South Africa,rice,1990,18976,495.0,16582.0,15.56
24575,South Africa,potato,1990,35872,495.0,16582.0,20.56
24576,South Africa,potato,1990,35872,495.0,16582.0,15.56
24577,South Africa,potato,1990,35872,495.0,16582.0,18.91
24578,South Africa,potato,1990,35872,495.0,16582.0,15.56
24583,South Africa,maize,1991,22573,495.0,16582.0,21.06
24584,South Africa,maize,1991,22573,495.0,16582.0,15.56
24585,South Africa,maize,1991,22573,495.0,16582.0,18.86
24586,South Africa,maize,1991,22573,495.0,16582.0,15.56
24587,South Africa,potato,1991,200188,495.0,16582.0,21.06
24588,South Africa,potato,1991,200188,495.0,16582.0,15.56
24589,South Africa,potato,1991,200188,495.0,16582.0,18.86
24590,South Africa,potato,1991,200188,495.0,16582.0,15.56
24591,South Africa,rice,1991,21297,495.0,16582.0,21.06
24592,South Africa,rice,1991,21297,495.0,16582.0,15.56
24593,South Africa,rice,1991,21297,495.0,16582.0,18.86
24594,South Africa,rice,1991,21297,495.0,16582.0,15.56
24603,South Africa,potato,1991,36715,495.0,16582.0,21.06
24604,South Africa,potato,1991,36715,495.0,16582.0,15.56
24605,South Africa,potato,1991,36715,495.0,16582.0,18.86
24606,South Africa,potato,1991,36715,495.0,16582.0,15.56
24611,South Africa,maize,1992,7853,495.0,16582.0,21.53
24612,South Africa,maize,1992,7853,495.0,16582.0,16.48
24613,South Africa,maize,1992,7853,495.0,16582.0,19.95
24614,South Africa,maize,1992,7853,495.0,16582.0,16.48
24615,South Africa,potato,1992,178455,495.0,16582.0,21.53
24616,South Africa,potato,1992,178455,495.0,16582.0,16.48
24617,South Africa,potato,1992,178455,495.0,16582.0,19.95
24618,South Africa,potato,1992,178455,495.0,16582.0,16.48
24619,South Africa,rice,1992,21503,495.0,16582.0,21.53
24620,South Africa,rice,1992,21503,495.0,16582.0,16.48
24621,South Africa,rice,1992,21503,495.0,16582.0,19.95
24622,South Africa,rice,1992,21503,495.0,16582.0,16.48
24631,South Africa,potato,1992,36324,495.0,16582.0,21.53
24632,South Africa,potato,1992,36324,495.0,16582.0,16.48
24633,South Africa,potato,1992,36324,495.0,16582.0,19.95
24634,South Africa,potato,1992,36324,495.0,16582.0,16.48
24639,South Africa,maize,1993,22840,495.0,16582.0,21.32
24640,South Africa,maize,1993,22840,495.0,16582.0,16.01
24641,South Africa,maize,1993,22840,495.0,16582.0,19.32
24642,South Africa,maize,1993,22840,495.0,16582.0,16.01
24643,South Africa,potato,1993,228678,495.0,16582.0,21.32
24644,South Africa,potato,1993,228678,495.0,16582.0,16.01
24645,South Africa,potato,1993,228678,495.0,16582.0,19.32
24646,South Africa,potato,1993,228678,495.0,16582.0,16.01
24647,South Africa,rice,1993,21710,495.0,16582.0,21.32
24648,South Africa,rice,1993,21710,495.0,16582.0,16.01
24649,South Africa,rice,1993,21710,495.0,16582.0,19.32
24650,South Africa,rice,1993,21710,495.0,16582.0,16.01
24659,South Africa,potato,1993,37333,495.0,16582.0,21.32
24660,South Africa,potato,1993,37333,495.0,16582.0,16.01
24661,South Africa,potato,1993,37333,495.0,16582.0,19.32
24662,South Africa,potato,1993,37333,495.0,16582.0,16.01
24667,South Africa,maize,1994,28481,495.0,16582.0,20.65
24668,South Africa,maize,1994,28481,495.0,16582.0,15.1
24669,South Africa,maize,1994,28481,495.0,16582.0,18.48
24670,South Africa,maize,1994,28481,495.0,16582.0,15.1
24671,South Africa,potato,1994,232625,495.0,16582.0,20.65
24672,South Africa,potato,1994,232625,495.0,16582.0,15.1
24673,South Africa,potato,1994,232625,495.0,16582.0,18.48
24674,South Africa,potato,1994,232625,495.0,16582.0,15.1
24675,South Africa,rice,1994,21917,495.0,16582.0,20.65
24676,South Africa,rice,1994,21917,495.0,16582.0,15.1
24677,South Africa,rice,1994,21917,495.0,16582.0,18.48
24678,South Africa,rice,1994,21917,495.0,16582.0,15.1
24687,South Africa,potato,1994,36093,495.0,16582.0,20.65
24688,South Africa,potato,1994,36093,495.0,16582.0,15.1
24689,South Africa,potato,1994,36093,495.0,16582.0,18.48
24690,South Africa,potato,1994,36093,495.0,16582.0,15.1
24695,South Africa,maize,1995,13800,495.0,18025.0,20.73
24696,South Africa,maize,1995,13800,495.0,18025.0,15.77
24697,South Africa,maize,1995,13800,495.0,18025.0,19.23
24698,South Africa,maize,1995,13800,495.0,18025.0,15.77
24699,South Africa,potato,1995,257634,495.0,18025.0,20.73
24700,South Africa,potato,1995,257634,495.0,18025.0,15.77
24701,South Africa,potato,1995,257634,495.0,18025.0,19.23
24702,South Africa,potato,1995,257634,495.0,18025.0,15.77
24703,South Africa,rice,1995,22124,495.0,18025.0,20.73
24704,South Africa,rice,1995,22124,495.0,18025.0,15.77
24705,South Africa,rice,1995,22124,495.0,18025.0,19.23
24706,South Africa,rice,1995,22124,495.0,18025.0,15.77
24715,South Africa,potato,1995,36048,495.0,18025.0,20.73
24716,South Africa,potato,1995,36048,495.0,18025.0,15.77
24717,South Africa,potato,1995,36048,495.0,18025.0,19.23
24718,South Africa,potato,1995,36048,495.0,18025.0,15.77
24723,South Africa,maize,1996,27043,495.0,19508.0,20.49
24724,South Africa,maize,1996,27043,495.0,19508.0,15.23
24725,South Africa,maize,1996,27043,495.0,19508.0,18.49
24726,South Africa,maize,1996,27043,495.0,19508.0,15.23
24727,South Africa,potato,1996,261054,495.0,19508.0,20.49
24728,South Africa,potato,1996,261054,495.0,19508.0,15.23
24729,South Africa,potato,1996,261054,495.0,19508.0,18.49
24730,South Africa,potato,1996,261054,495.0,19508.0,15.23
24731,South Africa,rice,1996,22331,495.0,19508.0,20.49
24732,South Africa,rice,1996,22331,495.0,19508.0,15.23
24733,South Africa,rice,1996,22331,495.0,19508.0,18.49
24734,South Africa,rice,1996,22331,495.0,19508.0,15.23
24743,South Africa,potato,1996,32037,495.0,19508.0,20.49
24744,South Africa,potato,1996,32037,495.0,19508.0,15.23
24745,South Africa,potato,1996,32037,495.0,19508.0,18.49
24746,South Africa,potato,1996,32037,495.0,19508.0,15.23
24751,South Africa,maize,1997,25195,495.0,21596.0,20.57
24752,South Africa,maize,1997,25195,495.0,21596.0,15.38
24753,South Africa,maize,1997,25195,495.0,21596.0,18.64
24754,South Africa,maize,1997,25195,495.0,21596.0,15.38
24755,South Africa,potato,1997,282462,495.0,21596.0,20.57
24756,South Africa,potato,1997,282462,495.0,21596.0,15.38
24757,South Africa,potato,1997,282462,495.0,21596.0,18.64
24758,South Africa,potato,1997,282462,495.0,21596.0,15.38
24759,South Africa,rice,1997,22537,495.0,21596.0,20.57
24760,South Africa,rice,1997,22537,495.0,21596.0,15.38
24761,South Africa,rice,1997,22537,495.0,21596.0,18.64
24762,South Africa,rice,1997,22537,495.0,21596.0,15.38
24771,South Africa,potato,1997,38431,495.0,21596.0,20.57
24772,South Africa,potato,1997,38431,495.0,21596.0,15.38
24773,South Africa,potato,1997,38431,495.0,21596.0,18.64
24774,South Africa,potato,1997,38431,495.0,21596.0,15.38
24779,South Africa,maize,1998,21611,495.0,24304.0,21.22
24780,South Africa,maize,1998,21611,495.0,24304.0,16.11
24781,South Africa,maize,1998,21611,495.0,24304.0,19.42
24782,South Africa,maize,1998,21611,495.0,24304.0,16.11
24783,South Africa,potato,1998,307667,495.0,24304.0,21.22
24784,South Africa,potato,1998,307667,495.0,24304.0,16.11
24785,South Africa,potato,1998,307667,495.0,24304.0,19.42
24786,South Africa,potato,1998,307667,495.0,24304.0,16.11
24787,South Africa,rice,1998,22744,495.0,24304.0,21.22
24788,South Africa,rice,1998,22744,495.0,24304.0,16.11
24789,South Africa,rice,1998,22744,495.0,24304.0,19.42
24790,South Africa,rice,1998,22744,495.0,24304.0,16.11
24799,South Africa,potato,1998,35722,495.0,24304.0,21.22
24800,South Africa,potato,1998,35722,495.0,24304.0,16.11
24801,South Africa,potato,1998,35722,495.0,24304.0,19.42
24802,South Africa,potato,1998,35722,495.0,24304.0,16.11
24807,South Africa,maize,1999,22274,495.0,26098.8,21.64
24808,South Africa,maize,1999,22274,495.0,26098.8,16.09
24809,South Africa,maize,1999,22274,495.0,26098.8,19.27
24810,South Africa,maize,1999,22274,495.0,26098.8,16.09
24811,South Africa,potato,1999,315545,495.0,26098.8,21.64
24812,South Africa,potato,1999,315545,495.0,26098.8,16.09
24813,South Africa,potato,1999,315545,495.0,26098.8,19.27
24814,South Africa,potato,1999,315545,495.0,26098.8,16.09
24815,South Africa,rice,1999,22949,495.0,26098.8,21.64
24816,South Africa,rice,1999,22949,495.0,26098.8,16.09
24817,South Africa,rice,1999,22949,495.0,26098.8,19.27
24818,South Africa,rice,1999,22949,495.0,26098.8,16.09
24827,South Africa,potato,1999,35182,495.0,26098.8,21.64
24828,South Africa,potato,1999,35182,495.0,26098.8,16.09
24829,South Africa,potato,1999,35182,495.0,26098.8,19.27
24830,South Africa,potato,1999,35182,495.0,26098.8,16.09
24835,South Africa,maize,2000,28492,495.0,26857.0,20.74
24836,South Africa,maize,2000,28492,495.0,26857.0,15.13
24837,South Africa,maize,2000,28492,495.0,26857.0,18.26
24838,South Africa,maize,2000,28492,495.0,26857.0,15.13
24839,South Africa,potato,2000,316536,495.0,26857.0,20.74
24840,South Africa,potato,2000,316536,495.0,26857.0,15.13
24841,South Africa,potato,2000,316536,495.0,26857.0,18.26
24842,South Africa,potato,2000,316536,495.0,26857.0,15.13
24843,South Africa,rice,2000,22962,495.0,26857.0,20.74
24844,South Africa,rice,2000,22962,495.0,26857.0,15.13
24845,South Africa,rice,2000,22962,495.0,26857.0,18.26
24846,South Africa,rice,2000,22962,495.0,26857.0,15.13
24855,South Africa,potato,2000,35174,495.0,26857.0,20.74
24856,South Africa,potato,2000,35174,495.0,26857.0,15.13
24857,South Africa,potato,2000,35174,495.0,26857.0,18.26
24858,South Africa,potato,2000,35174,495.0,26857.0,15.13
24863,South Africa,maize,2001,24371,495.0,26857.0,21.25
24864,South Africa,maize,2001,24371,495.0,26857.0,15.68
24865,South Africa,maize,2001,24371,495.0,26857.0,18.92
24866,South Africa,maize,2001,24371,495.0,26857.0,15.68
24867,South Africa,potato,2001,311961,495.0,26857.0,21.25
24868,South Africa,potato,2001,311961,495.0,26857.0,15.68
24869,South Africa,potato,2001,311961,495.0,26857.0,18.92
24870,South Africa,potato,2001,311961,495.0,26857.0,15.68
24871,South Africa,rice,2001,22857,495.0,26857.0,21.25
24872,South Africa,rice,2001,22857,495.0,26857.0,15.68
24873,South Africa,rice,2001,22857,495.0,26857.0,18.92
24874,South Africa,rice,2001,22857,495.0,26857.0,15.68
24883,South Africa,potato,2001,34804,495.0,26857.0,21.25
24884,South Africa,potato,2001,34804,495.0,26857.0,15.68
24885,South Africa,potato,2001,34804,495.0,26857.0,18.92
24886,South Africa,potato,2001,34804,495.0,26857.0,15.68
24891,South Africa,maize,2002,28516,495.0,26857.0,21.07
24892,South Africa,maize,2002,28516,495.0,26857.0,15.88
24893,South Africa,maize,2002,28516,495.0,26857.0,19.28
24894,South Africa,maize,2002,28516,495.0,26857.0,15.88
24895,South Africa,potato,2002,324147,495.0,26857.0,21.07
24896,South Africa,potato,2002,324147,495.0,26857.0,15.88
24897,South Africa,potato,2002,324147,495.0,26857.0,19.28
24898,South Africa,potato,2002,324147,495.0,26857.0,15.88
24899,South Africa,rice,2002,23517,495.0,26857.0,21.07
24900,South Africa,rice,2002,23517,495.0,26857.0,15.88
24901,South Africa,rice,2002,23517,495.0,26857.0,19.28
24902,South Africa,rice,2002,23517,495.0,26857.0,15.88
24911,South Africa,potato,2002,34918,495.0,26857.0,21.07
24912,South Africa,potato,2002,34918,495.0,26857.0,15.88
24913,South Africa,potato,2002,34918,495.0,26857.0,19.28
24914,South Africa,potato,2002,34918,495.0,26857.0,15.88
24919,South Africa,maize,2004,30305,495.0,26857.0,21.11
24920,South Africa,maize,2004,30305,495.0,26857.0,15.49
24921,South Africa,maize,2004,30305,495.0,26857.0,18.75
24922,South Africa,maize,2004,30305,495.0,26857.0,15.49
24923,South Africa,potato,2004,346081,495.0,26857.0,21.11
24924,South Africa,potato,2004,346081,495.0,26857.0,15.49
24925,South Africa,potato,2004,346081,495.0,26857.0,18.75
24926,South Africa,potato,2004,346081,495.0,26857.0,15.49
24927,South Africa,rice,2004,24139,495.0,26857.0,21.11
24928,South Africa,rice,2004,24139,495.0,26857.0,15.49
24929,South Africa,rice,2004,24139,495.0,26857.0,18.75
24930,South Africa,rice,2004,24139,495.0,26857.0,15.49
24939,South Africa,potato,2004,34248,495.0,26857.0,21.11
24940,South Africa,potato,2004,34248,495.0,26857.0,15.49
24941,South Africa,potato,2004,34248,495.0,26857.0,18.75
24942,South Africa,potato,2004,34248,495.0,26857.0,15.49
24947,South Africa,maize,2005,36351,495.0,26857.0,21.14
24948,South Africa,maize,2005,36351,495.0,26857.0,16.29
24949,South Africa,maize,2005,36351,495.0,26857.0,19.74
24950,South Africa,maize,2005,36351,495.0,26857.0,16.29
24951,South Africa,potato,2005,333534,495.0,26857.0,21.14
24952,South Africa,potato,2005,333534,495.0,26857.0,16.29
24953,South Africa,potato,2005,333534,495.0,26857.0,19.74
24954,South Africa,potato,2005,333534,495.0,26857.0,16.29
24955,South Africa,rice,2005,24452,495.0,26857.0,21.14
24956,South Africa,rice,2005,24452,495.0,26857.0,16.29
24957,South Africa,rice,2005,24452,495.0,26857.0,19.74
24958,South Africa,rice,2005,24452,495.0,26857.0,16.29
24967,South Africa,potato,2005,33690,495.0,26857.0,21.14
24968,South Africa,potato,2005,33690,495.0,26857.0,16.29
24969,South Africa,potato,2005,33690,495.0,26857.0,19.74
24970,South Africa,potato,2005,33690,495.0,26857.0,16.29
24975,South Africa,maize,2006,34122,495.0,26857.0,20.86
24976,South Africa,maize,2006,34122,495.0,26857.0,15.26
24977,South Africa,maize,2006,34122,495.0,26857.0,18.42
24978,South Africa,maize,2006,34122,495.0,26857.0,15.26
24979,South Africa,potato,2006,331650,495.0,26857.0,20.86
24980,South Africa,potato,2006,331650,495.0,26857.0,15.26
24981,South Africa,potato,2006,331650,495.0,26857.0,18.42
24982,South Africa,potato,2006,331650,495.0,26857.0,15.26
24983,South Africa,rice,2006,24755,495.0,26857.0,20.86
24984,South Africa,rice,2006,24755,495.0,26857.0,15.26
24985,South Africa,rice,2006,24755,495.0,26857.0,18.42
24986,South Africa,rice,2006,24755,495.0,26857.0,15.26
24995,South Africa,potato,2006,31329,495.0,26857.0,20.86
24996,South Africa,potato,2006,31329,495.0,26857.0,15.26
24997,South Africa,potato,2006,31329,495.0,26857.0,18.42
24998,South Africa,potato,2006,31329,495.0,26857.0,15.26
25003,South Africa,maize,2007,27921,495.0,26857.0,21.07
25004,South Africa,maize,2007,27921,495.0,26857.0,15.9
25005,South Africa,maize,2007,27921,495.0,26857.0,18.98
25006,South Africa,maize,2007,27921,495.0,26857.0,15.9
25007,South Africa,potato,2007,330590,495.0,26857.0,21.07
25008,South Africa,potato,2007,330590,495.0,26857.0,15.9
25009,South Africa,potato,2007,330590,495.0,26857.0,18.98
25010,South Africa,potato,2007,330590,495.0,26857.0,15.9
25011,South Africa,rice,2007,25048,495.0,26857.0,21.07
25012,South Africa,rice,2007,25048,495.0,26857.0,15.9
25013,South Africa,rice,2007,25048,495.0,26857.0,18.98
25014,South Africa,rice,2007,25048,495.0,26857.0,15.9
25023,South Africa,potato,2007,32644,495.0,26857.0,21.07
25024,South Africa,potato,2007,32644,495.0,26857.0,15.9
25025,South Africa,potato,2007,32644,495.0,26857.0,18.98
25026,South Africa,potato,2007,32644,495.0,26857.0,15.9
25031,South Africa,maize,2008,45373,495.0,26857.0,20.89
25032,South Africa,maize,2008,45373,495.0,26857.0,15.75
25033,South Africa,maize,2008,45373,495.0,26857.0,18.91
25034,South Africa,maize,2008,45373,495.0,26857.0,15.75
25035,South Africa,potato,2008,340000,495.0,26857.0,20.89
25036,South Africa,potato,2008,340000,495.0,26857.0,15.75
25037,South Africa,potato,2008,340000,495.0,26857.0,18.91
25038,South Africa,potato,2008,340000,495.0,26857.0,15.75
25039,South Africa,rice,2008,25334,495.0,26857.0,20.89
25040,South Africa,rice,2008,25334,495.0,26857.0,15.75
25041,South Africa,rice,2008,25334,495.0,26857.0,18.91
25042,South Africa,rice,2008,25334,495.0,26857.0,15.75
25051,South Africa,potato,2008,31960,495.0,26857.0,20.89
25052,South Africa,potato,2008,31960,495.0,26857.0,15.75
25053,South Africa,potato,2008,31960,495.0,26857.0,18.91
25054,South Africa,potato,2008,31960,495.0,26857.0,15.75
25059,South Africa,maize,2009,49640,495.0,26857.0,20.71
25060,South Africa,maize,2009,49640,495.0,26857.0,15.44
25061,South Africa,maize,2009,49640,495.0,26857.0,18.67
25062,South Africa,maize,2009,49640,495.0,26857.0,15.44
25063,South Africa,potato,2009,339378,495.0,26857.0,20.71
25064,South Africa,potato,2009,339378,495.0,26857.0,15.44
25065,South Africa,potato,2009,339378,495.0,26857.0,18.67
25066,South Africa,potato,2009,339378,495.0,26857.0,15.44
25067,South Africa,rice,2009,25612,495.0,26857.0,20.71
25068,South Africa,rice,2009,25612,495.0,26857.0,15.44
25069,South Africa,rice,2009,25612,495.0,26857.0,18.67
25070,South Africa,rice,2009,25612,495.0,26857.0,15.44
25079,South Africa,potato,2009,30010,495.0,26857.0,20.71
25080,South Africa,potato,2009,30010,495.0,26857.0,15.44
25081,South Africa,potato,2009,30010,495.0,26857.0,18.67
25082,South Africa,potato,2009,30010,495.0,26857.0,15.44
25087,South Africa,maize,2010,46736,495.0,26857.0,21.54
25088,South Africa,maize,2010,46736,495.0,26857.0,16.11
25089,South Africa,maize,2010,46736,495.0,26857.0,19.31
25090,South Africa,maize,2010,46736,495.0,26857.0,16.11
25091,South Africa,potato,2010,342609,495.0,26857.0,21.54
25092,South Africa,potato,2010,342609,495.0,26857.0,16.11
25093,South Africa,potato,2010,342609,495.0,26857.0,19.31
25094,South Africa,potato,2010,342609,495.0,26857.0,16.11
25095,South Africa,rice,2010,25885,495.0,26857.0,21.54
25096,South Africa,rice,2010,25885,495.0,26857.0,16.11
25097,South Africa,rice,2010,25885,495.0,26857.0,19.31
25098,South Africa,rice,2010,25885,495.0,26857.0,16.11
25107,South Africa,potato,2010,30877,495.0,26857.0,21.54
25108,South Africa,potato,2010,30877,495.0,26857.0,16.11
25109,South Africa,potato,2010,30877,495.0,26857.0,19.31
25110,South Africa,potato,2010,30877,495.0,26857.0,16.11
25115,South Africa,maize,2011,43671,495.0,26857.0,20.72
25116,South Africa,maize,2011,43671,495.0,26857.0,15.49
25117,South Africa,maize,2011,43671,495.0,26857.0,18.75
25118,South Africa,maize,2011,43671,495.0,26857.0,15.49
25119,South Africa,potato,2011,349826,495.0,26857.0,20.72
25120,South Africa,potato,2011,349826,495.0,26857.0,15.49
25121,South Africa,potato,2011,349826,495.0,26857.0,18.75
25122,South Africa,potato,2011,349826,495.0,26857.0,15.49
25123,South Africa,rice,2011,26151,495.0,26857.0,20.72
25124,South Africa,rice,2011,26151,495.0,26857.0,15.49
25125,South Africa,rice,2011,26151,495.0,26857.0,18.75
25126,South Africa,rice,2011,26151,495.0,26857.0,15.49
25135,South Africa,potato,2011,30706,495.0,26857.0,20.72
25136,South Africa,potato,2011,30706,495.0,26857.0,15.49
25137,South Africa,potato,2011,30706,495.0,26857.0,18.75
25138,South Africa,potato,2011,30706,495.0,26857.0,15.49
25143,South Africa,maize,2012,44905,495.0,26857.0,21.24
25144,South Africa,maize,2012,44905,495.0,26857.0,15.89
25145,South Africa,maize,2012,44905,495.0,26857.0,19.14
25146,South Africa,maize,2012,44905,495.0,26857.0,15.89
25147,South Africa,potato,2012,351066,495.0,26857.0,21.24
25148,South Africa,potato,2012,351066,495.0,26857.0,15.89
25149,South Africa,potato,2012,351066,495.0,26857.0,19.14
25150,South Africa,potato,2012,351066,495.0,26857.0,15.89
25151,South Africa,rice,2012,27273,495.0,26857.0,21.24
25152,South Africa,rice,2012,27273,495.0,26857.0,15.89
25153,South Africa,rice,2012,27273,495.0,26857.0,19.14
25154,South Africa,rice,2012,27273,495.0,26857.0,15.89
25163,South Africa,potato,2012,30138,495.0,26857.0,21.24
25164,South Africa,potato,2012,30138,495.0,26857.0,15.89
25165,South Africa,potato,2012,30138,495.0,26857.0,19.14
25166,South Africa,potato,2012,30138,495.0,26857.0,15.89
25171,South Africa,maize,2013,42466,495.0,26857.0,21.31
25172,South Africa,maize,2013,42466,495.0,26857.0,14.98
25173,South Africa,maize,2013,42466,495.0,26857.0,18.0
25174,South Africa,maize,2013,42466,495.0,26857.0,14.98
25175,South Africa,potato,2013,353546,495.0,26857.0,21.31
25176,South Africa,potato,2013,353546,495.0,26857.0,14.98
25177,South Africa,potato,2013,353546,495.0,26857.0,18.0
25178,South Africa,potato,2013,353546,495.0,26857.0,14.98
25179,South Africa,rice,2013,26087,495.0,26857.0,21.31
25180,South Africa,rice,2013,26087,495.0,26857.0,14.98
25181,South Africa,rice,2013,26087,495.0,26857.0,18.0
25182,South Africa,rice,2013,26087,495.0,26857.0,14.98
25191,South Africa,potato,2013,29812,495.0,26857.0,21.31
25192,South Africa,potato,2013,29812,495.0,26857.0,14.98
25193,South Africa,potato,2013,29812,495.0,26857.0,18.0
25194,South Africa,potato,2013,29812,495.0,26857.0,14.98
25199,Spain,maize,1990,64256,636.0,39562.0,17.3
25200,Spain,maize,1990,64256,636.0,39562.0,12.68
25201,Spain,maize,1990,64256,636.0,39562.0,17.36
25202,Spain,potato,1990,196487,636.0,39562.0,17.3
25203,Spain,potato,1990,196487,636.0,39562.0,12.68
25204,Spain,potato,1990,196487,636.0,39562.0,17.36
25205,Spain,rice,1990,63209,636.0,39562.0,17.3
25206,Spain,rice,1990,63209,636.0,39562.0,12.68
25207,Spain,rice,1990,63209,636.0,39562.0,17.36
25214,Spain,potato,1990,170608,636.0,39562.0,17.3
25215,Spain,potato,1990,170608,636.0,39562.0,12.68
25216,Spain,potato,1990,170608,636.0,39562.0,17.36
25220,Spain,maize,1991,66692,636.0,39147.0,16.37
25221,Spain,maize,1991,66692,636.0,39147.0,11.92
25222,Spain,maize,1991,66692,636.0,39147.0,16.58
25223,Spain,potato,1991,194673,636.0,39147.0,16.37
25224,Spain,potato,1991,194673,636.0,39147.0,11.92
25225,Spain,potato,1991,194673,636.0,39147.0,16.58
25226,Spain,rice,1991,62082,636.0,39147.0,16.37
25227,Spain,rice,1991,62082,636.0,39147.0,11.92
25228,Spain,rice,1991,62082,636.0,39147.0,16.58
25235,Spain,potato,1991,174323,636.0,39147.0,16.37
25236,Spain,potato,1991,174323,636.0,39147.0,11.92
25237,Spain,potato,1991,174323,636.0,39147.0,16.58
25241,Spain,maize,1992,70170,636.0,31839.0,16.35
25242,Spain,maize,1992,70170,636.0,31839.0,11.89
25243,Spain,maize,1992,70170,636.0,31839.0,16.65
25244,Spain,potato,1992,201457,636.0,31839.0,16.35
25245,Spain,potato,1992,201457,636.0,31839.0,11.89
25246,Spain,potato,1992,201457,636.0,31839.0,16.65
25247,Spain,rice,1992,64481,636.0,31839.0,16.35
25248,Spain,rice,1992,64481,636.0,31839.0,11.89
25249,Spain,rice,1992,64481,636.0,31839.0,16.65
25256,Spain,potato,1992,170506,636.0,31839.0,16.35
25257,Spain,potato,1992,170506,636.0,31839.0,11.89
25258,Spain,potato,1992,170506,636.0,31839.0,16.65
25262,Spain,maize,1993,61736,636.0,29408.0,16.28
25263,Spain,maize,1993,61736,636.0,29408.0,11.12
25264,Spain,maize,1993,61736,636.0,29408.0,16.4
25265,Spain,potato,1993,183745,636.0,29408.0,16.28
25266,Spain,potato,1993,183745,636.0,29408.0,11.12
25267,Spain,potato,1993,183745,636.0,29408.0,16.4
25268,Spain,rice,1993,66694,636.0,29408.0,16.28
25269,Spain,rice,1993,66694,636.0,29408.0,11.12
25270,Spain,rice,1993,66694,636.0,29408.0,16.4
25277,Spain,potato,1993,185053,636.0,29408.0,16.28
25278,Spain,potato,1993,185053,636.0,29408.0,11.12
25279,Spain,potato,1993,185053,636.0,29408.0,16.4
25283,Spain,maize,1994,68566,636.0,31244.0,17.51
25284,Spain,maize,1994,68566,636.0,31244.0,12.45
25285,Spain,maize,1994,68566,636.0,31244.0,17.67
25286,Spain,potato,1994,192339,636.0,31244.0,17.51
25287,Spain,potato,1994,192339,636.0,31244.0,12.45
25288,Spain,potato,1994,192339,636.0,31244.0,17.67
25289,Spain,rice,1994,61109,636.0,31244.0,17.51
25290,Spain,rice,1994,61109,636.0,31244.0,12.45
25291,Spain,rice,1994,61109,636.0,31244.0,17.67
25298,Spain,potato,1994,191059,636.0,31244.0,17.51
25299,Spain,potato,1994,191059,636.0,31244.0,12.45
25300,Spain,potato,1994,191059,636.0,31244.0,17.67
25304,Spain,maize,1995,72459,636.0,27852.0,17.33
25305,Spain,maize,1995,72459,636.0,27852.0,12.99
25306,Spain,maize,1995,72459,636.0,27852.0,17.66
25307,Spain,potato,1995,189990,636.0,27852.0,17.33
25308,Spain,potato,1995,189990,636.0,27852.0,12.99
25309,Spain,potato,1995,189990,636.0,27852.0,17.66
25310,Spain,rice,1995,60459,636.0,27852.0,17.33
25311,Spain,rice,1995,60459,636.0,27852.0,12.99
25312,Spain,rice,1995,60459,636.0,27852.0,17.66
25319,Spain,potato,1995,181389,636.0,27852.0,17.33
25320,Spain,potato,1995,181389,636.0,27852.0,12.99
25321,Spain,potato,1995,181389,636.0,27852.0,17.66
25325,Spain,maize,1996,85308,636.0,33236.0,16.72
25326,Spain,maize,1996,85308,636.0,33236.0,11.96
25327,Spain,maize,1996,85308,636.0,33236.0,17.01
25328,Spain,potato,1996,211919,636.0,33236.0,16.72
25329,Spain,potato,1996,211919,636.0,33236.0,11.96
25330,Spain,potato,1996,211919,636.0,33236.0,17.01
25331,Spain,rice,1996,69838,636.0,33236.0,16.72
25332,Spain,rice,1996,69838,636.0,33236.0,11.96
25333,Spain,rice,1996,69838,636.0,33236.0,17.01
25340,Spain,potato,1996,158147,636.0,33236.0,16.72
25341,Spain,potato,1996,158147,636.0,33236.0,11.96
25342,Spain,potato,1996,158147,636.0,33236.0,17.01
25346,Spain,maize,1997,91501,636.0,34023.0,17.66
25347,Spain,maize,1997,91501,636.0,34023.0,13.02
25348,Spain,maize,1997,91501,636.0,34023.0,17.81
25349,Spain,potato,1997,216815,636.0,34023.0,17.66
25350,Spain,potato,1997,216815,636.0,34023.0,13.02
25351,Spain,potato,1997,216815,636.0,34023.0,17.81
25352,Spain,rice,1997,68295,636.0,34023.0,17.66
25353,Spain,rice,1997,68295,636.0,34023.0,13.02
25354,Spain,rice,1997,68295,636.0,34023.0,17.81
25361,Spain,potato,1997,166805,636.0,34023.0,17.66
25362,Spain,potato,1997,166805,636.0,34023.0,13.02
25363,Spain,potato,1997,166805,636.0,34023.0,17.81
25367,Spain,maize,1998,94731,636.0,35070.0,17.15
25368,Spain,maize,1998,94731,636.0,35070.0,12.4
25369,Spain,maize,1998,94731,636.0,35070.0,17.46
25370,Spain,potato,1998,234388,636.0,35070.0,17.15
25371,Spain,potato,1998,234388,636.0,35070.0,12.4
25372,Spain,potato,1998,234388,636.0,35070.0,17.46
25373,Spain,rice,1998,70657,636.0,35070.0,17.15
25374,Spain,rice,1998,70657,636.0,35070.0,12.4
25375,Spain,rice,1998,70657,636.0,35070.0,17.46
25382,Spain,potato,1998,169231,636.0,35070.0,17.15
25383,Spain,potato,1998,169231,636.0,35070.0,12.4
25384,Spain,potato,1998,169231,636.0,35070.0,17.46
25388,Spain,maize,1999,94808,636.0,33614.0,17.14
25389,Spain,maize,1999,94808,636.0,33614.0,12.09
25390,Spain,maize,1999,94808,636.0,33614.0,17.43
25391,Spain,potato,1999,247421,636.0,33614.0,17.14
25392,Spain,potato,1999,247421,636.0,33614.0,12.09
25393,Spain,potato,1999,247421,636.0,33614.0,17.43
25394,Spain,rice,1999,75388,636.0,33614.0,17.14
25395,Spain,rice,1999,75388,636.0,33614.0,12.09
25396,Spain,rice,1999,75388,636.0,33614.0,17.43
25403,Spain,potato,1999,160726,636.0,33614.0,17.14
25404,Spain,potato,1999,160726,636.0,33614.0,12.09
25405,Spain,potato,1999,160726,636.0,33614.0,17.43
25409,Spain,maize,2000,92157,636.0,34597.0,17.15
25410,Spain,maize,2000,92157,636.0,34597.0,12.2
25411,Spain,maize,2000,92157,636.0,34597.0,17.47
25412,Spain,potato,2000,259196,636.0,34597.0,17.15
25413,Spain,potato,2000,259196,636.0,34597.0,12.2
25414,Spain,potato,2000,259196,636.0,34597.0,17.47
25415,Spain,rice,2000,70661,636.0,34597.0,17.15
25416,Spain,rice,2000,70661,636.0,34597.0,12.2
25417,Spain,rice,2000,70661,636.0,34597.0,17.47
25424,Spain,potato,2000,149938,636.0,34597.0,17.15
25425,Spain,potato,2000,149938,636.0,34597.0,12.2
25426,Spain,potato,2000,149938,636.0,34597.0,17.47
25430,Spain,maize,2001,97208,636.0,35700.0,17.27
25431,Spain,maize,2001,97208,636.0,35700.0,12.33
25432,Spain,maize,2001,97208,636.0,35700.0,17.84
25433,Spain,potato,2001,259926,636.0,35700.0,17.27
25434,Spain,potato,2001,259926,636.0,35700.0,12.33
25435,Spain,potato,2001,259926,636.0,35700.0,17.84
25436,Spain,rice,2001,75795,636.0,35700.0,17.27
25437,Spain,rice,2001,75795,636.0,35700.0,12.33
25438,Spain,rice,2001,75795,636.0,35700.0,17.84
25445,Spain,potato,2001,195766,636.0,35700.0,17.27
25446,Spain,potato,2001,195766,636.0,35700.0,12.33
25447,Spain,potato,2001,195766,636.0,35700.0,17.84
25451,Spain,maize,2002,95142,636.0,40727.0,17.16
25452,Spain,maize,2002,95142,636.0,40727.0,12.52
25453,Spain,maize,2002,95142,636.0,40727.0,17.51
25454,Spain,potato,2002,279460,636.0,40727.0,17.16
25455,Spain,potato,2002,279460,636.0,40727.0,12.52
25456,Spain,potato,2002,279460,636.0,40727.0,17.51
25457,Spain,rice,2002,72172,636.0,40727.0,17.16
25458,Spain,rice,2002,72172,636.0,40727.0,12.52
25459,Spain,rice,2002,72172,636.0,40727.0,17.51
25466,Spain,potato,2002,171349,636.0,40727.0,17.16
25467,Spain,potato,2002,171349,636.0,40727.0,12.52
25468,Spain,potato,2002,171349,636.0,40727.0,17.51
25472,Spain,maize,2004,100691,636.0,47445.0,17.12
25473,Spain,maize,2004,100691,636.0,47445.0,12.17
25474,Spain,maize,2004,100691,636.0,47445.0,17.41
25475,Spain,potato,2004,271599,636.0,47445.0,17.12
25476,Spain,potato,2004,271599,636.0,47445.0,12.17
25477,Spain,potato,2004,271599,636.0,47445.0,17.41
25478,Spain,rice,2004,72015,636.0,47445.0,17.12
25479,Spain,rice,2004,72015,636.0,47445.0,12.17
25480,Spain,rice,2004,72015,636.0,47445.0,17.41
25487,Spain,potato,2004,165915,636.0,47445.0,17.12
25488,Spain,potato,2004,165915,636.0,47445.0,12.17
25489,Spain,potato,2004,165915,636.0,47445.0,17.41
25493,Spain,maize,2005,96099,636.0,41017.0,16.69
25494,Spain,maize,2005,96099,636.0,41017.0,12.26
25495,Spain,maize,2005,96099,636.0,41017.0,16.97
25496,Spain,potato,2005,269844,636.0,41017.0,16.69
25497,Spain,potato,2005,269844,636.0,41017.0,12.26
25498,Spain,potato,2005,269844,636.0,41017.0,16.97
25499,Spain,rice,2005,69166,636.0,41017.0,16.69
25500,Spain,rice,2005,69166,636.0,41017.0,12.26
25501,Spain,rice,2005,69166,636.0,41017.0,16.97
25508,Spain,potato,2005,161439,636.0,41017.0,16.69
25509,Spain,potato,2005,161439,636.0,41017.0,12.26
25510,Spain,potato,2005,161439,636.0,41017.0,16.97
25514,Spain,maize,2006,97437,636.0,39767.0,17.81
25515,Spain,maize,2006,97437,636.0,39767.0,13.06
25516,Spain,maize,2006,97437,636.0,39767.0,17.97
25517,Spain,potato,2006,288421,636.0,39767.0,17.81
25518,Spain,potato,2006,288421,636.0,39767.0,13.06
25519,Spain,potato,2006,288421,636.0,39767.0,17.97
25520,Spain,rice,2006,67992,636.0,39767.0,17.81
25521,Spain,rice,2006,67992,636.0,39767.0,13.06
25522,Spain,rice,2006,67992,636.0,39767.0,17.97
25529,Spain,potato,2006,168349,636.0,39767.0,17.81
25530,Spain,potato,2006,168349,636.0,39767.0,13.06
25531,Spain,potato,2006,168349,636.0,39767.0,17.97
25535,Spain,maize,2007,100027,636.0,39286.0,17.24
25536,Spain,maize,2007,100027,636.0,39286.0,11.89
25537,Spain,maize,2007,100027,636.0,39286.0,17.41
25538,Spain,potato,2007,289238,636.0,39286.0,17.24
25539,Spain,potato,2007,289238,636.0,39286.0,11.89
25540,Spain,potato,2007,289238,636.0,39286.0,17.41
25541,Spain,rice,2007,71228,636.0,39286.0,17.24
25542,Spain,rice,2007,71228,636.0,39286.0,11.89
25543,Spain,rice,2007,71228,636.0,39286.0,17.41
25550,Spain,potato,2007,168802,636.0,39286.0,17.24
25551,Spain,potato,2007,168802,636.0,39286.0,11.89
25552,Spain,potato,2007,168802,636.0,39286.0,17.41
25556,Spain,maize,2008,99061,636.0,40719.0,16.92
25557,Spain,maize,2008,99061,636.0,40719.0,11.92
25558,Spain,maize,2008,99061,636.0,40719.0,17.21
25559,Spain,potato,2008,262166,636.0,40719.0,16.92
25560,Spain,potato,2008,262166,636.0,40719.0,11.92
25561,Spain,potato,2008,262166,636.0,40719.0,17.21
25562,Spain,rice,2008,69220,636.0,40719.0,16.92
25563,Spain,rice,2008,69220,636.0,40719.0,11.92
25564,Spain,rice,2008,69220,636.0,40719.0,17.21
25571,Spain,potato,2008,171052,636.0,40719.0,16.92
25572,Spain,potato,2008,171052,636.0,40719.0,11.92
25573,Spain,potato,2008,171052,636.0,40719.0,17.21
25577,Spain,maize,2009,100749,636.0,35199.0,17.45
25578,Spain,maize,2009,100749,636.0,35199.0,12.96
25579,Spain,maize,2009,100749,636.0,35199.0,17.61
25580,Spain,potato,2009,318545,636.0,35199.0,17.45
25581,Spain,potato,2009,318545,636.0,35199.0,12.96
25582,Spain,potato,2009,318545,636.0,35199.0,17.61
25583,Spain,rice,2009,76593,636.0,35199.0,17.45
25584,Spain,rice,2009,76593,636.0,35199.0,12.96
25585,Spain,rice,2009,76593,636.0,35199.0,17.61
25592,Spain,potato,2009,172128,636.0,35199.0,17.45
25593,Spain,potato,2009,172128,636.0,35199.0,12.96
25594,Spain,potato,2009,172128,636.0,35199.0,17.61
25598,Spain,maize,2010,105553,636.0,39043.0,16.51
25599,Spain,maize,2010,105553,636.0,39043.0,12.01
25600,Spain,maize,2010,105553,636.0,39043.0,16.83
25601,Spain,potato,2010,293910,636.0,39043.0,16.51
25602,Spain,potato,2010,293910,636.0,39043.0,12.01
25603,Spain,potato,2010,293910,636.0,39043.0,16.83
25604,Spain,rice,2010,75936,636.0,39043.0,16.51
25605,Spain,rice,2010,75936,636.0,39043.0,12.01
25606,Spain,rice,2010,75936,636.0,39043.0,16.83
25613,Spain,potato,2010,187394,636.0,39043.0,16.51
25614,Spain,potato,2010,187394,636.0,39043.0,12.01
25615,Spain,potato,2010,187394,636.0,39043.0,16.83
25619,Spain,maize,2011,113738,636.0,53549.0,17.9
25620,Spain,maize,2011,113738,636.0,53549.0,13.28
25621,Spain,maize,2011,113738,636.0,53549.0,17.98
25622,Spain,potato,2011,307406,636.0,53549.0,17.9
25623,Spain,potato,2011,307406,636.0,53549.0,13.28
25624,Spain,potato,2011,307406,636.0,53549.0,17.98
25625,Spain,rice,2011,75800,636.0,53549.0,17.9
25626,Spain,rice,2011,75800,636.0,53549.0,13.28
25627,Spain,rice,2011,75800,636.0,53549.0,17.98
25634,Spain,potato,2011,179410,636.0,53549.0,17.9
25635,Spain,potato,2011,179410,636.0,53549.0,13.28
25636,Spain,potato,2011,179410,636.0,53549.0,17.98
25640,Spain,maize,2012,109164,636.0,48668.0,17.51
25641,Spain,maize,2012,109164,636.0,48668.0,12.33
25642,Spain,maize,2012,109164,636.0,48668.0,17.65
25643,Spain,potato,2012,304387,636.0,48668.0,17.51
25644,Spain,potato,2012,304387,636.0,48668.0,12.33
25645,Spain,potato,2012,304387,636.0,48668.0,17.65
25646,Spain,rice,2012,79739,636.0,48668.0,17.51
25647,Spain,rice,2012,79739,636.0,48668.0,12.33
25648,Spain,rice,2012,79739,636.0,48668.0,17.65
25655,Spain,potato,2012,164267,636.0,48668.0,17.51
25656,Spain,potato,2012,164267,636.0,48668.0,12.33
25657,Spain,potato,2012,164267,636.0,48668.0,17.65
25661,Spain,maize,2013,110445,636.0,54197.0,17.0
25662,Spain,maize,2013,110445,636.0,54197.0,12.68
25663,Spain,maize,2013,110445,636.0,54197.0,17.46
25664,Spain,potato,2013,309367,636.0,54197.0,17.0
25665,Spain,potato,2013,309367,636.0,54197.0,12.68
25666,Spain,potato,2013,309367,636.0,54197.0,17.46
25667,Spain,rice,2013,77902,636.0,54197.0,17.0
25668,Spain,rice,2013,77902,636.0,54197.0,12.68
25669,Spain,rice,2013,77902,636.0,54197.0,17.46
25676,Spain,potato,2013,161919,636.0,54197.0,17.0
25677,Spain,potato,2013,161919,636.0,54197.0,12.68
25678,Spain,potato,2013,161919,636.0,54197.0,17.46
25683,Sri Lanka,maize,1990,11227,1712.0,1571.33,26.53
25685,Sri Lanka,potato,1990,110520,1712.0,1571.33,26.53
25686,Sri Lanka,rice,1990,30643,1712.0,1571.33,26.53
25689,Sri Lanka,potato,1990,64750,1712.0,1571.33,26.53
25691,Sri Lanka,maize,1991,11916,1712.0,1409.15,26.53
25693,Sri Lanka,potato,1991,104522,1712.0,1409.15,26.53
25694,Sri Lanka,rice,1991,30215,1712.0,1409.15,26.53
25697,Sri Lanka,potato,1991,65460,1712.0,1409.15,26.53
25699,Sri Lanka,maize,1992,10390,1712.0,2144.31,26.26
25701,Sri Lanka,potato,1992,110108,1712.0,2144.31,26.26
25702,Sri Lanka,rice,1992,30544,1712.0,2144.31,26.26
25705,Sri Lanka,potato,1992,60568,1712.0,2144.31,26.26
25707,Sri Lanka,maize,1993,9712,1712.0,1753.2,26.37
25709,Sri Lanka,potato,1993,112006,1712.0,1753.2,26.37
25710,Sri Lanka,rice,1993,31350,1712.0,1753.2,26.37
25713,Sri Lanka,potato,1993,68502,1712.0,1753.2,26.37
25715,Sri Lanka,maize,1994,10032,1712.0,1860.7,26.34
25717,Sri Lanka,potato,1994,110104,1712.0,1860.7,26.34
25718,Sri Lanka,rice,1994,29933,1712.0,1860.7,26.34
25721,Sri Lanka,potato,1994,68593,1712.0,1860.7,26.34
25723,Sri Lanka,maize,1995,9695,1712.0,1735.5,26.59
25725,Sri Lanka,potato,1995,109931,1712.0,1735.5,26.59
25726,Sri Lanka,rice,1995,31586,1712.0,1735.5,26.59
25729,Sri Lanka,potato,1995,67751,1712.0,1735.5,26.59
25731,Sri Lanka,maize,1996,10669,1712.0,1654.41,26.38
25733,Sri Lanka,potato,1996,127136,1712.0,1654.41,26.38
25734,Sri Lanka,rice,1996,31231,1712.0,1654.41,26.38
25737,Sri Lanka,potato,1996,65106,1712.0,1654.41,26.38
25739,Sri Lanka,maize,1997,9959,1712.0,1622.4,26.66
25741,Sri Lanka,potato,1997,102773,1712.0,1622.4,26.66
25742,Sri Lanka,rice,1997,32451,1712.0,1622.4,26.66
25745,Sri Lanka,potato,1997,60379,1712.0,1622.4,26.66
25747,Sri Lanka,maize,1998,11371,1712.0,1532.41,27.13
25749,Sri Lanka,potato,1998,111254,1712.0,1532.41,27.13
25750,Sri Lanka,rice,1998,35102,1712.0,1532.41,27.13
25753,Sri Lanka,potato,1998,60640,1712.0,1532.41,27.13
25755,Sri Lanka,maize,1999,10897,1712.0,1766.91,26.32
25757,Sri Lanka,potato,1999,125207,1712.0,1766.91,26.32
25758,Sri Lanka,rice,1999,32810,1712.0,1766.91,26.32
25761,Sri Lanka,potato,1999,61575,1712.0,1766.91,26.32
25763,Sri Lanka,maize,2000,10838,1712.0,1695.71,26.43
25765,Sri Lanka,potato,2000,132921,1712.0,1695.71,26.43
25766,Sri Lanka,rice,2000,34374,1712.0,1695.71,26.43
25769,Sri Lanka,potato,2000,62724,1712.0,1695.71,26.43
25771,Sri Lanka,maize,2001,11182,1712.0,1705.05,26.63
25773,Sri Lanka,potato,2001,135718,1712.0,1705.05,26.63
25774,Sri Lanka,rice,2001,35228,1712.0,1705.05,26.63
25777,Sri Lanka,potato,2001,61834,1712.0,1705.05,26.63
25779,Sri Lanka,maize,2002,11282,1712.0,1714.39,26.74
25781,Sri Lanka,potato,2002,134206,1712.0,1714.39,26.74
25782,Sri Lanka,rice,2002,34889,1712.0,1714.39,26.74
25785,Sri Lanka,potato,2002,61636,1712.0,1714.39,26.74
25787,Sri Lanka,maize,2004,15023,1712.0,1733.07,26.64
25789,Sri Lanka,potato,2004,148033,1712.0,1733.07,26.64
25790,Sri Lanka,rice,2004,36516,1712.0,1733.07,26.64
25793,Sri Lanka,potato,2004,61869,1712.0,1733.07,26.64
25795,Sri Lanka,maize,2005,14713,1712.0,1742.41,26.73
25797,Sri Lanka,potato,2005,141622,1712.0,1742.41,26.73
25798,Sri Lanka,rice,2005,35465,1712.0,1742.41,26.73
25801,Sri Lanka,potato,2005,62205,1712.0,1742.41,26.73
25803,Sri Lanka,maize,2006,14853,1712.0,1751.75,26.56
25805,Sri Lanka,potato,2006,148094,1712.0,1751.75,26.56
25806,Sri Lanka,rice,2006,36705,1712.0,1751.75,26.56
25809,Sri Lanka,potato,2006,62586,1712.0,1751.75,26.56
25811,Sri Lanka,maize,2007,16508,1712.0,1439.8,26.57
25813,Sri Lanka,potato,2007,145197,1712.0,1439.8,26.57
25814,Sri Lanka,rice,2007,38337,1712.0,1439.8,26.57
25817,Sri Lanka,potato,2007,75283,1712.0,1439.8,26.57
25819,Sri Lanka,maize,2008,26337,1712.0,1152.39,26.42
25821,Sri Lanka,potato,2008,145282,1712.0,1152.39,26.42
25822,Sri Lanka,rice,2008,36800,1712.0,1152.39,26.42
25825,Sri Lanka,potato,2008,81252,1712.0,1152.39,26.42
25827,Sri Lanka,maize,2009,25515,1712.0,1170.36,26.67
25829,Sri Lanka,potato,2009,149034,1712.0,1170.36,26.67
25830,Sri Lanka,rice,2009,38748,1712.0,1170.36,26.67
25833,Sri Lanka,potato,2009,78783,1712.0,1170.36,26.67
25835,Sri Lanka,maize,2010,28061,1712.0,1450.54,26.83
25837,Sri Lanka,potato,2010,135234,1712.0,1450.54,26.83
25838,Sri Lanka,rice,2010,40558,1712.0,1450.54,26.83
25841,Sri Lanka,potato,2010,79014,1712.0,1450.54,26.83
25843,Sri Lanka,maize,2011,27262,1712.0,1290.31,26.65
25845,Sri Lanka,potato,2011,132500,1712.0,1290.31,26.65
25846,Sri Lanka,rice,2011,35699,1712.0,1290.31,26.65
25849,Sri Lanka,potato,2011,81641,1712.0,1290.31,26.65
25851,Sri Lanka,maize,2012,34187,1712.0,1112.8,26.88
25853,Sri Lanka,potato,2012,155269,1712.0,1112.8,26.88
25854,Sri Lanka,rice,2012,36057,1712.0,1112.8,26.88
25857,Sri Lanka,potato,2012,78499,1712.0,1112.8,26.88
25859,Sri Lanka,maize,2013,30868,1712.0,1235.31,27.03
25861,Sri Lanka,potato,2013,153210,1712.0,1235.31,27.03
25862,Sri Lanka,rice,2013,38897,1712.0,1235.31,27.03
25865,Sri Lanka,potato,2013,93002,1712.0,1235.31,27.03
25866,Sudan,maize,2012,16634,1712.0,2469.47,26.42
25867,Sudan,maize,2012,16634,1712.0,2469.47,29.96
25868,Sudan,potato,2012,166663,1712.0,2469.47,26.42
25869,Sudan,potato,2012,166663,1712.0,2469.47,29.96
25870,Sudan,rice,2012,31746,1712.0,2469.47,26.42
25871,Sudan,rice,2012,31746,1712.0,2469.47,29.96
25874,Sudan,potato,2012,214286,1712.0,2469.47,26.42
25875,Sudan,potato,2012,214286,1712.0,2469.47,29.96
25880,Sudan,maize,2013,15997,1712.0,2469.47,26.84
25881,Sudan,maize,2013,15997,1712.0,2469.47,30.65
25882,Sudan,potato,2013,166669,1712.0,2469.47,26.84
25883,Sudan,potato,2013,166669,1712.0,2469.47,30.65
25884,Sudan,rice,2013,33060,1712.0,2469.47,26.84
25885,Sudan,rice,2013,33060,1712.0,2469.47,30.65
25888,Sudan,potato,2013,213626,1712.0,2469.47,26.84
25889,Sudan,potato,2013,213626,1712.0,2469.47,30.65
25895,Suriname,maize,1990,21575,2331.0,217.0,26.87
25897,Suriname,rice,1990,37691,2331.0,217.0,26.87
25899,Suriname,potato,1990,90667,2331.0,217.0,26.87
25901,Suriname,maize,1991,22289,2331.0,207.0,26.93
25903,Suriname,rice,1991,38156,2331.0,207.0,26.93
25905,Suriname,potato,1991,33846,2331.0,207.0,26.93
25907,Suriname,maize,1992,18706,2331.0,197.5,27.04
25909,Suriname,rice,1992,37975,2331.0,197.5,27.04
25911,Suriname,potato,1992,88846,2331.0,197.5,27.04
25913,Suriname,maize,1993,20651,2331.0,188.0,26.83
25915,Suriname,rice,1993,36987,2331.0,188.0,26.83
25917,Suriname,potato,1993,61774,2331.0,188.0,26.83
25919,Suriname,maize,1994,18162,2331.0,178.5,26.82
25921,Suriname,rice,1994,36325,2331.0,178.5,26.82
25923,Suriname,potato,1994,58873,2331.0,178.5,26.82
25925,Suriname,maize,1995,22553,2331.0,169.0,27.33
25927,Suriname,rice,1995,35186,2331.0,169.0,27.33
25929,Suriname,potato,1995,68750,2331.0,169.0,27.33
25931,Suriname,maize,1996,22267,2331.0,142.0,27.09
25933,Suriname,rice,1996,37025,2331.0,142.0,27.09
25935,Suriname,potato,1996,115833,2331.0,142.0,27.09
25937,Suriname,maize,1997,22833,2331.0,139.0,27.27
25939,Suriname,rice,1997,39827,2331.0,139.0,27.27
25941,Suriname,potato,1997,116667,2331.0,139.0,27.27
25943,Suriname,maize,1998,22000,2331.0,151.33,27.65
25945,Suriname,rice,1998,37581,2331.0,151.33,27.65
25947,Suriname,potato,1998,95000,2331.0,151.33,27.65
25949,Suriname,maize,1999,10000,2331.0,163.67,27.07
25951,Suriname,rice,1999,37205,2331.0,163.67,27.07
25953,Suriname,potato,1999,122500,2331.0,163.67,27.07
25955,Suriname,maize,2000,19048,2331.0,176.0,26.86
25957,Suriname,rice,2000,38970,2331.0,176.0,26.86
25959,Suriname,potato,2000,128000,2331.0,176.0,26.86
25961,Suriname,maize,2001,19444,2331.0,581.12,27.12
25963,Suriname,rice,2001,37671,2331.0,581.12,27.12
25965,Suriname,potato,2001,128462,2331.0,581.12,27.12
25967,Suriname,maize,2002,19677,2331.0,986.25,27.14
25969,Suriname,rice,2002,39227,2331.0,986.25,27.14
25971,Suriname,potato,2002,142308,2331.0,986.25,27.14
25973,Suriname,maize,2004,28077,2331.0,1214.83,27.47
25975,Suriname,rice,2004,35596,2331.0,1214.83,27.47
25977,Suriname,potato,2004,126875,2331.0,1214.83,27.47
25979,Suriname,maize,2005,18421,2331.0,1426.37,27.7
25981,Suriname,rice,2005,35984,2331.0,1426.37,27.7
25983,Suriname,potato,2005,148367,2331.0,1426.37,27.7
25985,Suriname,maize,2006,23000,2331.0,1483.84,27.34
25987,Suriname,rice,2006,41296,2331.0,1483.84,27.34
25989,Suriname,potato,2006,191628,2331.0,1483.84,27.34
25991,Suriname,maize,2007,27222,2331.0,1847.86,27.19
25993,Suriname,rice,2007,42534,2331.0,1847.86,27.19
25995,Suriname,potato,2007,161556,2331.0,1847.86,27.19
25997,Suriname,maize,2008,22500,2331.0,2108.66,27.22
25999,Suriname,rice,2008,41892,2331.0,2108.66,27.22
26001,Suriname,potato,2008,191220,2331.0,2108.66,27.22
26003,Suriname,maize,2009,24000,2331.0,2191.37,27.45
26005,Suriname,rice,2009,42092,2331.0,2191.37,27.45
26007,Suriname,potato,2009,140000,2331.0,2191.37,27.45
26009,Suriname,maize,2010,23333,2331.0,1286.65,27.7
26011,Suriname,rice,2010,42329,2331.0,1286.65,27.7
26013,Suriname,potato,2010,190417,2331.0,1286.65,27.7
26015,Suriname,maize,2011,22857,2331.0,936.24,27.42
26017,Suriname,rice,2011,41331,2331.0,936.24,27.42
26019,Suriname,potato,2011,179630,2331.0,936.24,27.42
26021,Suriname,maize,2012,26364,2331.0,633.92,27.4
26023,Suriname,rice,2012,43622,2331.0,633.92,27.4
26025,Suriname,potato,2012,185926,2331.0,633.92,27.4
26027,Suriname,maize,2013,24737,2331.0,537.49,27.17
26029,Suriname,rice,2013,44965,2331.0,537.49,27.17
26031,Suriname,potato,2013,169487,2331.0,537.49,27.17
26032,Sweden,potato,1990,348034,624.0,2310.0,8.43
26034,Sweden,potato,1991,291612,624.0,1841.0,7.49
26036,Sweden,potato,1992,331543,624.0,1497.0,7.94
26038,Sweden,potato,1993,375096,624.0,1466.0,6.98
26040,Sweden,potato,1994,322178,624.0,1962.0,7.23
26042,Sweden,potato,1995,306791,624.0,1225.0,7.17
26044,Sweden,potato,1996,328115,624.0,1529.0,6.15
26046,Sweden,potato,1997,339011,624.0,1534.0,7.66
26048,Sweden,potato,1998,355757,624.0,1555.0,6.89
26050,Sweden,potato,1999,301953,624.0,1602.0,8.02
26052,Sweden,potato,2000,297876,624.0,1721.0,8.42
26054,Sweden,potato,2001,286946,624.0,1789.0,7.48
26056,Sweden,potato,2002,287905,624.0,2198.0,7.96
26058,Sweden,potato,2004,309147,624.0,1353.0,7.53
26060,Sweden,potato,2005,311070,624.0,2132.0,7.72
26062,Sweden,potato,2006,276011,624.0,2220.0,8.3
26064,Sweden,potato,2007,276629,624.0,2157.0,8.16
26066,Sweden,potato,2008,317175,624.0,2352.0,8.49
26068,Sweden,potato,2009,318212,624.0,1935.0,7.54
26070,Sweden,potato,2010,301218,624.0,1982.0,6.01
26072,Sweden,potato,2011,319681,624.0,1781.0,8.18
26074,Sweden,potato,2012,325809,624.0,1814.0,7.21
26076,Sweden,potato,2013,337563,624.0,1620.0,7.1
26078,Switzerland,maize,1990,85102,1537.0,2282.0,8.19
26079,Switzerland,potato,1990,379017,1537.0,2282.0,8.19
26082,Switzerland,maize,1991,80510,1537.0,2055.9,7.24
26083,Switzerland,potato,1991,398785,1537.0,2055.9,7.24
26086,Switzerland,maize,1992,83130,1537.0,2018.7,7.98
26087,Switzerland,potato,1992,422849,1537.0,2018.7,7.98
26090,Switzerland,maize,1993,89050,1537.0,1934.5,7.48
26091,Switzerland,potato,1993,439261,1537.0,1934.5,7.48
26094,Switzerland,maize,1994,87490,1537.0,1922.5,8.78
26095,Switzerland,potato,1994,331744,1537.0,1922.5,8.78
26098,Switzerland,maize,1995,83614,1537.0,1826.3,7.65
26099,Switzerland,potato,1995,352941,1537.0,1826.3,7.65
26102,Switzerland,maize,1996,85748,1537.0,1746.3,6.66
26103,Switzerland,potato,1996,487219,1537.0,1746.3,6.66
26106,Switzerland,maize,1997,92732,1537.0,1644.3,7.96
26107,Switzerland,potato,1997,459163,1537.0,1644.3,7.96
26110,Switzerland,maize,1998,91140,1537.0,1563.6,7.81
26111,Switzerland,potato,1998,403371,1537.0,1563.6,7.81
26114,Switzerland,maize,1999,88852,1537.0,1526.6,7.76
26115,Switzerland,potato,1999,352256,1537.0,1526.6,7.76
26118,Switzerland,maize,2000,96519,1537.0,1576.9,8.54
26119,Switzerland,potato,2000,424362,1537.0,1576.9,8.54
26122,Switzerland,maize,2001,89441,1537.0,1561.9,7.82
26123,Switzerland,potato,2001,375698,1537.0,1561.9,7.82
26126,Switzerland,maize,2002,92168,1537.0,1526.6,8.42
26127,Switzerland,potato,2002,390936,1537.0,1526.6,8.42
26130,Switzerland,maize,2004,96142,1537.0,1390.7,7.67
26131,Switzerland,potato,2004,394976,1537.0,1390.7,7.67
26134,Switzerland,maize,2005,96497,1537.0,1388.3,7.49
26135,Switzerland,potato,2005,387450,1537.0,1388.3,7.49
26138,Switzerland,maize,2006,84488,1537.0,1359.04,8.19
26139,Switzerland,potato,2006,326986,1537.0,1359.04,8.19
26142,Switzerland,maize,2007,101695,1537.0,2099.3,8.43
26143,Switzerland,potato,2007,417029,1537.0,2099.3,8.43
26146,Switzerland,maize,2008,97027,1537.0,2011.47,7.98
26147,Switzerland,potato,2008,427835,1537.0,2011.47,7.98
26150,Switzerland,maize,2009,104132,1537.0,2170.4,8.15
26151,Switzerland,potato,2009,465002,1537.0,2170.4,8.15
26154,Switzerland,maize,2010,84922,1537.0,2059.6,7.06
26155,Switzerland,potato,2010,386978,1537.0,2059.6,7.06
26158,Switzerland,maize,2011,114447,1537.0,2132.14,8.68
26159,Switzerland,potato,2011,457778,1537.0,2132.14,8.68
26162,Switzerland,maize,2012,108279,1537.0,2077.9,7.96
26163,Switzerland,potato,2012,411034,1537.0,2077.9,7.96
26166,Switzerland,maize,2013,100837,1537.0,2098.5,7.94
26167,Switzerland,potato,2013,325935,1537.0,2098.5,7.94
26170,Tajikistan,maize,1992,29613,691.0,2280.0,7.9
26171,Tajikistan,potato,1992,128769,691.0,2280.0,7.9
26172,Tajikistan,rice,1992,20184,691.0,2280.0,7.9
26176,Tajikistan,maize,1993,30455,691.0,2280.0,7.29
26177,Tajikistan,potato,1993,120492,691.0,2280.0,7.29
26178,Tajikistan,rice,1993,18306,691.0,2280.0,7.29
26182,Tajikistan,maize,1994,18000,691.0,714.0,8.01
26183,Tajikistan,potato,1994,111667,691.0,714.0,8.01
26184,Tajikistan,rice,1994,15385,691.0,714.0,8.01
26188,Tajikistan,maize,1995,19372,691.0,54.0,8.49
26189,Tajikistan,potato,1995,279000,691.0,54.0,8.49
26190,Tajikistan,rice,1995,18000,691.0,54.0,8.49
26194,Tajikistan,maize,1996,37520,691.0,826.0,7.55
26195,Tajikistan,potato,1996,107700,691.0,826.0,7.55
26196,Tajikistan,rice,1996,17268,691.0,826.0,7.55
26200,Tajikistan,maize,1997,27501,691.0,751.31,8.69
26201,Tajikistan,potato,1997,100289,691.0,751.31,8.69
26202,Tajikistan,rice,1997,27093,691.0,751.31,8.69
26206,Tajikistan,maize,1998,29816,691.0,676.63,8.34
26207,Tajikistan,potato,1998,104926,691.0,676.63,8.34
26208,Tajikistan,rice,1998,24566,691.0,676.63,8.34
26212,Tajikistan,maize,1999,28100,691.0,601.94,8.74
26213,Tajikistan,potato,1999,117128,691.0,601.94,8.74
26214,Tajikistan,rice,1999,24908,691.0,601.94,8.74
26218,Tajikistan,maize,2000,27011,691.0,527.25,8.78
26219,Tajikistan,potato,2000,119046,691.0,527.25,8.78
26220,Tajikistan,rice,2000,37900,691.0,527.25,8.78
26224,Tajikistan,maize,2001,29515,691.0,452.56,9.16
26225,Tajikistan,potato,2001,132600,691.0,452.56,9.16
26226,Tajikistan,rice,2001,26100,691.0,452.56,9.16
26230,Tajikistan,maize,2002,35117,691.0,377.88,8.63
26231,Tajikistan,potato,2002,158022,691.0,377.88,8.63
26232,Tajikistan,rice,2002,28523,691.0,377.88,8.63
26236,Tajikistan,maize,2004,46811,691.0,228.5,9.24
26237,Tajikistan,potato,2004,183006,691.0,228.5,9.24
26238,Tajikistan,rice,2004,36408,691.0,228.5,9.24
26242,Tajikistan,maize,2005,40471,691.0,235.4,8.61
26243,Tajikistan,potato,2005,196227,691.0,235.4,8.61
26244,Tajikistan,rice,2005,32844,691.0,235.4,8.61
26247,Tajikistan,maize,2006,37740,691.0,241.9,8.97
26248,Tajikistan,potato,2006,198508,691.0,241.9,8.97
26249,Tajikistan,rice,2006,31415,691.0,241.9,8.97
26253,Tajikistan,maize,2007,40109,691.0,247.9,8.69
26254,Tajikistan,potato,2007,218368,691.0,247.9,8.69
26255,Tajikistan,rice,2007,30707,691.0,247.9,8.69
26259,Tajikistan,maize,2008,93985,691.0,253.5,8.29
26260,Tajikistan,potato,2008,237053,691.0,253.5,8.29
26261,Tajikistan,rice,2008,52616,691.0,253.5,8.29
26265,Tajikistan,maize,2009,98893,691.0,258.1,8.42
26266,Tajikistan,potato,2009,231535,691.0,258.1,8.42
26267,Tajikistan,rice,2009,43558,691.0,258.1,8.42
26271,Tajikistan,maize,2010,120521,691.0,262.1,8.98
26272,Tajikistan,potato,2010,239308,691.0,262.1,8.98
26273,Tajikistan,rice,2010,51740,691.0,262.1,8.98
26277,Tajikistan,maize,2011,121228,691.0,264.6,8.45
26278,Tajikistan,potato,2011,235049,691.0,264.6,8.45
26279,Tajikistan,rice,2011,58186,691.0,264.6,8.45
26283,Tajikistan,maize,2012,125670,691.0,264.6,7.71
26284,Tajikistan,potato,2012,237444,691.0,264.6,7.71
26285,Tajikistan,rice,2012,62517,691.0,264.6,7.71
26289,Tajikistan,maize,2013,124827,691.0,264.6,10.1
26290,Tajikistan,potato,2013,251396,691.0,264.6,10.1
26291,Tajikistan,rice,2013,66592,691.0,264.6,10.1
26296,Thailand,maize,1990,24090,1622.0,18849.0,27.96
26297,Thailand,potato,1990,90000,1622.0,18849.0,27.96
26298,Thailand,rice,1990,19556,1622.0,18849.0,27.96
26303,Thailand,maize,1991,27117,1622.0,18849.0,27.85
26304,Thailand,potato,1991,83333,1622.0,18849.0,27.85
26305,Thailand,rice,1991,22534,1622.0,18849.0,27.85
26310,Thailand,maize,1992,29709,1622.0,18849.0,27.55
26311,Thailand,potato,1992,128571,1622.0,18849.0,27.55
26312,Thailand,rice,1992,21745,1622.0,18849.0,27.55
26317,Thailand,maize,1993,27333,1622.0,18849.0,27.58
26318,Thailand,potato,1993,125000,1622.0,18849.0,27.58
26319,Thailand,rice,1993,20497,1622.0,18849.0,27.58
26324,Thailand,maize,1994,29344,1622.0,20448.0,27.76
26325,Thailand,potato,1994,133333,1622.0,20448.0,27.76
26326,Thailand,rice,1994,23521,1622.0,20448.0,27.76
26331,Thailand,maize,1995,32884,1622.0,24062.0,27.68
26332,Thailand,potato,1995,140000,1622.0,24062.0,27.68
26333,Thailand,rice,1995,24158,1622.0,24062.0,27.68
26338,Thailand,maize,1996,34478,1622.0,21901.0,27.37
26339,Thailand,potato,1996,171249,1622.0,21901.0,27.37
26340,Thailand,rice,1996,24098,1622.0,21901.0,27.37
26345,Thailand,maize,1997,31982,1622.0,23960.0,28.01
26346,Thailand,potato,1997,166699,1622.0,23960.0,28.01
26347,Thailand,rice,1997,23788,1622.0,23960.0,28.01
26352,Thailand,maize,1998,33448,1622.0,19212.0,28.44
26353,Thailand,potato,1998,123473,1622.0,19212.0,28.44
26354,Thailand,rice,1998,24180,1622.0,19212.0,28.44
26359,Thailand,maize,1999,35526,1622.0,22761.0,27.34
26360,Thailand,potato,1999,130776,1622.0,22761.0,27.34
26361,Thailand,rice,1999,24244,1622.0,22761.0,27.34
26366,Thailand,maize,2000,36715,1622.0,20334.0,27.52
26367,Thailand,potato,2000,130776,1622.0,20334.0,27.52
26368,Thailand,rice,2000,26128,1622.0,20334.0,27.52
26373,Thailand,maize,2001,37329,1622.0,30629.67,27.81
26374,Thailand,potato,2001,120904,1622.0,30629.67,27.81
26375,Thailand,rice,2001,28739,1622.0,30629.67,27.81
26380,Thailand,maize,2002,37145,1622.0,40925.33,27.98
26381,Thailand,potato,2002,120717,1622.0,40925.33,27.98
26382,Thailand,rice,2002,29338,1622.0,40925.33,27.98
26387,Thailand,maize,2004,38587,1622.0,88548.0,27.8
26388,Thailand,potato,2004,143224,1622.0,88548.0,27.8
26389,Thailand,rice,2004,28895,1622.0,88548.0,27.8
26394,Thailand,maize,2005,38161,1622.0,43831.0,27.92
26395,Thailand,potato,2005,151076,1622.0,43831.0,27.92
26396,Thailand,rice,2005,29974,1622.0,43831.0,27.92
26401,Thailand,maize,2006,39356,1622.0,41220.0,27.92
26402,Thailand,potato,2006,152815,1622.0,41220.0,27.92
26403,Thailand,rice,2006,29503,1622.0,41220.0,27.92
26408,Thailand,maize,2007,39295,1622.0,66858.0,27.79
26409,Thailand,potato,2007,157503,1622.0,66858.0,27.79
26410,Thailand,rice,2007,30441,1622.0,66858.0,27.79
26415,Thailand,maize,2008,40748,1622.0,65423.0,27.48
26416,Thailand,potato,2008,150459,1622.0,65423.0,27.48
26417,Thailand,rice,2008,29974,1622.0,65423.0,27.48
26422,Thailand,maize,2009,41780,1622.0,67933.0,27.79
26423,Thailand,potato,2009,165948,1622.0,67933.0,27.79
26424,Thailand,rice,2009,29079,1622.0,67933.0,27.79
26429,Thailand,maize,2010,41799,1622.0,68986.0,28.54
26430,Thailand,potato,2010,142016,1622.0,68986.0,28.54
26431,Thailand,rice,2010,29921,1622.0,68986.0,28.54
26436,Thailand,maize,2011,43297,1622.0,87191.0,27.56
26437,Thailand,potato,2011,146421,1622.0,87191.0,27.56
26438,Thailand,rice,2011,31867,1622.0,87191.0,27.56
26443,Thailand,maize,2012,43225,1622.0,69921.0,28.48
26444,Thailand,potato,2012,153378,1622.0,69921.0,28.48
26445,Thailand,rice,2012,31865,1622.0,69921.0,28.48
26450,Thailand,maize,2013,42242,1622.0,8136.0,28.98
26451,Thailand,potato,2013,150014,1622.0,8136.0,28.98
26452,Thailand,rice,2013,31463,1622.0,8136.0,28.98
26456,Tunisia,potato,1990,136478,207.0,909.0,19.34
26459,Tunisia,potato,1991,129412,207.0,909.0,18.41
26462,Tunisia,potato,1992,136250,207.0,909.0,18.54
26465,Tunisia,potato,1993,140141,207.0,909.0,18.9
26468,Tunisia,potato,1994,117318,207.0,909.0,19.93
26471,Tunisia,potato,1995,137059,207.0,909.0,19.22
26474,Tunisia,potato,1996,119469,207.0,909.0,18.88
26477,Tunisia,potato,1997,125652,207.0,909.0,19.54
26480,Tunisia,potato,1998,137850,207.0,868.44,19.19
26483,Tunisia,potato,1999,164103,207.0,827.87,19.97
26486,Tunisia,potato,2000,140097,207.0,787.31,19.76
26489,Tunisia,potato,2001,154930,207.0,746.75,20.04
26492,Tunisia,potato,2002,140399,207.0,706.18,19.74
26495,Tunisia,potato,2004,154959,207.0,625.06,19.37
26498,Tunisia,potato,2005,123604,207.0,584.49,19.12
26501,Tunisia,potato,2006,146586,207.0,543.93,19.82
26504,Tunisia,potato,2007,145418,207.0,503.37,19.71
26507,Tunisia,potato,2008,149194,207.0,462.8,19.76
26510,Tunisia,potato,2009,144321,207.0,422.24,19.64
26513,Tunisia,potato,2010,155462,207.0,422.24,19.76
26516,Tunisia,potato,2011,148760,207.0,422.24,19.53
26519,Tunisia,potato,2012,150215,207.0,422.24,20.12
26522,Tunisia,potato,2013,160417,207.0,422.24,20.0
26525,Turkey,maize,1990,40803,593.0,29918.0,19.22
26526,Turkey,maize,1990,40803,593.0,29918.0,10.51
26527,Turkey,maize,1990,40803,593.0,29918.0,11.91
26528,Turkey,maize,1990,40803,593.0,29918.0,14.01
26529,Turkey,maize,1990,40803,593.0,29918.0,17.94
26530,Turkey,potato,1990,224367,593.0,29918.0,19.22
26531,Turkey,potato,1990,224367,593.0,29918.0,10.51
26532,Turkey,potato,1990,224367,593.0,29918.0,11.91
26533,Turkey,potato,1990,224367,593.0,29918.0,14.01
26534,Turkey,potato,1990,224367,593.0,29918.0,17.94
26535,Turkey,rice,1990,49625,593.0,29918.0,19.22
26536,Turkey,rice,1990,49625,593.0,29918.0,10.51
26537,Turkey,rice,1990,49625,593.0,29918.0,11.91
26538,Turkey,rice,1990,49625,593.0,29918.0,14.01
26539,Turkey,rice,1990,49625,593.0,29918.0,17.94
26550,Turkey,maize,1991,42489,593.0,24343.0,18.94
26551,Turkey,maize,1991,42489,593.0,24343.0,10.37
26552,Turkey,maize,1991,42489,593.0,24343.0,11.2
26553,Turkey,maize,1991,42489,593.0,24343.0,13.21
26554,Turkey,maize,1991,42489,593.0,24343.0,17.04
26555,Turkey,potato,1991,230653,593.0,24343.0,18.94
26556,Turkey,potato,1991,230653,593.0,24343.0,10.37
26557,Turkey,potato,1991,230653,593.0,24343.0,11.2
26558,Turkey,potato,1991,230653,593.0,24343.0,13.21
26559,Turkey,potato,1991,230653,593.0,24343.0,17.04
26560,Turkey,rice,1991,49505,593.0,24343.0,18.94
26561,Turkey,rice,1991,49505,593.0,24343.0,10.37
26562,Turkey,rice,1991,49505,593.0,24343.0,11.2
26563,Turkey,rice,1991,49505,593.0,24343.0,13.21
26564,Turkey,rice,1991,49505,593.0,24343.0,17.04
26575,Turkey,maize,1992,42427,593.0,27110.0,17.68
26576,Turkey,maize,1992,42427,593.0,27110.0,9.06
26577,Turkey,maize,1992,42427,593.0,27110.0,10.77
26578,Turkey,maize,1992,42427,593.0,27110.0,13.01
26579,Turkey,maize,1992,42427,593.0,27110.0,16.91
26580,Turkey,potato,1992,236046,593.0,27110.0,17.68
26581,Turkey,potato,1992,236046,593.0,27110.0,9.06
26582,Turkey,potato,1992,236046,593.0,27110.0,10.77
26583,Turkey,potato,1992,236046,593.0,27110.0,13.01
26584,Turkey,potato,1992,236046,593.0,27110.0,16.91
26585,Turkey,rice,1992,50026,593.0,27110.0,17.68
26586,Turkey,rice,1992,50026,593.0,27110.0,9.06
26587,Turkey,rice,1992,50026,593.0,27110.0,10.77
26588,Turkey,rice,1992,50026,593.0,27110.0,13.01
26589,Turkey,rice,1992,50026,593.0,27110.0,16.91
26600,Turkey,maize,1993,45455,593.0,28042.0,18.82
26601,Turkey,maize,1993,45455,593.0,28042.0,9.96
26602,Turkey,maize,1993,45455,593.0,28042.0,11.45
26603,Turkey,maize,1993,45455,593.0,28042.0,13.32
26604,Turkey,maize,1993,45455,593.0,28042.0,17.39
26605,Turkey,potato,1993,242315,593.0,28042.0,18.82
26606,Turkey,potato,1993,242315,593.0,28042.0,9.96
26607,Turkey,potato,1993,242315,593.0,28042.0,11.45
26608,Turkey,potato,1993,242315,593.0,28042.0,13.32
26609,Turkey,potato,1993,242315,593.0,28042.0,17.39
26610,Turkey,rice,1993,50176,593.0,28042.0,18.82
26611,Turkey,rice,1993,50176,593.0,28042.0,9.96
26612,Turkey,rice,1993,50176,593.0,28042.0,11.45
26613,Turkey,rice,1993,50176,593.0,28042.0,13.32
26614,Turkey,rice,1993,50176,593.0,28042.0,17.39
26625,Turkey,maize,1994,38181,593.0,24219.0,19.76
26626,Turkey,maize,1994,38181,593.0,24219.0,11.7
26627,Turkey,maize,1994,38181,593.0,24219.0,12.83
26628,Turkey,maize,1994,38181,593.0,24219.0,14.88
26629,Turkey,maize,1994,38181,593.0,24219.0,18.35
26630,Turkey,potato,1994,229189,593.0,24219.0,19.76
26631,Turkey,potato,1994,229189,593.0,24219.0,11.7
26632,Turkey,potato,1994,229189,593.0,24219.0,12.83
26633,Turkey,potato,1994,229189,593.0,24219.0,14.88
26634,Turkey,potato,1994,229189,593.0,24219.0,18.35
26635,Turkey,rice,1994,50554,593.0,24219.0,19.76
26636,Turkey,rice,1994,50554,593.0,24219.0,11.7
26637,Turkey,rice,1994,50554,593.0,24219.0,12.83
26638,Turkey,rice,1994,50554,593.0,24219.0,14.88
26639,Turkey,rice,1994,50554,593.0,24219.0,18.35
26650,Turkey,maize,1995,37322,593.0,27328.0,19.15
26651,Turkey,maize,1995,37322,593.0,27328.0,10.93
26652,Turkey,maize,1995,37322,593.0,27328.0,12.06
26653,Turkey,maize,1995,37322,593.0,27328.0,14.14
26654,Turkey,maize,1995,37322,593.0,27328.0,17.64
26655,Turkey,potato,1995,237707,593.0,27328.0,19.15
26656,Turkey,potato,1995,237707,593.0,27328.0,10.93
26657,Turkey,potato,1995,237707,593.0,27328.0,12.06
26658,Turkey,potato,1995,237707,593.0,27328.0,14.14
26659,Turkey,potato,1995,237707,593.0,27328.0,17.64
26660,Turkey,rice,1995,50045,593.0,27328.0,19.15
26661,Turkey,rice,1995,50045,593.0,27328.0,10.93
26662,Turkey,rice,1995,50045,593.0,27328.0,12.06
26663,Turkey,rice,1995,50045,593.0,27328.0,14.14
26664,Turkey,rice,1995,50045,593.0,27328.0,17.64
26675,Turkey,maize,1996,36396,593.0,30286.0,19.47
26676,Turkey,maize,1996,36396,593.0,30286.0,11.29
26677,Turkey,maize,1996,36396,593.0,30286.0,11.92
26678,Turkey,maize,1996,36396,593.0,30286.0,13.77
26679,Turkey,maize,1996,36396,593.0,30286.0,17.49
26680,Turkey,potato,1996,235756,593.0,30286.0,19.47
26681,Turkey,potato,1996,235756,593.0,30286.0,11.29
26682,Turkey,potato,1996,235756,593.0,30286.0,11.92
26683,Turkey,potato,1996,235756,593.0,30286.0,13.77
26684,Turkey,potato,1996,235756,593.0,30286.0,17.49
26685,Turkey,rice,1996,51114,593.0,30286.0,19.47
26686,Turkey,rice,1996,51114,593.0,30286.0,11.29
26687,Turkey,rice,1996,51114,593.0,30286.0,11.92
26688,Turkey,rice,1996,51114,593.0,30286.0,13.77
26689,Turkey,rice,1996,51114,593.0,30286.0,17.49
26700,Turkey,maize,1997,38247,593.0,34431.0,18.65
26701,Turkey,maize,1997,38247,593.0,34431.0,10.13
26702,Turkey,maize,1997,38247,593.0,34431.0,11.34
26703,Turkey,maize,1997,38247,593.0,34431.0,13.16
26704,Turkey,maize,1997,38247,593.0,34431.0,17.2
26705,Turkey,potato,1997,241821,593.0,34431.0,18.65
26706,Turkey,potato,1997,241821,593.0,34431.0,10.13
26707,Turkey,potato,1997,241821,593.0,34431.0,11.34
26708,Turkey,potato,1997,241821,593.0,34431.0,13.16
26709,Turkey,potato,1997,241821,593.0,34431.0,17.2
26710,Turkey,rice,1997,50005,593.0,34431.0,18.65
26711,Turkey,rice,1997,50005,593.0,34431.0,10.13
26712,Turkey,rice,1997,50005,593.0,34431.0,11.34
26713,Turkey,rice,1997,50005,593.0,34431.0,13.16
26714,Turkey,rice,1997,50005,593.0,34431.0,17.2
26725,Turkey,maize,1998,42192,593.0,30162.0,19.92
26726,Turkey,maize,1998,42192,593.0,30162.0,11.72
26727,Turkey,maize,1998,42192,593.0,30162.0,12.56
26728,Turkey,maize,1998,42192,593.0,30162.0,14.48
26729,Turkey,maize,1998,42192,593.0,30162.0,18.08
26730,Turkey,potato,1998,258890,593.0,30162.0,19.92
26731,Turkey,potato,1998,258890,593.0,30162.0,11.72
26732,Turkey,potato,1998,258890,593.0,30162.0,12.56
26733,Turkey,potato,1998,258890,593.0,30162.0,14.48
26734,Turkey,potato,1998,258890,593.0,30162.0,18.08
26735,Turkey,rice,1998,52601,593.0,30162.0,19.92
26736,Turkey,rice,1998,52601,593.0,30162.0,11.72
26737,Turkey,rice,1998,52601,593.0,30162.0,12.56
26738,Turkey,rice,1998,52601,593.0,30162.0,14.48
26739,Turkey,rice,1998,52601,593.0,30162.0,18.08
26750,Turkey,maize,1999,44376,593.0,33089.0,20.02
26751,Turkey,maize,1999,44376,593.0,33089.0,11.69
26752,Turkey,maize,1999,44376,593.0,33089.0,13.02
26753,Turkey,maize,1999,44376,593.0,33089.0,15.0
26754,Turkey,maize,1999,44376,593.0,33089.0,18.74
26755,Turkey,potato,1999,272975,593.0,33089.0,20.02
26756,Turkey,potato,1999,272975,593.0,33089.0,11.69
26757,Turkey,potato,1999,272975,593.0,33089.0,13.02
26758,Turkey,potato,1999,272975,593.0,33089.0,15.0
26759,Turkey,potato,1999,272975,593.0,33089.0,18.74
26760,Turkey,rice,1999,52321,593.0,33089.0,20.02
26761,Turkey,rice,1999,52321,593.0,33089.0,11.69
26762,Turkey,rice,1999,52321,593.0,33089.0,13.02
26763,Turkey,rice,1999,52321,593.0,33089.0,15.0
26764,Turkey,rice,1999,52321,593.0,33089.0,18.74
26775,Turkey,maize,2000,41605,593.0,33471.0,19.33
26776,Turkey,maize,2000,41605,593.0,33471.0,10.39
26777,Turkey,maize,2000,41605,593.0,33471.0,12.03
26778,Turkey,maize,2000,41605,593.0,33471.0,14.29
26779,Turkey,maize,2000,41605,593.0,33471.0,17.97
26780,Turkey,potato,2000,263762,593.0,33471.0,19.33
26781,Turkey,potato,2000,263762,593.0,33471.0,10.39
26782,Turkey,potato,2000,263762,593.0,33471.0,12.03
26783,Turkey,potato,2000,263762,593.0,33471.0,14.29
26784,Turkey,potato,2000,263762,593.0,33471.0,17.97
26785,Turkey,rice,2000,60492,593.0,33471.0,19.33
26786,Turkey,rice,2000,60492,593.0,33471.0,10.39
26787,Turkey,rice,2000,60492,593.0,33471.0,12.03
26788,Turkey,rice,2000,60492,593.0,33471.0,14.29
26789,Turkey,rice,2000,60492,593.0,33471.0,17.97
26800,Turkey,maize,2001,40063,593.0,25539.0,20.09
26801,Turkey,maize,2001,40063,593.0,25539.0,12.32
26802,Turkey,maize,2001,40063,593.0,25539.0,13.16
26803,Turkey,maize,2001,40063,593.0,25539.0,15.11
26804,Turkey,maize,2001,40063,593.0,25539.0,18.63
26805,Turkey,potato,2001,250409,593.0,25539.0,20.09
26806,Turkey,potato,2001,250409,593.0,25539.0,12.32
26807,Turkey,potato,2001,250409,593.0,25539.0,13.16
26808,Turkey,potato,2001,250409,593.0,25539.0,15.11
26809,Turkey,potato,2001,250409,593.0,25539.0,18.63
26810,Turkey,rice,2001,61017,593.0,25539.0,20.09
26811,Turkey,rice,2001,61017,593.0,25539.0,12.32
26812,Turkey,rice,2001,61017,593.0,25539.0,13.16
26813,Turkey,rice,2001,61017,593.0,25539.0,15.11
26814,Turkey,rice,2001,61017,593.0,25539.0,18.63
26825,Turkey,maize,2002,42163,593.0,27915.0,19.54
26826,Turkey,maize,2002,42163,593.0,27915.0,10.81
26827,Turkey,maize,2002,42163,593.0,27915.0,12.24
26828,Turkey,maize,2002,42163,593.0,27915.0,14.51
26829,Turkey,maize,2002,42163,593.0,27915.0,18.18
26830,Turkey,potato,2002,262966,593.0,27915.0,19.54
26831,Turkey,potato,2002,262966,593.0,27915.0,10.81
26832,Turkey,potato,2002,262966,593.0,27915.0,12.24
26833,Turkey,potato,2002,262966,593.0,27915.0,14.51
26834,Turkey,potato,2002,262966,593.0,27915.0,18.18
26835,Turkey,rice,2002,60192,593.0,27915.0,19.54
26836,Turkey,rice,2002,60192,593.0,27915.0,10.81
26837,Turkey,rice,2002,60192,593.0,27915.0,12.24
26838,Turkey,rice,2002,60192,593.0,27915.0,14.51
26839,Turkey,rice,2002,60192,593.0,27915.0,18.18
26850,Turkey,maize,2004,55076,593.0,28831.0,19.48
26851,Turkey,maize,2004,55076,593.0,28831.0,10.99
26852,Turkey,maize,2004,55076,593.0,28831.0,12.26
26853,Turkey,maize,2004,55076,593.0,28831.0,14.23
26854,Turkey,maize,2004,55076,593.0,28831.0,17.97
26855,Turkey,potato,2004,268306,593.0,28831.0,19.48
26856,Turkey,potato,2004,268306,593.0,28831.0,10.99
26857,Turkey,potato,2004,268306,593.0,28831.0,12.26
26858,Turkey,potato,2004,268306,593.0,28831.0,14.23
26859,Turkey,potato,2004,268306,593.0,28831.0,17.97
26860,Turkey,rice,2004,70010,593.0,28831.0,19.48
26861,Turkey,rice,2004,70010,593.0,28831.0,10.99
26862,Turkey,rice,2004,70010,593.0,28831.0,12.26
26863,Turkey,rice,2004,70010,593.0,28831.0,14.23
26864,Turkey,rice,2004,70010,593.0,28831.0,17.97
26880,Turkey,maize,2005,70000,593.0,40332.0,19.44
26881,Turkey,maize,2005,70000,593.0,40332.0,11.24
26882,Turkey,maize,2005,70000,593.0,40332.0,12.2
26883,Turkey,maize,2005,70000,593.0,40332.0,14.23
26884,Turkey,maize,2005,70000,593.0,40332.0,17.78
26885,Turkey,potato,2005,266540,593.0,40332.0,19.44
26886,Turkey,potato,2005,266540,593.0,40332.0,11.24
26887,Turkey,potato,2005,266540,593.0,40332.0,12.2
26888,Turkey,potato,2005,266540,593.0,40332.0,14.23
26889,Turkey,potato,2005,266540,593.0,40332.0,17.78
26890,Turkey,rice,2005,70664,593.0,40332.0,19.44
26891,Turkey,rice,2005,70664,593.0,40332.0,11.24
26892,Turkey,rice,2005,70664,593.0,40332.0,12.2
26893,Turkey,rice,2005,70664,593.0,40332.0,14.23
26894,Turkey,rice,2005,70664,593.0,40332.0,17.78
26910,Turkey,maize,2006,72139,593.0,27421.0,19.44
26911,Turkey,maize,2006,72139,593.0,27421.0,11.12
26912,Turkey,maize,2006,72139,593.0,27421.0,11.96
26913,Turkey,maize,2006,72139,593.0,27421.0,14.11
26914,Turkey,maize,2006,72139,593.0,27421.0,17.71
26915,Turkey,potato,2006,276077,593.0,27421.0,19.44
26916,Turkey,potato,2006,276077,593.0,27421.0,11.12
26917,Turkey,potato,2006,276077,593.0,27421.0,11.96
26918,Turkey,potato,2006,276077,593.0,27421.0,14.11
26919,Turkey,potato,2006,276077,593.0,27421.0,17.71
26920,Turkey,rice,2006,70273,593.0,27421.0,19.44
26921,Turkey,rice,2006,70273,593.0,27421.0,11.12
26922,Turkey,rice,2006,70273,593.0,27421.0,11.96
26923,Turkey,rice,2006,70273,593.0,27421.0,14.11
26924,Turkey,rice,2006,70273,593.0,27421.0,17.71
26940,Turkey,maize,2007,68381,593.0,48715.51,19.82
26941,Turkey,maize,2007,68381,593.0,48715.51,11.87
26942,Turkey,maize,2007,68381,593.0,48715.51,12.91
26943,Turkey,maize,2007,68381,593.0,48715.51,14.98
26944,Turkey,maize,2007,68381,593.0,48715.51,18.6
26945,Turkey,potato,2007,276422,593.0,48715.51,19.82
26946,Turkey,potato,2007,276422,593.0,48715.51,11.87
26947,Turkey,potato,2007,276422,593.0,48715.51,12.91
26948,Turkey,potato,2007,276422,593.0,48715.51,14.98
26949,Turkey,potato,2007,276422,593.0,48715.51,18.6
26950,Turkey,rice,2007,69084,593.0,48715.51,19.82
26951,Turkey,rice,2007,69084,593.0,48715.51,11.87
26952,Turkey,rice,2007,69084,593.0,48715.51,12.91
26953,Turkey,rice,2007,69084,593.0,48715.51,14.98
26954,Turkey,rice,2007,69084,593.0,48715.51,18.6
26970,Turkey,maize,2008,71988,593.0,37640.2,19.92
26971,Turkey,maize,2008,71988,593.0,37640.2,11.33
26972,Turkey,maize,2008,71988,593.0,37640.2,12.7
26973,Turkey,maize,2008,71988,593.0,37640.2,14.91
26974,Turkey,maize,2008,71988,593.0,37640.2,18.47
26975,Turkey,potato,2008,282947,593.0,37640.2,19.92
26976,Turkey,potato,2008,282947,593.0,37640.2,11.33
26977,Turkey,potato,2008,282947,593.0,37640.2,12.7
26978,Turkey,potato,2008,282947,593.0,37640.2,14.91
26979,Turkey,potato,2008,282947,593.0,37640.2,18.47
26980,Turkey,rice,2008,75716,593.0,37640.2,19.92
26981,Turkey,rice,2008,75716,593.0,37640.2,11.33
26982,Turkey,rice,2008,75716,593.0,37640.2,12.7
26983,Turkey,rice,2008,75716,593.0,37640.2,14.91
26984,Turkey,rice,2008,75716,593.0,37640.2,18.47
27000,Turkey,maize,2009,71878,593.0,37651.15,19.94
27001,Turkey,maize,2009,71878,593.0,37651.15,11.63
27002,Turkey,maize,2009,71878,593.0,37651.15,12.75
27003,Turkey,maize,2009,71878,593.0,37651.15,14.95
27004,Turkey,maize,2009,71878,593.0,37651.15,18.41
27005,Turkey,potato,2009,305986,593.0,37651.15,19.94
27006,Turkey,potato,2009,305986,593.0,37651.15,11.63
27007,Turkey,potato,2009,305986,593.0,37651.15,12.75
27008,Turkey,potato,2009,305986,593.0,37651.15,14.95
27009,Turkey,potato,2009,305986,593.0,37651.15,18.41
27010,Turkey,rice,2009,77765,593.0,37651.15,19.94
27011,Turkey,rice,2009,77765,593.0,37651.15,11.63
27012,Turkey,rice,2009,77765,593.0,37651.15,12.75
27013,Turkey,rice,2009,77765,593.0,37651.15,14.95
27014,Turkey,rice,2009,77765,593.0,37651.15,18.41
27030,Turkey,maize,2010,72614,593.0,38554.69,21.02
27031,Turkey,maize,2010,72614,593.0,38554.69,13.27
27032,Turkey,maize,2010,72614,593.0,38554.69,13.8
27033,Turkey,maize,2010,72614,593.0,38554.69,15.6
27034,Turkey,maize,2010,72614,593.0,38554.69,19.27
27035,Turkey,potato,2010,323303,593.0,38554.69,21.02
27036,Turkey,potato,2010,323303,593.0,38554.69,13.27
27037,Turkey,potato,2010,323303,593.0,38554.69,13.8
27038,Turkey,potato,2010,323303,593.0,38554.69,15.6
27039,Turkey,potato,2010,323303,593.0,38554.69,19.27
27040,Turkey,rice,2010,86899,593.0,38554.69,21.02
27041,Turkey,rice,2010,86899,593.0,38554.69,13.27
27042,Turkey,rice,2010,86899,593.0,38554.69,13.8
27043,Turkey,rice,2010,86899,593.0,38554.69,15.6
27044,Turkey,rice,2010,86899,593.0,38554.69,19.27
27060,Turkey,maize,2011,71707,593.0,39534.43,19.36
27061,Turkey,maize,2011,71707,593.0,39534.43,10.39
27062,Turkey,maize,2011,71707,593.0,39534.43,11.6
27063,Turkey,maize,2011,71707,593.0,39534.43,13.65
27064,Turkey,maize,2011,71707,593.0,39534.43,17.6
27065,Turkey,potato,2011,324041,593.0,39534.43,19.36
27066,Turkey,potato,2011,324041,593.0,39534.43,10.39
27067,Turkey,potato,2011,324041,593.0,39534.43,11.6
27068,Turkey,potato,2011,324041,593.0,39534.43,13.65
27069,Turkey,potato,2011,324041,593.0,39534.43,17.6
27070,Turkey,rice,2011,90559,593.0,39534.43,19.36
27071,Turkey,rice,2011,90559,593.0,39534.43,10.39
27072,Turkey,rice,2011,90559,593.0,39534.43,11.6
27073,Turkey,rice,2011,90559,593.0,39534.43,13.65
27074,Turkey,rice,2011,90559,593.0,39534.43,17.6
27090,Turkey,maize,2012,73884,593.0,42610.59,19.92
27091,Turkey,maize,2012,73884,593.0,42610.59,11.45
27092,Turkey,maize,2012,73884,593.0,42610.59,12.71
27093,Turkey,maize,2012,73884,593.0,42610.59,14.97
27094,Turkey,maize,2012,73884,593.0,42610.59,18.54
27095,Turkey,potato,2012,280384,593.0,42610.59,19.92
27096,Turkey,potato,2012,280384,593.0,42610.59,11.45
27097,Turkey,potato,2012,280384,593.0,42610.59,12.71
27098,Turkey,potato,2012,280384,593.0,42610.59,14.97
27099,Turkey,potato,2012,280384,593.0,42610.59,18.54
27100,Turkey,rice,2012,73539,593.0,42610.59,19.92
27101,Turkey,rice,2012,73539,593.0,42610.59,11.45
27102,Turkey,rice,2012,73539,593.0,42610.59,12.71
27103,Turkey,rice,2012,73539,593.0,42610.59,14.97
27104,Turkey,rice,2012,73539,593.0,42610.59,18.54
27120,Turkey,maize,2013,89499,593.0,39440.0,20.22
27121,Turkey,maize,2013,89499,593.0,39440.0,13.27
27122,Turkey,maize,2013,89499,593.0,39440.0,14.07
27123,Turkey,maize,2013,89499,593.0,39440.0,16.02
27124,Turkey,maize,2013,89499,593.0,39440.0,19.21
27125,Turkey,potato,2013,315329,593.0,39440.0,20.22
27126,Turkey,potato,2013,315329,593.0,39440.0,13.27
27127,Turkey,potato,2013,315329,593.0,39440.0,14.07
27128,Turkey,potato,2013,315329,593.0,39440.0,16.02
27129,Turkey,potato,2013,315329,593.0,39440.0,19.21
27130,Turkey,rice,2013,81380,593.0,39440.0,20.22
27131,Turkey,rice,2013,81380,593.0,39440.0,13.27
27132,Turkey,rice,2013,81380,593.0,39440.0,14.07
27133,Turkey,rice,2013,81380,593.0,39440.0,16.02
27134,Turkey,rice,2013,81380,593.0,39440.0,19.21
27151,Uganda,maize,1990,15012,1180.0,72.0,23.36
27153,Uganda,potato,1990,70000,1180.0,72.0,23.36
27154,Uganda,rice,1990,13846,1180.0,72.0,23.36
27157,Uganda,potato,1990,41009,1180.0,72.0,23.36
27160,Uganda,maize,1991,13500,1180.0,72.0,23.3
27162,Uganda,potato,1991,71885,1180.0,72.0,23.3
27163,Uganda,rice,1991,13556,1180.0,72.0,23.3
27166,Uganda,potato,1991,41978,1180.0,72.0,23.3
27169,Uganda,maize,1992,15000,1180.0,72.0,23.46
27171,Uganda,potato,1992,72432,1180.0,72.0,23.46
27172,Uganda,rice,1992,13600,1180.0,72.0,23.46
27175,Uganda,potato,1992,43100,1180.0,72.0,23.46
27178,Uganda,maize,1993,15984,1180.0,71.0,23.62
27180,Uganda,potato,1993,80000,1180.0,71.0,23.62
27181,Uganda,rice,1993,13962,1180.0,71.0,23.62
27184,Uganda,potato,1993,42565,1180.0,71.0,23.62
27187,Uganda,maize,1994,15098,1180.0,59.0,23.6
27189,Uganda,potato,1994,83636,1180.0,59.0,23.6
27190,Uganda,rice,1994,14000,1180.0,59.0,23.6
27193,Uganda,potato,1994,45011,1180.0,59.0,23.6
27196,Uganda,maize,1995,15989,1180.0,88.0,23.72
27198,Uganda,potato,1995,80400,1180.0,88.0,23.72
27199,Uganda,rice,1995,14000,1180.0,88.0,23.72
27202,Uganda,potato,1995,45000,1180.0,88.0,23.72
27205,Uganda,maize,1996,12997,1180.0,88.0,23.49
27207,Uganda,potato,1996,60000,1180.0,88.0,23.49
27208,Uganda,rice,1996,14138,1180.0,88.0,23.49
27211,Uganda,potato,1996,30000,1180.0,88.0,23.49
27214,Uganda,maize,1997,12375,1180.0,88.0,24.04
27216,Uganda,potato,1997,64286,1180.0,88.0,24.04
27217,Uganda,rice,1997,13333,1180.0,88.0,24.04
27220,Uganda,potato,1997,35803,1180.0,88.0,24.04
27223,Uganda,maize,1998,15000,1180.0,88.0,23.97
27225,Uganda,potato,1998,64000,1180.0,88.0,23.97
27226,Uganda,rice,1998,14063,1180.0,88.0,23.97
27229,Uganda,potato,1998,40000,1180.0,88.0,23.97
27232,Uganda,maize,1999,17319,1180.0,88.0,23.52
27234,Uganda,potato,1999,70156,1180.0,88.0,23.52
27235,Uganda,rice,1999,13971,1180.0,88.0,23.52
27238,Uganda,potato,1999,43673,1180.0,88.0,23.52
27241,Uganda,maize,2000,17424,1180.0,88.0,23.75
27243,Uganda,potato,2000,70294,1180.0,88.0,23.75
27244,Uganda,rice,2000,15139,1180.0,88.0,23.75
27247,Uganda,potato,2000,43207,1180.0,88.0,23.75
27250,Uganda,maize,2001,18006,1180.0,88.0,23.47
27252,Uganda,potato,2001,69589,1180.0,88.0,23.47
27253,Uganda,rice,2001,15000,1180.0,88.0,23.47
27256,Uganda,potato,2001,43969,1180.0,88.0,23.47
27259,Uganda,maize,2002,18003,1180.0,88.0,23.99
27261,Uganda,potato,2002,70000,1180.0,88.0,23.99
27262,Uganda,rice,2002,15000,1180.0,88.0,23.99
27265,Uganda,potato,2002,44007,1180.0,88.0,23.99
27268,Uganda,maize,2004,14400,1180.0,88.0,24.02
27270,Uganda,potato,2004,69036,1180.0,88.0,24.02
27271,Uganda,rice,2004,13011,1180.0,88.0,24.02
27274,Uganda,potato,2004,44020,1180.0,88.0,24.02
27277,Uganda,maize,2005,15859,1180.0,88.0,24.29
27279,Uganda,potato,2005,68023,1180.0,88.0,24.29
27280,Uganda,rice,2005,15000,1180.0,88.0,24.29
27283,Uganda,potato,2005,44136,1180.0,88.0,24.29
27286,Uganda,maize,2006,15361,1180.0,88.0,23.95
27288,Uganda,potato,2006,69778,1180.0,88.0,23.95
27289,Uganda,rice,2006,13628,1180.0,88.0,23.95
27292,Uganda,potato,2006,45000,1180.0,88.0,23.95
27295,Uganda,maize,2007,14950,1180.0,88.0,23.68
27297,Uganda,potato,2007,69892,1180.0,88.0,23.68
27298,Uganda,rice,2007,13613,1180.0,88.0,23.68
27301,Uganda,potato,2007,45912,1180.0,88.0,23.68
27304,Uganda,maize,2008,22005,1180.0,88.0,23.68
27306,Uganda,potato,2008,47419,1180.0,88.0,23.68
27307,Uganda,rice,2008,13895,1180.0,88.0,23.68
27310,Uganda,potato,2008,42014,1180.0,88.0,23.68
27313,Uganda,maize,2009,24996,1180.0,88.0,24.18
27315,Uganda,potato,2009,46286,1180.0,88.0,24.18
27316,Uganda,rice,2009,23926,1180.0,88.0,24.18
27319,Uganda,potato,2009,41965,1180.0,88.0,24.18
27322,Uganda,maize,2010,22999,1180.0,88.0,24.14
27324,Uganda,potato,2010,47714,1180.0,88.0,24.14
27325,Uganda,rice,2010,25070,1180.0,88.0,24.14
27328,Uganda,potato,2010,44955,1180.0,88.0,24.14
27331,Uganda,maize,2011,23999,1180.0,88.0,23.89
27333,Uganda,potato,2011,49920,1180.0,88.0,23.89
27334,Uganda,rice,2011,25889,1180.0,88.0,23.89
27337,Uganda,potato,2011,40000,1180.0,88.0,23.89
27340,Uganda,maize,2012,24996,1180.0,88.0,24.03
27342,Uganda,potato,2012,49440,1180.0,88.0,24.03
27343,Uganda,rice,2012,23043,1180.0,88.0,24.03
27346,Uganda,potato,2012,40978,1180.0,88.0,24.03
27349,Uganda,maize,2013,24949,1180.0,88.0,24.13
27351,Uganda,potato,2013,45013,1180.0,88.0,24.13
27352,Uganda,rice,2013,23011,1180.0,88.0,24.13
27355,Uganda,potato,2013,40059,1180.0,88.0,24.13
27357,Ukraine,maize,1992,25072,565.0,66772.0,8.07
27358,Ukraine,potato,1992,118906,565.0,66772.0,8.07
27359,Ukraine,rice,1992,37722,565.0,66772.0,8.07
27363,Ukraine,maize,1993,28445,565.0,61843.46,6.89
27364,Ukraine,potato,1993,136956,565.0,61843.46,6.89
27365,Ukraine,rice,1993,29565,565.0,61843.46,6.89
27369,Ukraine,maize,1994,23614,565.0,56914.93,7.98
27370,Ukraine,potato,1994,105449,565.0,56914.93,7.98
27371,Ukraine,rice,1994,35909,565.0,56914.93,7.98
27375,Ukraine,maize,1995,29207,565.0,51986.39,8.26
27376,Ukraine,potato,1995,96233,565.0,51986.39,8.26
27377,Ukraine,rice,1995,36409,565.0,51986.39,8.26
27381,Ukraine,maize,1996,27365,565.0,47057.85,7.0
27382,Ukraine,potato,1996,118859,565.0,47057.85,7.0
27383,Ukraine,rice,1996,35518,565.0,47057.85,7.0
27387,Ukraine,maize,1997,32628,565.0,42129.32,7.21
27388,Ukraine,potato,1997,105875,565.0,42129.32,7.21
27389,Ukraine,rice,1997,28889,565.0,42129.32,7.21
27393,Ukraine,maize,1998,25342,565.0,37200.78,7.74
27394,Ukraine,potato,1998,101804,565.0,37200.78,7.74
27395,Ukraine,rice,1998,30286,565.0,37200.78,7.74
27399,Ukraine,maize,1999,25220,565.0,32272.25,8.97
27400,Ukraine,potato,1999,82026,565.0,32272.25,8.97
27401,Ukraine,rice,1999,29041,565.0,32272.25,8.97
27405,Ukraine,maize,2000,30091,565.0,27343.71,8.82
27406,Ukraine,potato,2000,121632,565.0,27343.71,8.82
27407,Ukraine,rice,2000,35595,565.0,27343.71,8.82
27411,Ukraine,maize,2001,32425,565.0,22415.17,8.42
27412,Ukraine,potato,2001,108079,565.0,22415.17,8.42
27413,Ukraine,rice,2001,36548,565.0,22415.17,8.42
27417,Ukraine,maize,2002,35167,565.0,17486.64,8.87
27418,Ukraine,potato,2002,104374,565.0,17486.64,8.87
27419,Ukraine,rice,2002,39894,565.0,17486.64,8.87
27423,Ukraine,maize,2004,38558,565.0,15344.4,8.32
27424,Ukraine,potato,2004,133386,565.0,15344.4,8.32
27425,Ukraine,rice,2004,37746,565.0,15344.4,8.32
27429,Ukraine,maize,2005,43185,565.0,23021.7,8.39
27430,Ukraine,potato,2005,128388,565.0,23021.7,8.39
27431,Ukraine,rice,2005,43458,565.0,23021.7,8.39
27435,Ukraine,maize,2006,37352,565.0,28832.6,7.88
27436,Ukraine,potato,2006,133199,565.0,28832.6,7.88
27437,Ukraine,rice,2006,46065,565.0,28832.6,7.88
27441,Ukraine,maize,2007,39001,565.0,36476.0,9.46
27442,Ukraine,potato,2007,131439,565.0,36476.0,9.46
27443,Ukraine,rice,2007,51185,565.0,36476.0,9.46
27447,Ukraine,maize,2008,46911,565.0,54080.5,9.24
27448,Ukraine,potato,2008,138728,565.0,54080.5,9.24
27449,Ukraine,rice,2008,50859,565.0,54080.5,9.24
27453,Ukraine,maize,2009,50195,565.0,36444.7,8.82
27454,Ukraine,potato,2009,139298,565.0,36444.7,8.82
27455,Ukraine,rice,2009,58327,565.0,36444.7,8.82
27459,Ukraine,maize,2010,45147,565.0,62534.6,8.97
27460,Ukraine,potato,2010,132481,565.0,62534.6,8.97
27461,Ukraine,rice,2010,50512,565.0,62534.6,8.97
27465,Ukraine,maize,2011,64446,565.0,79491.7,8.48
27466,Ukraine,potato,2011,168039,565.0,79491.7,8.48
27467,Ukraine,rice,2011,57399,565.0,79491.7,8.48
27471,Ukraine,maize,2012,47946,565.0,90814.8,8.56
27472,Ukraine,potato,2012,161001,565.0,90814.8,8.56
27473,Ukraine,rice,2012,61938,565.0,90814.8,8.56
27477,Ukraine,maize,2013,64119,565.0,86781.8,10.33
27478,Ukraine,potato,2013,159664,565.0,86781.8,10.33
27479,Ukraine,rice,2013,59938,565.0,86781.8,10.33
27483,United Kingdom,potato,1990,365161,1220.0,29517.0,9.56
27484,United Kingdom,potato,1990,365161,1220.0,29517.0,10.4
27485,United Kingdom,potato,1990,365161,1220.0,29517.0,10.4
27486,United Kingdom,potato,1990,365161,1220.0,29517.0,8.68
27487,United Kingdom,potato,1990,365161,1220.0,29517.0,10.94
27493,United Kingdom,potato,1991,354068,1220.0,29022.0,9.11
27494,United Kingdom,potato,1991,354068,1220.0,29022.0,9.24
27495,United Kingdom,potato,1991,354068,1220.0,29022.0,9.24
27496,United Kingdom,potato,1991,354068,1220.0,29022.0,7.99
27497,United Kingdom,potato,1991,354068,1220.0,29022.0,9.67
27503,United Kingdom,potato,1992,433870,1220.0,31077.0,9.11
27504,United Kingdom,potato,1992,433870,1220.0,31077.0,9.54
27505,United Kingdom,potato,1992,433870,1220.0,31077.0,9.54
27506,United Kingdom,potato,1992,433870,1220.0,31077.0,8.05
27507,United Kingdom,potato,1992,433870,1220.0,31077.0,10.15
27513,United Kingdom,potato,1993,415790,1220.0,32387.0,8.75
27514,United Kingdom,potato,1993,415790,1220.0,32387.0,9.14
27515,United Kingdom,potato,1993,415790,1220.0,32387.0,9.14
27516,United Kingdom,potato,1993,415790,1220.0,32387.0,7.59
27517,United Kingdom,potato,1993,415790,1220.0,32387.0,9.69
27523,United Kingdom,potato,1994,399956,1220.0,33929.0,9.01
27524,United Kingdom,potato,1994,399956,1220.0,33929.0,9.86
27525,United Kingdom,potato,1994,399956,1220.0,33929.0,9.86
27526,United Kingdom,potato,1994,399956,1220.0,33929.0,8.07
27527,United Kingdom,potato,1994,399956,1220.0,33929.0,10.48
27533,United Kingdom,potato,1995,374503,1220.0,33743.0,9.52
27534,United Kingdom,potato,1995,374503,1220.0,33743.0,10.17
27535,United Kingdom,potato,1995,374503,1220.0,33743.0,10.17
27536,United Kingdom,potato,1995,374503,1220.0,33743.0,8.49
27537,United Kingdom,potato,1995,374503,1220.0,33743.0,10.55
27543,United Kingdom,potato,1996,407441,1220.0,35579.0,8.8
27544,United Kingdom,potato,1996,407441,1220.0,35579.0,8.87
27545,United Kingdom,potato,1996,407441,1220.0,35579.0,8.87
27546,United Kingdom,potato,1996,407441,1220.0,35579.0,7.71
27547,United Kingdom,potato,1996,407441,1220.0,35579.0,9.27
27553,United Kingdom,potato,1997,429656,1220.0,35490.0,9.94
27554,United Kingdom,potato,1997,429656,1220.0,35490.0,10.17
27555,United Kingdom,potato,1997,429656,1220.0,35490.0,10.17
27556,United Kingdom,potato,1997,429656,1220.0,35490.0,8.87
27557,United Kingdom,potato,1997,429656,1220.0,35490.0,10.64
27563,United Kingdom,potato,1998,391347,1220.0,35422.0,9.59
27564,United Kingdom,potato,1998,391347,1220.0,35422.0,10.0
27565,United Kingdom,potato,1998,391347,1220.0,35422.0,10.0
27566,United Kingdom,potato,1998,391347,1220.0,35422.0,8.56
27567,United Kingdom,potato,1998,391347,1220.0,35422.0,10.4
27573,United Kingdom,potato,1999,401515,1220.0,35537.0,9.67
27574,United Kingdom,potato,1999,401515,1220.0,35537.0,10.3
27575,United Kingdom,potato,1999,401515,1220.0,35537.0,10.3
27576,United Kingdom,potato,1999,401515,1220.0,35537.0,8.74
27577,United Kingdom,potato,1999,401515,1220.0,35537.0,10.86
27583,United Kingdom,potato,2000,399759,1220.0,33031.28,9.47
27584,United Kingdom,potato,2000,399759,1220.0,33031.28,9.97
27585,United Kingdom,potato,2000,399759,1220.0,33031.28,9.97
27586,United Kingdom,potato,2000,399759,1220.0,33031.28,8.48
27587,United Kingdom,potato,2000,399759,1220.0,33031.28,10.52
27593,United Kingdom,potato,2001,402970,1220.0,32893.1,9.25
27594,United Kingdom,potato,2001,402970,1220.0,32893.1,9.69
27595,United Kingdom,potato,2001,402970,1220.0,32893.1,9.69
27596,United Kingdom,potato,2001,402970,1220.0,32893.1,8.15
27597,United Kingdom,potato,2001,402970,1220.0,32893.1,10.18
27603,United Kingdom,potato,2002,440886,1220.0,30995.26,9.78
27604,United Kingdom,potato,2002,440886,1220.0,30995.26,10.28
27605,United Kingdom,potato,2002,440886,1220.0,30995.26,10.28
27606,United Kingdom,potato,2002,440886,1220.0,30995.26,8.76
27607,United Kingdom,potato,2002,440886,1220.0,30995.26,10.91
27613,United Kingdom,potato,2004,424781,1220.0,31223.91,9.86
27614,United Kingdom,potato,2004,424781,1220.0,31223.91,10.27
27615,United Kingdom,potato,2004,424781,1220.0,31223.91,10.27
27616,United Kingdom,potato,2004,424781,1220.0,31223.91,8.92
27617,United Kingdom,potato,2004,424781,1220.0,31223.91,10.77
27623,United Kingdom,potato,2005,435153,1220.0,31415.27,9.9
27624,United Kingdom,potato,2005,435153,1220.0,31415.27,10.24
27625,United Kingdom,potato,2005,435153,1220.0,31415.27,10.24
27626,United Kingdom,potato,2005,435153,1220.0,31415.27,8.85
27627,United Kingdom,potato,2005,435153,1220.0,31415.27,10.63
27633,United Kingdom,potato,2006,415887,1220.0,22588.09,10.02
27634,United Kingdom,potato,2006,415887,1220.0,22588.09,10.58
27635,United Kingdom,potato,2006,415887,1220.0,22588.09,10.58
27636,United Kingdom,potato,2006,415887,1220.0,22588.09,9.1
27637,United Kingdom,potato,2006,415887,1220.0,22588.09,11.1
27643,United Kingdom,potato,2007,401926,1220.0,22331.7,10.11
27644,United Kingdom,potato,2007,401926,1220.0,22331.7,10.37
27645,United Kingdom,potato,2007,401926,1220.0,22331.7,10.37
27646,United Kingdom,potato,2007,401926,1220.0,22331.7,8.94
27647,United Kingdom,potato,2007,401926,1220.0,22331.7,10.83
27653,United Kingdom,potato,2008,416597,1220.0,21596.68,9.48
27654,United Kingdom,potato,2008,416597,1220.0,21596.68,9.82
27655,United Kingdom,potato,2008,416597,1220.0,21596.68,9.82
27656,United Kingdom,potato,2008,416597,1220.0,21596.68,8.42
27657,United Kingdom,potato,2008,416597,1220.0,21596.68,10.38
27663,United Kingdom,potato,2009,444167,1220.0,21324.22,9.59
27664,United Kingdom,potato,2009,444167,1220.0,21324.22,9.9
27665,United Kingdom,potato,2009,444167,1220.0,21324.22,9.9
27666,United Kingdom,potato,2009,444167,1220.0,21324.22,8.64
27667,United Kingdom,potato,2009,444167,1220.0,21324.22,10.52
27673,United Kingdom,potato,2010,438841,1220.0,16770.87,8.4
27674,United Kingdom,potato,2010,438841,1220.0,16770.87,8.8
27675,United Kingdom,potato,2010,438841,1220.0,16770.87,8.8
27676,United Kingdom,potato,2010,438841,1220.0,16770.87,7.43
27677,United Kingdom,potato,2010,438841,1220.0,16770.87,9.38
27683,United Kingdom,potato,2011,432192,1220.0,16401.66,9.82
27684,United Kingdom,potato,2011,432192,1220.0,16401.66,10.63
27685,United Kingdom,potato,2011,432192,1220.0,16401.66,10.63
27686,United Kingdom,potato,2011,432192,1220.0,16401.66,8.95
27687,United Kingdom,potato,2011,432192,1220.0,16401.66,11.19
27693,United Kingdom,potato,2012,305570,1220.0,17718.64,9.27
27694,United Kingdom,potato,2012,305570,1220.0,17718.64,9.55
27695,United Kingdom,potato,2012,305570,1220.0,17718.64,9.55
27696,United Kingdom,potato,2012,305570,1220.0,17718.64,8.08
27697,United Kingdom,potato,2012,305570,1220.0,17718.64,10.0
27703,United Kingdom,potato,2013,408993,1220.0,17673.46,8.76
27704,United Kingdom,potato,2013,408993,1220.0,17673.46,9.57
27705,United Kingdom,potato,2013,408993,1220.0,17673.46,9.57
27706,United Kingdom,potato,2013,408993,1220.0,17673.46,8.39
27707,United Kingdom,potato,2013,408993,1220.0,17673.46,9.91
27713,Uruguay,maize,1990,18510,1300.0,1762.01,16.91
27714,Uruguay,potato,1990,95000,1300.0,1762.01,16.91
27715,Uruguay,rice,1990,44474,1300.0,1762.01,16.91
27718,Uruguay,potato,1990,57857,1300.0,1762.01,16.91
27720,Uruguay,maize,1991,17800,1300.0,1762.01,16.95
27721,Uruguay,potato,1991,101741,1300.0,1762.01,16.95
27722,Uruguay,rice,1991,47767,1300.0,1762.01,16.95
27725,Uruguay,potato,1991,40000,1300.0,1762.01,16.95
27727,Uruguay,maize,1992,15613,1300.0,2072.03,16.7
27728,Uruguay,potato,1992,92262,1300.0,2072.03,16.7
27729,Uruguay,rice,1992,47557,1300.0,2072.03,16.7
27732,Uruguay,potato,1992,67758,1300.0,2072.03,16.7
27734,Uruguay,maize,1993,19631,1300.0,1634.02,16.81
27735,Uruguay,potato,1993,85938,1300.0,1634.02,16.81
27736,Uruguay,rice,1993,51717,1300.0,1634.02,16.81
27739,Uruguay,potato,1993,87002,1300.0,1634.02,16.81
27741,Uruguay,maize,1994,16279,1300.0,2272.08,17.17
27742,Uruguay,potato,1994,93306,1300.0,2272.08,17.17
27743,Uruguay,rice,1994,49158,1300.0,2272.08,17.17
27746,Uruguay,potato,1994,91667,1300.0,2272.08,17.17
27748,Uruguay,maize,1995,24528,1300.0,2413.02,16.66
27749,Uruguay,potato,1995,100603,1300.0,2413.02,16.66
27750,Uruguay,rice,1995,55099,1300.0,2413.02,16.66
27753,Uruguay,potato,1995,99107,1300.0,2413.02,16.66
27755,Uruguay,maize,1996,21712,1300.0,3444.01,17.03
27756,Uruguay,potato,1996,109417,1300.0,3444.01,17.03
27757,Uruguay,rice,1996,64684,1300.0,3444.01,17.03
27760,Uruguay,potato,1996,91667,1300.0,3444.01,17.03
27762,Uruguay,maize,1997,26444,1300.0,3362.05,17.46
27763,Uruguay,potato,1997,150885,1300.0,3362.05,17.46
27764,Uruguay,rice,1997,65839,1300.0,3362.05,17.46
27767,Uruguay,potato,1997,107143,1300.0,3362.05,17.46
27769,Uruguay,maize,1998,33715,1300.0,4239.03,16.77
27770,Uruguay,potato,1998,157532,1300.0,4239.03,16.77
27771,Uruguay,rice,1998,50862,1300.0,4239.03,16.77
27774,Uruguay,potato,1998,100000,1300.0,4239.03,16.77
27776,Uruguay,maize,1999,40894,1300.0,3925.03,16.62
27777,Uruguay,potato,1999,163866,1300.0,3925.03,16.62
27778,Uruguay,rice,1999,63830,1300.0,3925.03,16.62
27781,Uruguay,potato,1999,100000,1300.0,3925.03,16.62
27783,Uruguay,maize,2000,15296,1300.0,3650.08,16.95
27784,Uruguay,potato,2000,124074,1300.0,3650.08,16.95
27785,Uruguay,rice,2000,63840,1300.0,3650.08,16.95
27788,Uruguay,potato,2000,100000,1300.0,3650.08,16.95
27790,Uruguay,maize,2001,46643,1300.0,4433.04,17.61
27791,Uruguay,potato,2001,146493,1300.0,4433.04,17.61
27792,Uruguay,rice,2001,67037,1300.0,4433.04,17.61
27795,Uruguay,potato,2001,100000,1300.0,4433.04,17.61
27797,Uruguay,maize,2002,33552,1300.0,5184.5,17.06
27798,Uruguay,potato,2002,129399,1300.0,5184.5,17.06
27799,Uruguay,rice,2002,58632,1300.0,5184.5,17.06
27802,Uruguay,potato,2002,100000,1300.0,5184.5,17.06
27804,Uruguay,maize,2004,49640,1300.0,9017.73,17.22
27805,Uruguay,potato,2004,159905,1300.0,9017.73,17.22
27806,Uruguay,rice,2004,67712,1300.0,9017.73,17.22
27809,Uruguay,potato,2004,90909,1300.0,9017.73,17.22
27811,Uruguay,maize,2005,41419,1300.0,9232.47,17.13
27812,Uruguay,potato,2005,189330,1300.0,9232.47,17.13
27813,Uruguay,rice,2005,66005,1300.0,9232.47,17.13
27816,Uruguay,potato,2005,94286,1300.0,9232.47,17.13
27818,Uruguay,maize,2006,41837,1300.0,9143.45,17.13
27819,Uruguay,potato,2006,172693,1300.0,9143.45,17.13
27820,Uruguay,rice,2006,72893,1300.0,9143.45,17.13
27823,Uruguay,potato,2006,91892,1300.0,9143.45,17.13
27825,Uruguay,maize,2007,57541,1300.0,14057.2,16.53
27826,Uruguay,potato,2007,149353,1300.0,14057.2,16.53
27827,Uruguay,rice,2007,78796,1300.0,14057.2,16.53
27830,Uruguay,potato,2007,93333,1300.0,14057.2,16.53
27832,Uruguay,maize,2008,41526,1300.0,13335.22,17.43
27833,Uruguay,potato,2008,169299,1300.0,13335.22,17.43
27834,Uruguay,rice,2008,78989,1300.0,13335.22,17.43
27837,Uruguay,potato,2008,93421,1300.0,13335.22,17.43
27839,Uruguay,maize,2009,30834,1300.0,13475.41,16.96
27840,Uruguay,potato,2009,161006,1300.0,13475.41,16.96
27841,Uruguay,rice,2009,80100,1300.0,13475.41,16.96
27844,Uruguay,potato,2009,94737,1300.0,13475.41,16.96
27846,Uruguay,maize,2010,55115,1300.0,14981.18,17.11
27847,Uruguay,potato,2010,200915,1300.0,14981.18,17.11
27848,Uruguay,rice,2010,70954,1300.0,14981.18,17.11
27851,Uruguay,potato,2010,94156,1300.0,14981.18,17.11
27853,Uruguay,maize,2011,35377,1300.0,17517.76,16.9
27854,Uruguay,potato,2011,177610,1300.0,17517.76,16.9
27855,Uruguay,rice,2011,83827,1300.0,17517.76,16.9
27858,Uruguay,potato,2011,94872,1300.0,17517.76,16.9
27860,Uruguay,maize,2012,42615,1300.0,23506.4,17.53
27861,Uruguay,potato,2012,219891,1300.0,23506.4,17.53
27862,Uruguay,rice,2012,78513,1300.0,23506.4,17.53
27865,Uruguay,potato,2012,94375,1300.0,23506.4,17.53
27867,Uruguay,maize,2013,56309,1300.0,19028.6,15.92
27868,Uruguay,potato,2013,224434,1300.0,19028.6,15.92
27869,Uruguay,rice,2013,78812,1300.0,19028.6,15.92
27872,Uruguay,potato,2013,93902,1300.0,19028.6,15.92
27875,Zambia,maize,1990,14316,1020.0,1080.0,21.43
27876,Zambia,potato,1990,90000,1020.0,1080.0,21.43
27877,Zambia,rice,1990,9664,1020.0,1080.0,21.43
27880,Zambia,potato,1990,54000,1020.0,1080.0,21.43
27883,Zambia,maize,1991,17140,1020.0,1080.0,20.84
27884,Zambia,potato,1991,90909,1020.0,1080.0,20.84
27885,Zambia,rice,1991,10857,1020.0,1080.0,20.84
27888,Zambia,potato,1991,43077,1020.0,1080.0,20.84
27891,Zambia,maize,1992,7311,1020.0,1080.0,21.85
27892,Zambia,potato,1992,88889,1020.0,1080.0,21.85
27893,Zambia,rice,1992,5764,1020.0,1080.0,21.85
27896,Zambia,potato,1992,33333,1020.0,1080.0,21.85
27899,Zambia,maize,1993,25228,1020.0,1080.0,21.0
27900,Zambia,potato,1993,90909,1020.0,1080.0,21.0
27901,Zambia,rice,1993,10138,1020.0,1080.0,21.0
27904,Zambia,potato,1993,30556,1020.0,1080.0,21.0
27907,Zambia,maize,1994,15025,1020.0,1080.0,21.2
27908,Zambia,potato,1994,90000,1020.0,1080.0,21.2
27909,Zambia,rice,1994,8859,1020.0,1080.0,21.2
27912,Zambia,potato,1994,26500,1020.0,1080.0,21.2
27915,Zambia,maize,1995,14185,1020.0,716.0,21.86
27916,Zambia,potato,1995,88889,1020.0,716.0,21.86
27917,Zambia,rice,1995,12426,1020.0,716.0,21.86
27920,Zambia,potato,1995,21250,1020.0,716.0,21.86
27923,Zambia,maize,1996,20864,1020.0,1670.0,21.19
27924,Zambia,potato,1996,90909,1020.0,1670.0,21.19
27925,Zambia,rice,1996,13447,1020.0,1670.0,21.19
27928,Zambia,potato,1996,20000,1020.0,1670.0,21.19
27931,Zambia,maize,1997,14794,1020.0,1670.0,20.9
27932,Zambia,potato,1997,90000,1020.0,1670.0,20.9
27933,Zambia,rice,1997,10049,1020.0,1670.0,20.9
27936,Zambia,potato,1997,17000,1020.0,1670.0,20.9
27939,Zambia,maize,1998,12503,1020.0,1670.0,21.32
27940,Zambia,potato,1998,88889,1020.0,1670.0,21.32
27941,Zambia,rice,1998,7059,1020.0,1670.0,21.32
27944,Zambia,potato,1998,15152,1020.0,1670.0,21.32
27947,Zambia,maize,1999,13759,1020.0,1670.0,20.53
27948,Zambia,potato,1999,90909,1020.0,1670.0,20.53
27949,Zambia,rice,1999,9119,1020.0,1670.0,20.53
27952,Zambia,potato,1999,14054,1020.0,1670.0,20.53
27955,Zambia,maize,2000,17720,1020.0,1670.0,20.66
27956,Zambia,potato,2000,90909,1020.0,1670.0,20.66
27957,Zambia,rice,2000,11333,1020.0,1670.0,20.66
27960,Zambia,potato,2000,13213,1020.0,1670.0,20.66
27963,Zambia,maize,2001,13780,1020.0,1670.0,20.9
27964,Zambia,potato,2001,107450,1020.0,1670.0,20.9
27965,Zambia,rice,2001,12562,1020.0,1670.0,20.9
27968,Zambia,potato,2001,10275,1020.0,1670.0,20.9
27971,Zambia,maize,2002,14097,1020.0,1670.0,21.55
27972,Zambia,potato,2002,115006,1020.0,1670.0,21.55
27973,Zambia,rice,2002,12857,1020.0,1670.0,21.55
27976,Zambia,potato,2002,19969,1020.0,1670.0,21.55
27979,Zambia,maize,2004,19239,1020.0,1670.0,20.79
27980,Zambia,potato,2004,127573,1020.0,1670.0,20.79
27981,Zambia,rice,2004,13751,1020.0,1670.0,20.79
27984,Zambia,potato,2004,38881,1020.0,1670.0,20.79
27987,Zambia,maize,2005,18594,1020.0,1670.0,21.97
27988,Zambia,potato,2005,144245,1020.0,1670.0,21.97
27989,Zambia,rice,2005,12864,1020.0,1670.0,21.97
27992,Zambia,potato,2005,29828,1020.0,1670.0,21.97
27995,Zambia,maize,2006,18992,1020.0,1670.0,21.05
27996,Zambia,potato,2006,140000,1020.0,1670.0,21.05
27997,Zambia,rice,2006,9726,1020.0,1670.0,21.05
28000,Zambia,potato,2006,31527,1020.0,1670.0,21.05
28003,Zambia,maize,2007,23342,1020.0,1670.0,20.87
28004,Zambia,potato,2007,131818,1020.0,1670.0,20.87
28005,Zambia,rice,2007,15126,1020.0,1670.0,20.87
28008,Zambia,potato,2007,27702,1020.0,1670.0,20.87
28011,Zambia,maize,2008,22442,1020.0,1670.0,20.66
28012,Zambia,potato,2008,101051,1020.0,1670.0,20.66
28013,Zambia,rice,2008,13833,1020.0,1670.0,20.66
28016,Zambia,potato,2008,35714,1020.0,1670.0,20.66
28019,Zambia,maize,2009,20692,1020.0,1670.0,20.76
28020,Zambia,potato,2009,172628,1020.0,1670.0,20.76
28021,Zambia,rice,2009,16390,1020.0,1670.0,20.76
28024,Zambia,potato,2009,33057,1020.0,1670.0,20.76
28027,Zambia,maize,2010,25871,1020.0,1670.0,21.34
28028,Zambia,potato,2010,162228,1020.0,1670.0,21.34
28029,Zambia,rice,2010,16778,1020.0,1670.0,21.34
28032,Zambia,potato,2010,36651,1020.0,1670.0,21.34
28035,Zambia,maize,2011,27414,1020.0,1670.0,20.88
28036,Zambia,potato,2011,156005,1020.0,1670.0,20.88
28037,Zambia,rice,2011,17974,1020.0,1670.0,20.88
28040,Zambia,potato,2011,33930,1020.0,1670.0,20.88
28043,Zambia,maize,2012,26545,1020.0,1670.0,20.8
28044,Zambia,potato,2012,155862,1020.0,1670.0,20.8
28045,Zambia,rice,2012,17255,1020.0,1670.0,20.8
28048,Zambia,potato,2012,39181,1020.0,1670.0,20.8
28051,Zambia,maize,2013,25382,1020.0,1670.0,20.14
28052,Zambia,potato,2013,158337,1020.0,1670.0,20.14
28053,Zambia,rice,2013,11617,1020.0,1670.0,20.14
28056,Zambia,potato,2013,38873,1020.0,1670.0,20.14
28059,Zimbabwe,maize,1990,17206,657.0,5727.0,21.19
28060,Zimbabwe,potato,1990,158974,657.0,5727.0,21.19
28061,Zimbabwe,rice,1990,23400,657.0,5727.0,21.19
28064,Zimbabwe,potato,1990,21538,657.0,5727.0,21.19
28067,Zimbabwe,maize,1991,14400,657.0,6753.0,20.95
28068,Zimbabwe,potato,1991,156839,657.0,6753.0,20.95
28069,Zimbabwe,rice,1991,22500,657.0,6753.0,20.95
28072,Zimbabwe,potato,1991,21429,657.0,6753.0,20.95
28075,Zimbabwe,maize,1992,4108,657.0,3303.0,21.93
28076,Zimbabwe,potato,1992,156250,657.0,3303.0,21.93
28077,Zimbabwe,rice,1992,22222,657.0,3303.0,21.93
28080,Zimbabwe,potato,1992,20000,657.0,3303.0,21.93
28083,Zimbabwe,maize,1993,16526,657.0,1716.0,20.88
28084,Zimbabwe,potato,1993,157895,657.0,1716.0,20.88
28085,Zimbabwe,rice,1993,25000,657.0,1716.0,20.88
28088,Zimbabwe,potato,1993,21429,657.0,1716.0,20.88
28091,Zimbabwe,maize,1994,12133,657.0,1664.0,20.64
28092,Zimbabwe,potato,1994,158974,657.0,1664.0,20.64
28093,Zimbabwe,rice,1994,23871,657.0,1664.0,20.64
28096,Zimbabwe,potato,1994,21105,657.0,1664.0,20.64
28099,Zimbabwe,maize,1995,5949,657.0,2599.0,21.57
28100,Zimbabwe,potato,1995,157895,657.0,2599.0,21.57
28101,Zimbabwe,rice,1995,23246,657.0,2599.0,21.57
28104,Zimbabwe,potato,1995,21012,657.0,2599.0,21.57
28107,Zimbabwe,maize,1996,14150,657.0,2538.0,20.7
28108,Zimbabwe,potato,1996,157062,657.0,2538.0,20.7
28109,Zimbabwe,rice,1996,22727,657.0,2538.0,20.7
28112,Zimbabwe,potato,1996,20966,657.0,2538.0,20.7
28115,Zimbabwe,maize,1997,11043,657.0,2762.0,20.63
28116,Zimbabwe,potato,1997,156673,657.0,2762.0,20.63
28117,Zimbabwe,rice,1997,22133,657.0,2762.0,20.63
28120,Zimbabwe,potato,1997,20920,657.0,2762.0,20.63
28123,Zimbabwe,maize,1998,10125,657.0,2883.0,21.3
28124,Zimbabwe,potato,1998,152632,657.0,2883.0,21.3
28125,Zimbabwe,rice,1998,20000,657.0,2883.0,21.3
28128,Zimbabwe,potato,1998,20000,657.0,2883.0,21.3
28131,Zimbabwe,maize,1999,10870,657.0,2918.18,20.44
28132,Zimbabwe,potato,1999,157697,657.0,2918.18,20.44
28133,Zimbabwe,rice,1999,21457,657.0,2918.18,20.44
28136,Zimbabwe,potato,1999,20968,657.0,2918.18,20.44
28139,Zimbabwe,maize,2000,11795,657.0,2953.36,20.28
28140,Zimbabwe,potato,2000,160000,657.0,2953.36,20.28
28141,Zimbabwe,rice,2000,20000,657.0,2953.36,20.28
28144,Zimbabwe,potato,2000,21333,657.0,2953.36,20.28
28147,Zimbabwe,maize,2001,12309,657.0,2988.54,20.86
28148,Zimbabwe,potato,2001,157143,657.0,2988.54,20.86
28149,Zimbabwe,rice,2001,22070,657.0,2988.54,20.86
28152,Zimbabwe,potato,2001,21204,657.0,2988.54,20.86
28155,Zimbabwe,maize,2002,4554,657.0,3023.72,21.08
28156,Zimbabwe,potato,2002,159091,657.0,3023.72,21.08
28157,Zimbabwe,rice,2002,22618,657.0,3023.72,21.08
28160,Zimbabwe,potato,2002,21250,657.0,3023.72,21.08
28163,Zimbabwe,maize,2004,12965,657.0,3094.08,20.31
28164,Zimbabwe,potato,2004,161413,657.0,3094.08,20.31
28165,Zimbabwe,rice,2004,23149,657.0,3094.08,20.31
28168,Zimbabwe,potato,2004,21376,657.0,3094.08,20.31
28171,Zimbabwe,maize,2005,6195,657.0,3129.26,21.49
28172,Zimbabwe,potato,2005,162464,657.0,3129.26,21.49
28173,Zimbabwe,rice,2005,23165,657.0,3129.26,21.49
28176,Zimbabwe,potato,2005,21472,657.0,3129.26,21.49
28179,Zimbabwe,maize,2006,9772,657.0,3164.45,20.7
28180,Zimbabwe,potato,2006,163494,657.0,3164.45,20.7
28181,Zimbabwe,rice,2006,24000,657.0,3164.45,20.7
28184,Zimbabwe,potato,2006,21569,657.0,3164.45,20.7
28187,Zimbabwe,maize,2007,8651,657.0,3199.63,20.75
28188,Zimbabwe,potato,2007,164490,657.0,3199.63,20.75
28189,Zimbabwe,rice,2007,23058,657.0,3199.63,20.75
28192,Zimbabwe,potato,2007,21951,657.0,3199.63,20.75
28195,Zimbabwe,maize,2008,2867,657.0,3234.81,20.68
28196,Zimbabwe,potato,2008,165333,657.0,3234.81,20.68
28197,Zimbabwe,rice,2008,22951,657.0,3234.81,20.68
28200,Zimbabwe,potato,2008,21798,657.0,3234.81,20.68
28203,Zimbabwe,maize,2009,4642,657.0,3269.99,20.52
28204,Zimbabwe,potato,2009,166136,657.0,3269.99,20.52
28205,Zimbabwe,rice,2009,22857,657.0,3269.99,20.52
28208,Zimbabwe,potato,2009,21854,657.0,3269.99,20.52
28211,Zimbabwe,maize,2010,8751,657.0,3305.17,21.17
28212,Zimbabwe,potato,2010,166825,657.0,3305.17,21.17
28213,Zimbabwe,rice,2010,22775,657.0,3305.17,21.17
28216,Zimbabwe,potato,2010,21905,657.0,3305.17,21.17
28219,Zimbabwe,maize,2011,6568,657.0,3340.35,20.78
28220,Zimbabwe,potato,2011,167336,657.0,3340.35,20.78
28221,Zimbabwe,rice,2011,22704,657.0,3340.35,20.78
28224,Zimbabwe,potato,2011,21953,657.0,3340.35,20.78
28227,Zimbabwe,maize,2012,7912,657.0,3375.53,20.52
28228,Zimbabwe,potato,2012,171875,657.0,3375.53,20.52
28229,Zimbabwe,rice,2012,22581,657.0,3375.53,20.52
28232,Zimbabwe,potato,2012,22222,657.0,3375.53,20.52
28235,Zimbabwe,maize,2013,7449,657.0,2550.07,19.76
28236,Zimbabwe,potato,2013,165714,657.0,2550.07,19.76
28237,Zimbabwe,rice,2013,22581,657.0,2550.07,19.76
28240,Zimbabwe,potato,2013,22222,657.0,2550.07,19.76
